Workout DateTime,Program,Day Name,Exercise,Is Warmup Set?,Required Reps,Completed Reps,Is AMRAP?,Required RPE,Completed RPE,Log RPE?,Required Weight Value,Required Weight Unit,Completed Weight Value,Completed Weight Unit,Ask Weight?,Completed Reps Time,Target Muscles,Synergist Muscles,Notes
2026-07-25T23:40:12.046Z,GVS Ravage ,Week 4 - Day 2 - Torso A,Smith Machine Close Grip Larsen Press,1,5,3,0,,,0,60,lb,105,lb,0,2026-07-25T23:47:46.815Z,"Triceps Brachii,Pectoralis Major Sternal Head","Pectoralis Major Clavicular Head,Deltoid Anterior,Serratus Anterior",
2026-07-25T23:40:12.046Z,GVS Ravage ,Week 4 - Day 2 - Torso A,Smith Machine Close Grip Larsen Press,1,5,2,0,,,0,95,lb,155,lb,0,2026-07-25T23:47:50.791Z,"Triceps Brachii,Pectoralis Major Sternal Head","Pectoralis Major Clavicular Head,Deltoid Anterior,Serratus Anterior",
2026-07-25T23:40:12.046Z,GVS Ravage ,Week 4 - Day 2 - Torso A,Smith Machine Close Grip Larsen Press,0,8,5,0,9,9,1,120,lb,155,lb,0,2026-07-25T23:56:21.710Z,"Triceps Brachii,Pectoralis Major Sternal Head","Pectoralis Major Clavicular Head,Deltoid Anterior,Serratus Anterior",
2026-07-25T23:40:12.046Z,GVS Ravage ,Week 4 - Day 2 - Torso A,Smith Machine Close Grip Larsen Press,0,8,6,0,9,9,1,130,lb,155,lb,0,2026-07-26T00:11:14.364Z,"Triceps Brachii,Pectoralis Major Sternal Head","Pectoralis Major Clavicular Head,Deltoid Anterior,Serratus Anterior",
2026-07-25T23:40:12.046Z,GVS Ravage ,Week 4 - Day 2 - Torso A,Smith Machine Close Grip Larsen Press,0,8,4,0,9,9,1,130,lb,155,lb,0,2026-07-26T00:19:44.512Z,"Triceps Brachii,Pectoralis Major Sternal Head","Pectoralis Major Clavicular Head,Deltoid Anterior,Serratus Anterior",
2026-07-25T23:40:12.046Z,GVS Ravage ,Week 4 - Day 2 - Torso A,Narrow Pulldown,1,5,2,0,,,0,80,lb,120,lb,0,2026-07-25T23:48:56.333Z,Latissimus Dorsi,"Biceps Brachii,Brachialis,Brachioradialis,Trapezius Middle Fibers,Trapezius Lower Fibers,Teres Major,Deltoid Posterior",
2026-07-25T23:40:12.046Z,GVS Ravage ,Week 4 - Day 2 - Torso A,Narrow Pulldown,0,15,8,1,9,10,1,100,lb,120,lb,0,2026-07-26T00:12:56.217Z,Latissimus Dorsi,"Biceps Brachii,Brachialis,Brachioradialis,Trapezius Middle Fibers,Trapezius Lower Fibers,Teres Major,Deltoid Posterior",
2026-07-25T23:40:12.046Z,GVS Ravage ,Week 4 - Day 2 - Torso A,Narrow Pulldown,0,15,10,1,9,10,1,100,lb,120,lb,0,2026-07-26T00:12:52.424Z,Latissimus Dorsi,"Biceps Brachii,Brachialis,Brachioradialis,Trapezius Middle Fibers,Trapezius Lower Fibers,Teres Major,Deltoid Posterior",
2026-07-25T23:40:12.046Z,GVS Ravage ,Week 4 - Day 2 - Torso A,Narrow Pulldown,0,15,9,1,9,9.5,1,100,lb,120,lb,0,2026-07-26T00:20:45.334Z,Latissimus Dorsi,"Biceps Brachii,Brachialis,Brachioradialis,Trapezius Middle Fibers,Trapezius Lower Fibers,Teres Major,Deltoid Posterior",
2026-07-25T23:40:12.046Z,GVS Ravage ,Week 4 - Day 2 - Torso A,Smith Reverse Grip Bench,0,12,6,0,9,9,1,90,lb,105,lb,0,2026-07-26T00:25:49.909Z,"Pectoralis Major Clavicular Head,Triceps Brachii","Deltoid Anterior,Pectoralis Major Sternal Head",
2026-07-25T23:40:12.046Z,GVS Ravage ,Week 4 - Day 2 - Torso A,Smith Reverse Grip Bench,0,12,6,0,9,9,1,90,lb,105,lb,0,2026-07-26T00:36:28.910Z,"Pectoralis Major Clavicular Head,Triceps Brachii","Deltoid Anterior,Pectoralis Major Sternal Head",
2026-07-25T23:40:12.046Z,GVS Ravage ,Week 4 - Day 2 - Torso A,Machine Pulldown,0,15,10,0,9,10,1,135,lb,135,lb,0,2026-07-26T00:27:13.412Z,Latissimus Dorsi,"Trapezius Middle Fibers,Trapezius Lower Fibers,Deltoid Posterior,Biceps Brachii,Brachialis,Brachioradialis",Wide Grip
2026-07-25T23:40:12.046Z,GVS Ravage ,Week 4 - Day 2 - Torso A,Machine Pulldown,0,15,8,0,9,10,1,130,lb,135,lb,0,2026-07-26T00:38:44.105Z,Latissimus Dorsi,"Trapezius Middle Fibers,Trapezius Lower Fibers,Deltoid Posterior,Biceps Brachii,Brachialis,Brachioradialis",Wide Grip
2026-07-25T23:40:12.046Z,GVS Ravage ,Week 4 - Day 2 - Torso A,Cable Crossover,0,15,9,0,10,10,1,25,lb,20,lb,0,2026-07-26T00:40:53.702Z,Pectoralis Major Sternal Head,"Deltoid Anterior,Latissimus Dorsi,Levator Scapulae,Pectoralis Major Clavicular Head",
2026-07-25T23:40:12.046Z,GVS Ravage ,Week 4 - Day 2 - Torso A,Cable Crossover,0,15,6,0,10,10,1,25,lb,20,lb,0,2026-07-26T00:47:13.826Z,Pectoralis Major Sternal Head,"Deltoid Anterior,Latissimus Dorsi,Levator Scapulae,Pectoralis Major Clavicular Head",
2026-07-25T23:40:12.046Z,GVS Ravage ,Week 4 - Day 2 - Torso A,Bent Over One Arm Row,0,15,7,0,10,10,1,50,lb,50,lb,0,2026-07-26T00:43:12.219Z,"Latissimus Dorsi,Trapezius Lower Fibers,Trapezius Middle Fibers","Infraspinatus,Teres Major,Teres Minor,Brachialis,Brachioradialis,Deltoid Posterior,Pectoralis Major Sternal Head",
2026-07-25T23:40:12.046Z,GVS Ravage ,Week 4 - Day 2 - Torso A,Bent Over One Arm Row,0,15,10,0,10,10,1,37.5,lb,50,lb,0,2026-07-26T00:50:55.205Z,"Latissimus Dorsi,Trapezius Lower Fibers,Trapezius Middle Fibers","Infraspinatus,Teres Major,Teres Minor,Brachialis,Brachioradialis,Deltoid Posterior,Pectoralis Major Sternal Head",
2026-07-25T23:40:12.046Z,GVS Ravage ,Week 4 - Day 2 - Torso A,"Pullover, Cable",0,20,20,0,10,10,1,22.5,lb,40,lb,0,2026-07-26T00:52:42.915Z,Latissimus Dorsi,"Deltoid Posterior,Levator Scapulae,Pectoralis Major Sternal Head,Serratus Anterior,Teres Major,Trapezius Middle Fibers,Triceps Brachii",
2026-07-25T23:40:12.046Z,GVS Ravage ,Week 4 - Day 2 - Torso A,"Pullover, Cable",0,20,20,0,10,10,1,27.5,lb,42.5,lb,0,2026-07-26T01:00:35.172Z,Latissimus Dorsi,"Deltoid Posterior,Levator Scapulae,Pectoralis Major Sternal Head,Serratus Anterior,Teres Major,Trapezius Middle Fibers,Triceps Brachii",
2026-07-24T00:30:00.339Z,GVS Ravage ,Week 4 - Day 1 - Legs A,"Hack Squat, Smith Machine",1,5,3,0,,,0,60,lb,55,lb,0,2026-07-24T00:30:07.366Z,Quadriceps,"Adductor Magnus,Gluteus Maximus,Soleus",
2026-07-24T00:30:00.339Z,GVS Ravage ,Week 4 - Day 1 - Legs A,"Hack Squat, Smith Machine",1,3,2,0,,,0,55,lb,105,lb,0,2026-07-24T00:32:57.304Z,Quadriceps,"Adductor Magnus,Gluteus Maximus,Soleus",
2026-07-24T00:30:00.339Z,GVS Ravage ,Week 4 - Day 1 - Legs A,"Hack Squat, Smith Machine",0,10,10,0,8,9,1,77.5,lb,145,lb,0,2026-07-24T00:52:02.748Z,Quadriceps,"Adductor Magnus,Gluteus Maximus,Soleus",
2026-07-24T00:30:00.339Z,GVS Ravage ,Week 4 - Day 1 - Legs A,"Hack Squat, Smith Machine",0,15,10,0,8,9,1,57.5,lb,105,lb,0,2026-07-24T00:51:30.895Z,Quadriceps,"Adductor Magnus,Gluteus Maximus,Soleus",
2026-07-24T00:30:00.339Z,GVS Ravage ,Week 4 - Day 1 - Legs A,"Hack Squat, Smith Machine",0,15,12,0,8,9,1,57.5,lb,105,lb,0,2026-07-24T01:02:09.293Z,Quadriceps,"Adductor Magnus,Gluteus Maximus,Soleus",
2026-07-24T00:30:00.339Z,GVS Ravage ,Week 4 - Day 1 - Legs A,"Stiff Leg Deadlift, Dumbbell",1,,2,0,,,0,,,70,lb,0,2026-07-24T01:10:09.781Z,Erector Spinae,"Adductor Magnus,Gluteus Maximus,Hamstrings",
2026-07-24T00:30:00.339Z,GVS Ravage ,Week 4 - Day 1 - Legs A,"Stiff Leg Deadlift, Dumbbell",0,15,8,0,9,9.5,1,70,lb,70,lb,0,2026-07-24T01:21:26.363Z,Erector Spinae,"Adductor Magnus,Gluteus Maximus,Hamstrings",
2026-07-24T00:30:00.339Z,GVS Ravage ,Week 4 - Day 1 - Legs A,"Stiff Leg Deadlift, Dumbbell",0,15,8,0,9,9.5,1,70,lb,70,lb,0,2026-07-24T01:27:18.698Z,Erector Spinae,"Adductor Magnus,Gluteus Maximus,Hamstrings",
2026-07-24T00:30:00.339Z,GVS Ravage ,Week 4 - Day 1 - Legs A,Walking Lunge,0,30,9,0,10,10,1,15,lb,20,lb,0,2026-07-24T01:28:48.190Z,Quadriceps,"Gastrocnemius,Gluteus Maximus,Hamstrings,Soleus",
2026-07-24T00:30:00.339Z,GVS Ravage ,Week 4 - Day 1 - Legs A,Walking Lunge,0,30,9,0,10,10,1,15,lb,20,lb,0,2026-07-24T01:33:00.956Z,Quadriceps,"Gastrocnemius,Gluteus Maximus,Hamstrings,Soleus",
2026-07-24T00:30:00.339Z,GVS Ravage ,Week 4 - Day 1 - Legs A,Lying Leg Curl,0,12,8,0,10,10,1,0,lb,97.5,lb,0,2026-07-24T01:34:04.795Z,Hamstrings,"Gastrocnemius,Quadriceps",
2026-07-24T00:30:00.339Z,GVS Ravage ,Week 4 - Day 1 - Legs A,Lying Leg Curl,0,12,8,0,10,10,1,0,lb,90,lb,0,2026-07-24T01:37:03.750Z,Hamstrings,"Gastrocnemius,Quadriceps",
2026-07-23T00:25:35.043Z,GVS Ravage ,Week 3 - Day 6 - Bro Day B,Hammer Curl,1,5,2,0,,,0,10,lb,25,lb,0,2026-07-23T00:27:25.265Z,Brachioradialis,"Biceps Brachii,Brachialis",
2026-07-23T00:25:35.043Z,GVS Ravage ,Week 3 - Day 6 - Bro Day B,Hammer Curl,0,20,12,0,10,10,1,12.5,lb,25,lb,0,2026-07-23T00:33:22.832Z,Brachioradialis,"Biceps Brachii,Brachialis",
2026-07-23T00:25:35.043Z,GVS Ravage ,Week 3 - Day 6 - Bro Day B,Hammer Curl,0,20,13,0,10,10,1,12.5,lb,25,lb,0,2026-07-23T00:39:57.237Z,Brachioradialis,"Biceps Brachii,Brachialis",
2026-07-23T00:25:35.043Z,GVS Ravage ,Week 3 - Day 6 - Bro Day B,"Triceps Extension, Cable",1,,2,0,,,0,,,57.5,lb,0,2026-07-23T00:28:17.438Z,Triceps Brachii,,
2026-07-23T00:25:35.043Z,GVS Ravage ,Week 3 - Day 6 - Bro Day B,"Triceps Extension, Cable",0,15,8,0,10,10,1,10,lb,57.5,lb,0,2026-07-23T00:35:24.772Z,Triceps Brachii,,
2026-07-23T00:25:35.043Z,GVS Ravage ,Week 3 - Day 6 - Bro Day B,"Triceps Extension, Cable",0,15,9,0,10,10,1,10,lb,57.5,lb,0,2026-07-23T00:42:14.143Z,Triceps Brachii,,
2026-07-23T00:25:35.043Z,GVS Ravage ,Week 3 - Day 6 - Bro Day B,Bicep Curl,0,12,9,0,10,10,1,12.5,lb,25,lb,0,2026-07-23T00:50:56.262Z,Biceps Brachii,"Brachialis,Brachioradialis",
2026-07-23T00:25:35.043Z,GVS Ravage ,Week 3 - Day 6 - Bro Day B,Bicep Curl,0,12,8,0,10,10,1,12.5,lb,25,lb,0,2026-07-23T01:03:39.182Z,Biceps Brachii,"Brachialis,Brachioradialis",
2026-07-23T00:25:35.043Z,GVS Ravage ,Week 3 - Day 6 - Bro Day B,Triceps Pushdown,0,15,8,0,10,10,1,22.5,lb,62.5,lb,0,2026-07-23T00:52:29.343Z,Triceps Brachii,,
2026-07-23T00:25:35.043Z,GVS Ravage ,Week 3 - Day 6 - Bro Day B,Triceps Pushdown,0,15,6,0,10,10,1,22.5,lb,62.5,lb,0,2026-07-23T01:04:46.209Z,Triceps Brachii,,
2026-07-23T00:25:35.043Z,GVS Ravage ,Week 3 - Day 6 - Bro Day B,Lateral Raise,1,,2,0,,,0,,,15,lb,0,2026-07-23T01:05:26.927Z,Deltoid Lateral,"Deltoid Anterior,Serratus Anterior,Trapezius Lower Fibers,Trapezius Middle Fibers",
2026-07-23T00:25:35.043Z,GVS Ravage ,Week 3 - Day 6 - Bro Day B,Lateral Raise,0,20,11,0,10,10,1,10,lb,15,lb,0,2026-07-23T01:08:01.746Z,Deltoid Lateral,"Deltoid Anterior,Serratus Anterior,Trapezius Lower Fibers,Trapezius Middle Fibers",
2026-07-23T00:25:35.043Z,GVS Ravage ,Week 3 - Day 6 - Bro Day B,Lateral Raise,0,20,10,0,10,10,1,10,lb,15,lb,0,2026-07-23T01:11:34.656Z,Deltoid Lateral,"Deltoid Anterior,Serratus Anterior,Trapezius Lower Fibers,Trapezius Middle Fibers",
2026-07-23T00:25:35.043Z,GVS Ravage ,Week 3 - Day 6 - Bro Day B,Lu Lateral Raise,0,15,8,0,10,10,1,10,lb,10,lb,0,2026-07-23T01:13:36.236Z,Deltoid Lateral,"Deltoid Anterior,Deltoid Posterior,Serratus Anterior,Trapezius Middle Fibers,Trapezius Lower Fibers",
2026-07-23T00:25:35.043Z,GVS Ravage ,Week 3 - Day 6 - Bro Day B,Lu Lateral Raise,0,15,7,0,10,10,1,10,lb,10,lb,0,2026-07-23T01:16:56.402Z,Deltoid Lateral,"Deltoid Anterior,Deltoid Posterior,Serratus Anterior,Trapezius Middle Fibers,Trapezius Lower Fibers",
2026-07-23T00:25:35.043Z,GVS Ravage ,Week 3 - Day 6 - Bro Day B,Cable Rear Delt One-Arm Row,0,20,15,0,10,10,1,15,lb,15,lb,0,2026-07-23T01:18:40.311Z,,,
2026-07-23T00:25:35.043Z,GVS Ravage ,Week 3 - Day 6 - Bro Day B,Cable Rear Delt One-Arm Row,0,20,12,0,10,10,1,15,lb,15,lb,0,2026-07-23T01:22:06.621Z,,,
2026-07-23T00:25:35.043Z,GVS Ravage ,Week 3 - Day 6 - Bro Day B,Neck Flexion,0,20,,0,10,,1,5,lb,,,0,,Sternocleidomastoid,,
2026-07-23T00:25:35.043Z,GVS Ravage ,Week 3 - Day 6 - Bro Day B,"Wrist Curl, Dumbbell",0,20,,0,10,,1,22.5,lb,,,0,,Wrist Flexors,,
2026-07-22T00:12:58.513Z,GVS Ravage ,Week 3 - Day 5 - Torso B,"Bench Press, Dumbbell",1,5,2,0,,,0,55,lb,60,lb,0,2026-07-22T00:18:53.247Z,Pectoralis Major Sternal Head,"Deltoid Anterior,Pectoralis Major Clavicular Head,Triceps Brachii",
2026-07-22T00:12:58.513Z,GVS Ravage ,Week 3 - Day 5 - Torso B,"Bench Press, Dumbbell",0,12,12,0,9,9,1,70,lb,60,lb,0,2026-07-22T00:27:47.310Z,Pectoralis Major Sternal Head,"Deltoid Anterior,Pectoralis Major Clavicular Head,Triceps Brachii",
2026-07-22T00:12:58.513Z,GVS Ravage ,Week 3 - Day 5 - Torso B,"Bench Press, Dumbbell",0,12,9,0,9,9,1,70,lb,60,lb,0,2026-07-22T00:38:32.214Z,Pectoralis Major Sternal Head,"Deltoid Anterior,Pectoralis Major Clavicular Head,Triceps Brachii",
2026-07-22T00:12:58.513Z,GVS Ravage ,Week 3 - Day 5 - Torso B,Machine Pulldown,1,5,2,0,,,0,105,lb,120,lb,0,2026-07-22T00:20:16.122Z,Latissimus Dorsi,"Trapezius Middle Fibers,Trapezius Lower Fibers,Deltoid Posterior,Biceps Brachii,Brachialis,Brachioradialis",
2026-07-22T00:12:58.513Z,GVS Ravage ,Week 3 - Day 5 - Torso B,Machine Pulldown,0,15,15,0,10,9.5,1,130,lb,120,lb,0,2026-07-22T00:29:55.825Z,Latissimus Dorsi,"Trapezius Middle Fibers,Trapezius Lower Fibers,Deltoid Posterior,Biceps Brachii,Brachialis,Brachioradialis",
2026-07-22T00:12:58.513Z,GVS Ravage ,Week 3 - Day 5 - Torso B,Machine Pulldown,0,15,8,0,10,10,1,130,lb,135,lb,0,2026-07-22T00:39:35.972Z,Latissimus Dorsi,"Trapezius Middle Fibers,Trapezius Lower Fibers,Deltoid Posterior,Biceps Brachii,Brachialis,Brachioradialis",
2026-07-22T00:12:58.513Z,GVS Ravage ,Week 3 - Day 5 - Torso B,"Chest Press, Leverage Machine",0,12,9,0,9,10,1,18.75,lb,142.5,lb,0,2026-07-22T00:44:35.118Z,Pectoralis Major Sternal Head,"Deltoid Anterior,Pectoralis Major Clavicular Head,Triceps Brachii",
2026-07-22T00:12:58.513Z,GVS Ravage ,Week 3 - Day 5 - Torso B,"Chest Press, Leverage Machine",0,12,7,0,9,10,1,18.75,lb,142.5,lb,0,2026-07-22T00:49:41.507Z,Pectoralis Major Sternal Head,"Deltoid Anterior,Pectoralis Major Clavicular Head,Triceps Brachii",
2026-07-22T00:12:58.513Z,GVS Ravage ,Week 3 - Day 5 - Torso B,Helms Row,0,20,10,0,10,10,1,45,lb,45,lb,0,2026-07-22T00:46:02.761Z,"Latissimus Dorsi,Trapezius Middle Fibers","Deltoid Posterior,Biceps Brachii,Brachialis,Brachioradialis",
2026-07-22T00:12:58.513Z,GVS Ravage ,Week 3 - Day 5 - Torso B,Helms Row,0,20,8,0,10,10,1,45,lb,45,lb,0,2026-07-22T00:55:15.093Z,"Latissimus Dorsi,Trapezius Middle Fibers","Deltoid Posterior,Biceps Brachii,Brachialis,Brachioradialis",
2026-07-22T00:12:58.513Z,GVS Ravage ,Week 3 - Day 5 - Torso B,Shoulder Press,1,5,2,0,,,0,17.5,lb,40,lb,0,2026-07-22T00:57:04.458Z,Deltoid Anterior,"Deltoid Lateral,Pectoralis Major Clavicular Head,Serratus Anterior,Trapezius Lower Fibers,Trapezius Middle Fibers,Triceps Brachii",
2026-07-22T00:12:58.513Z,GVS Ravage ,Week 3 - Day 5 - Torso B,Shoulder Press,0,12,9,0,9,10,1,22.5,lb,40,lb,0,2026-07-22T01:03:34.859Z,Deltoid Anterior,"Deltoid Lateral,Pectoralis Major Clavicular Head,Serratus Anterior,Trapezius Lower Fibers,Trapezius Middle Fibers,Triceps Brachii",
2026-07-22T00:12:58.513Z,GVS Ravage ,Week 3 - Day 5 - Torso B,Shoulder Press,0,12,8,0,9,10,1,22.5,lb,40,lb,0,2026-07-22T01:08:21.987Z,Deltoid Anterior,"Deltoid Lateral,Pectoralis Major Clavicular Head,Serratus Anterior,Trapezius Lower Fibers,Trapezius Middle Fibers,Triceps Brachii",
2026-07-22T00:12:58.513Z,GVS Ravage ,Week 3 - Day 5 - Torso B,Seated Row,1,,3,0,,,0,,,80,lb,0,2026-07-22T00:58:39.059Z,"Latissimus Dorsi,Trapezius Lower Fibers,Trapezius Middle Fibers","Brachialis,Brachioradialis,Deltoid Posterior,Erector Spinae,Infraspinatus,Pectoralis Major Sternal Head,Teres Major,Teres Minor",
2026-07-22T00:12:58.513Z,GVS Ravage ,Week 3 - Day 5 - Torso B,Seated Row,0,20,20,0,10,6.5,1,77.5,lb,80,lb,0,2026-07-22T01:04:42.148Z,"Latissimus Dorsi,Trapezius Lower Fibers,Trapezius Middle Fibers","Brachialis,Brachioradialis,Deltoid Posterior,Erector Spinae,Infraspinatus,Pectoralis Major Sternal Head,Teres Major,Teres Minor",
2026-07-22T00:12:58.513Z,GVS Ravage ,Week 3 - Day 5 - Torso B,Seated Row,0,20,12,0,10,10,1,80,lb,82.5,lb,0,2026-07-22T01:09:03.996Z,"Latissimus Dorsi,Trapezius Lower Fibers,Trapezius Middle Fibers","Brachialis,Brachioradialis,Deltoid Posterior,Erector Spinae,Infraspinatus,Pectoralis Major Sternal Head,Teres Major,Teres Minor",
2026-07-21T00:41:19.268Z,GVS Ravage ,Week 3 - Day 4 - Legs B,"Squat, Smith Machine",1,5,3,0,,,0,45,lb,105,lb,0,2026-07-21T00:43:49.703Z,Quadriceps,"Adductor Magnus,Gluteus Maximus,Soleus",
2026-07-21T00:41:19.268Z,GVS Ravage ,Week 3 - Day 4 - Legs B,"Squat, Smith Machine",1,5,2,0,,,0,102.5,lb,155,lb,0,2026-07-21T00:45:01.785Z,Quadriceps,"Adductor Magnus,Gluteus Maximus,Soleus",
2026-07-21T00:41:19.268Z,GVS Ravage ,Week 3 - Day 4 - Legs B,"Squat, Smith Machine",1,2,1,0,,,0,175,lb,175,lb,0,2026-07-21T00:46:32.690Z,Quadriceps,"Adductor Magnus,Gluteus Maximus,Soleus",
2026-07-21T00:41:19.268Z,GVS Ravage ,Week 3 - Day 4 - Legs B,"Squat, Smith Machine",0,8,5,0,9,9.5,1,130,lb,175,lb,0,2026-07-21T00:50:54.009Z,Quadriceps,"Adductor Magnus,Gluteus Maximus,Soleus",
2026-07-21T00:41:19.268Z,GVS Ravage ,Week 3 - Day 4 - Legs B,"Squat, Smith Machine",0,8,4,0,9,9,1,130,lb,175,lb,0,2026-07-21T00:57:13.035Z,Quadriceps,"Adductor Magnus,Gluteus Maximus,Soleus",
2026-07-21T00:41:19.268Z,GVS Ravage ,Week 3 - Day 4 - Legs B,"Standing Calf Raise, Barbell",1,5,3,0,,,0,80,lb,175,lb,0,2026-07-21T00:59:24.327Z,Gastrocnemius,Soleus,
2026-07-21T00:41:19.268Z,GVS Ravage ,Week 3 - Day 4 - Legs B,"Standing Calf Raise, Barbell",1,5,2,0,,,0,127.5,lb,195,lb,0,2026-07-21T00:59:54.715Z,Gastrocnemius,Soleus,
2026-07-21T00:41:19.268Z,GVS Ravage ,Week 3 - Day 4 - Legs B,"Standing Calf Raise, Barbell",0,20,20,0,10,10,1,160,lb,195,lb,0,2026-07-21T01:03:09.938Z,Gastrocnemius,Soleus,
2026-07-21T00:41:19.268Z,GVS Ravage ,Week 3 - Day 4 - Legs B,Romanian Deadlift,1,5,2,0,,,0,55,lb,65,lb,0,2026-07-21T01:05:21.795Z,Gluteus Maximus,"Adductor Magnus,Erector Spinae,Hamstrings",
2026-07-21T00:41:19.268Z,GVS Ravage ,Week 3 - Day 4 - Legs B,Romanian Deadlift,0,12,12,0,9,9,1,70,lb,65,lb,0,2026-07-21T01:09:43.266Z,Gluteus Maximus,"Adductor Magnus,Erector Spinae,Hamstrings",
2026-07-21T00:41:19.268Z,GVS Ravage ,Week 3 - Day 4 - Legs B,Romanian Deadlift,0,12,12,0,9,9,1,70,lb,65,lb,0,2026-07-21T01:16:13.095Z,Gluteus Maximus,"Adductor Magnus,Erector Spinae,Hamstrings",
2026-07-21T00:41:19.268Z,GVS Ravage ,Week 3 - Day 4 - Legs B,Lying Leg Curl,0,15,7,0,10,10,1,40,lb,90,lb,0,2026-07-21T01:18:13.516Z,Hamstrings,"Gastrocnemius,Quadriceps",
2026-07-21T00:41:19.268Z,GVS Ravage ,Week 3 - Day 4 - Legs B,Lying Leg Curl,0,15,8,0,10,10,1,0,lb,90,lb,0,2026-07-21T01:23:16.936Z,Hamstrings,"Gastrocnemius,Quadriceps",
2026-07-21T00:41:19.268Z,GVS Ravage ,Week 3 - Day 4 - Legs B,Leg Extension,0,20,8,0,10,10,1,30,lb,90,lb,0,2026-07-21T01:19:56.961Z,Quadriceps,,
2026-07-21T00:41:19.268Z,GVS Ravage ,Week 3 - Day 4 - Legs B,Leg Extension,0,20,9,0,10,10,1,30,lb,90,lb,0,2026-07-21T01:24:36.282Z,Quadriceps,,
2026-07-20T00:04:45.749Z,GVS Ravage ,Week 3 - Day 3 - Bro Day A,Hammer Curl,1,5,2,0,,,0,20,lb,25,lb,0,2026-07-20T00:08:13.026Z,Brachioradialis,"Biceps Brachii,Brachialis",
2026-07-20T00:04:45.749Z,GVS Ravage ,Week 3 - Day 3 - Bro Day A,Hammer Curl,0,20,12,0,10,10,1,25,lb,25,lb,0,2026-07-20T00:13:36.701Z,Brachioradialis,"Biceps Brachii,Brachialis",
2026-07-20T00:04:45.749Z,GVS Ravage ,Week 3 - Day 3 - Bro Day A,Hammer Curl,0,20,12,0,10,10,1,12.5,lb,25,lb,0,2026-07-20T00:20:01.266Z,Brachioradialis,"Biceps Brachii,Brachialis",
2026-07-20T00:04:45.749Z,GVS Ravage ,Week 3 - Day 3 - Bro Day A,Triceps Pushdown,1,5,2,0,,,0,47.5,lb,62.5,lb,0,2026-07-20T00:09:29.653Z,Triceps Brachii,,
2026-07-20T00:04:45.749Z,GVS Ravage ,Week 3 - Day 3 - Bro Day A,Triceps Pushdown,0,15,7,0,10,10,1,60,lb,62.5,lb,0,2026-07-20T00:14:41.225Z,Triceps Brachii,,
2026-07-20T00:04:45.749Z,GVS Ravage ,Week 3 - Day 3 - Bro Day A,Triceps Pushdown,0,15,9,0,10,10,1,22.5,lb,62.5,lb,0,2026-07-20T00:20:37.775Z,Triceps Brachii,,
2026-07-20T00:04:45.749Z,GVS Ravage ,Week 3 - Day 3 - Bro Day A,Incline Curl,0,10,6,0,10,10,1,20,lb,25,lb,0,2026-07-20T00:24:51.095Z,Biceps Brachii,"Brachialis,Brachioradialis",
2026-07-20T00:04:45.749Z,GVS Ravage ,Week 3 - Day 3 - Bro Day A,Incline Curl,0,10,5,0,10,10,1,12.5,lb,25,lb,0,2026-07-20T00:31:20.050Z,Biceps Brachii,"Brachialis,Brachioradialis",
2026-07-20T00:04:45.749Z,GVS Ravage ,Week 3 - Day 3 - Bro Day A,"Triceps Extension, Cable",0,15,11,0,10,10,1,47.5,lb,57.5,lb,0,2026-07-20T00:28:55.410Z,Triceps Brachii,,
2026-07-20T00:04:45.749Z,GVS Ravage ,Week 3 - Day 3 - Bro Day A,"Triceps Extension, Cable",0,15,8,0,10,10,1,47.5,lb,57.5,lb,0,2026-07-20T00:37:33.997Z,Triceps Brachii,,
2026-07-20T00:04:45.749Z,GVS Ravage ,Week 3 - Day 3 - Bro Day A,Lateral Raise,1,5,2,0,,,0,20,lb,15,lb,0,2026-07-20T00:39:47.421Z,Deltoid Lateral,"Deltoid Anterior,Serratus Anterior,Trapezius Lower Fibers,Trapezius Middle Fibers",
2026-07-20T00:04:45.749Z,GVS Ravage ,Week 3 - Day 3 - Bro Day A,Lateral Raise,0,15,11,0,10,10,1,25,lb,15,lb,0,2026-07-20T00:42:37.830Z,Deltoid Lateral,"Deltoid Anterior,Serratus Anterior,Trapezius Lower Fibers,Trapezius Middle Fibers",
2026-07-20T00:04:45.749Z,GVS Ravage ,Week 3 - Day 3 - Bro Day A,Lateral Raise,0,15,12,0,10,10,1,25,lb,15,lb,0,2026-07-20T00:44:53.453Z,Deltoid Lateral,"Deltoid Anterior,Serratus Anterior,Trapezius Lower Fibers,Trapezius Middle Fibers",
2026-07-20T00:04:45.749Z,GVS Ravage ,Week 3 - Day 3 - Bro Day A,Upright Row,1,5,2,0,,,0,20,lb,25,lb,0,2026-07-20T00:45:36.610Z,Deltoid Lateral,"Biceps Brachii,Brachialis,Brachioradialis,Deltoid Anterior,Infraspinatus,Serratus Anterior,Teres Minor,Trapezius Lower Fibers,Trapezius Middle Fibers",
2026-07-20T00:04:45.749Z,GVS Ravage ,Week 3 - Day 3 - Bro Day A,Upright Row,0,20,17,0,10,10,1,25,lb,25,lb,0,2026-07-20T00:48:10.227Z,Deltoid Lateral,"Biceps Brachii,Brachialis,Brachioradialis,Deltoid Anterior,Infraspinatus,Serratus Anterior,Teres Minor,Trapezius Lower Fibers,Trapezius Middle Fibers",
2026-07-20T00:04:45.749Z,GVS Ravage ,Week 3 - Day 3 - Bro Day A,Upright Row,0,20,11,0,10,10,1,10,lb,25,lb,0,2026-07-20T00:50:53.730Z,Deltoid Lateral,"Biceps Brachii,Brachialis,Brachioradialis,Deltoid Anterior,Infraspinatus,Serratus Anterior,Teres Minor,Trapezius Lower Fibers,Trapezius Middle Fibers",
2026-07-19T00:52:28.335Z,GVS Ravage ,Week 3 - Day 2 - Torso A,Smith Machine Close Grip Larsen Press,1,5,3,0,,,0,60,lb,105,lb,0,2026-07-19T01:00:29.602Z,"Triceps Brachii,Pectoralis Major Sternal Head","Pectoralis Major Clavicular Head,Deltoid Anterior,Serratus Anterior",
2026-07-19T00:52:28.335Z,GVS Ravage ,Week 3 - Day 2 - Torso A,Smith Machine Close Grip Larsen Press,1,5,2,0,,,0,95,lb,145,lb,0,2026-07-19T01:01:07.380Z,"Triceps Brachii,Pectoralis Major Sternal Head","Pectoralis Major Clavicular Head,Deltoid Anterior,Serratus Anterior",
2026-07-19T00:52:28.335Z,GVS Ravage ,Week 3 - Day 2 - Torso A,Smith Machine Close Grip Larsen Press,0,8,8,0,9,9.5,1,120,lb,145,lb,0,2026-07-19T01:13:05.334Z,"Triceps Brachii,Pectoralis Major Sternal Head","Pectoralis Major Clavicular Head,Deltoid Anterior,Serratus Anterior",
2026-07-19T00:52:28.335Z,GVS Ravage ,Week 3 - Day 2 - Torso A,Smith Machine Close Grip Larsen Press,0,8,7,0,9,9.5,1,130,lb,145,lb,0,2026-07-19T01:20:02.558Z,"Triceps Brachii,Pectoralis Major Sternal Head","Pectoralis Major Clavicular Head,Deltoid Anterior,Serratus Anterior",
2026-07-19T00:52:28.335Z,GVS Ravage ,Week 3 - Day 2 - Torso A,Smith Machine Close Grip Larsen Press,0,8,6,0,9,9,1,130,lb,145,lb,0,2026-07-19T01:34:23.941Z,"Triceps Brachii,Pectoralis Major Sternal Head","Pectoralis Major Clavicular Head,Deltoid Anterior,Serratus Anterior",
2026-07-19T00:52:28.335Z,GVS Ravage ,Week 3 - Day 2 - Torso A,Narrow Pulldown,1,5,2,0,,,0,80,lb,112.5,lb,0,2026-07-19T01:06:19.857Z,Latissimus Dorsi,"Biceps Brachii,Brachialis,Brachioradialis,Trapezius Middle Fibers,Trapezius Lower Fibers,Teres Major,Deltoid Posterior",
2026-07-19T00:52:28.335Z,GVS Ravage ,Week 3 - Day 2 - Torso A,Narrow Pulldown,0,15,15,1,9,9.5,1,100,lb,112.5,lb,0,2026-07-19T01:14:49.063Z,Latissimus Dorsi,"Biceps Brachii,Brachialis,Brachioradialis,Trapezius Middle Fibers,Trapezius Lower Fibers,Teres Major,Deltoid Posterior",
2026-07-19T00:52:28.335Z,GVS Ravage ,Week 3 - Day 2 - Torso A,Narrow Pulldown,0,15,15,1,9,9.5,1,100,lb,112.5,lb,0,2026-07-19T01:22:13.518Z,Latissimus Dorsi,"Biceps Brachii,Brachialis,Brachioradialis,Trapezius Middle Fibers,Trapezius Lower Fibers,Teres Major,Deltoid Posterior",
2026-07-19T00:52:28.335Z,GVS Ravage ,Week 3 - Day 2 - Torso A,Narrow Pulldown,0,15,10,1,9,10,1,100,lb,112.5,lb,0,2026-07-19T01:35:28.119Z,Latissimus Dorsi,"Biceps Brachii,Brachialis,Brachioradialis,Trapezius Middle Fibers,Trapezius Lower Fibers,Teres Major,Deltoid Posterior",
2026-07-19T00:52:28.335Z,GVS Ravage ,Week 3 - Day 2 - Torso A,Smith Reverse Grip Bench,0,12,11,0,9,9,1,90,lb,105,lb,0,2026-07-19T01:38:24.623Z,"Pectoralis Major Clavicular Head,Triceps Brachii","Deltoid Anterior,Pectoralis Major Sternal Head",
2026-07-19T00:52:28.335Z,GVS Ravage ,Week 3 - Day 2 - Torso A,Smith Reverse Grip Bench,0,12,10,0,9,9,1,90,lb,105,lb,0,2026-07-19T01:47:37.648Z,"Pectoralis Major Clavicular Head,Triceps Brachii","Deltoid Anterior,Pectoralis Major Sternal Head",
2026-07-19T00:52:28.335Z,GVS Ravage ,Week 3 - Day 2 - Torso A,Machine Pulldown,0,15,10,0,9,10,1,135,lb,120,lb,0,2026-07-19T01:39:51.908Z,Latissimus Dorsi,"Trapezius Middle Fibers,Trapezius Lower Fibers,Deltoid Posterior,Biceps Brachii,Brachialis,Brachioradialis",
2026-07-19T00:52:28.335Z,GVS Ravage ,Week 3 - Day 2 - Torso A,Machine Pulldown,0,15,12,0,9,10,1,130,lb,120,lb,0,2026-07-19T01:50:08.217Z,Latissimus Dorsi,"Trapezius Middle Fibers,Trapezius Lower Fibers,Deltoid Posterior,Biceps Brachii,Brachialis,Brachioradialis",
2026-07-19T00:52:28.335Z,GVS Ravage ,Week 3 - Day 2 - Torso A,Cable Crossover,0,15,10,0,10,10,1,25,lb,20,lb,0,2026-07-19T01:54:00.304Z,Pectoralis Major Sternal Head,"Deltoid Anterior,Latissimus Dorsi,Levator Scapulae,Pectoralis Major Clavicular Head",
2026-07-19T00:52:28.335Z,GVS Ravage ,Week 3 - Day 2 - Torso A,Cable Crossover,0,15,7,0,10,10,1,25,lb,20,lb,0,2026-07-19T02:00:21.165Z,Pectoralis Major Sternal Head,"Deltoid Anterior,Latissimus Dorsi,Levator Scapulae,Pectoralis Major Clavicular Head",
2026-07-19T00:52:28.335Z,GVS Ravage ,Week 3 - Day 2 - Torso A,Bent Over One Arm Row,0,15,15,0,10,10,1,50,lb,45,lb,0,2026-07-19T01:56:28.872Z,"Latissimus Dorsi,Trapezius Lower Fibers,Trapezius Middle Fibers","Infraspinatus,Teres Major,Teres Minor,Brachialis,Brachioradialis,Deltoid Posterior,Pectoralis Major Sternal Head",
2026-07-19T00:52:28.335Z,GVS Ravage ,Week 3 - Day 2 - Torso A,Bent Over One Arm Row,0,15,11,0,10,10,1,37.5,lb,45,lb,0,2026-07-19T02:03:03.645Z,"Latissimus Dorsi,Trapezius Lower Fibers,Trapezius Middle Fibers","Infraspinatus,Teres Major,Teres Minor,Brachialis,Brachioradialis,Deltoid Posterior,Pectoralis Major Sternal Head",
2026-07-19T00:52:28.335Z,GVS Ravage ,Week 3 - Day 2 - Torso A,"Pullover, Cable",1,5,,0,,,0,17.5,lb,,,0,,Latissimus Dorsi,"Deltoid Posterior,Levator Scapulae,Pectoralis Major Sternal Head,Serratus Anterior,Teres Major,Trapezius Middle Fibers,Triceps Brachii",
2026-07-19T00:52:28.335Z,GVS Ravage ,Week 3 - Day 2 - Torso A,"Pullover, Cable",0,20,,0,10,,1,22.5,lb,,,0,,Latissimus Dorsi,"Deltoid Posterior,Levator Scapulae,Pectoralis Major Sternal Head,Serratus Anterior,Teres Major,Trapezius Middle Fibers,Triceps Brachii",
2026-07-19T00:52:28.335Z,GVS Ravage ,Week 3 - Day 2 - Torso A,"Pullover, Cable",0,20,,0,10,,1,27.5,lb,,,0,,Latissimus Dorsi,"Deltoid Posterior,Levator Scapulae,Pectoralis Major Sternal Head,Serratus Anterior,Teres Major,Trapezius Middle Fibers,Triceps Brachii",
2026-07-18T00:00:42.749Z,GVS Ravage ,Week 3 - Day 1 - Legs A,"Hack Squat, Smith Machine",1,,3,0,,,0,,,105,lb,0,2026-07-18T00:04:15.844Z,Quadriceps,"Adductor Magnus,Gluteus Maximus,Soleus",
2026-07-18T00:00:42.749Z,GVS Ravage ,Week 3 - Day 1 - Legs A,"Hack Squat, Smith Machine",1,,2,0,,,0,,,135,lb,0,2026-07-18T00:04:16.291Z,Quadriceps,"Adductor Magnus,Gluteus Maximus,Soleus",
2026-07-18T00:00:42.749Z,GVS Ravage ,Week 3 - Day 1 - Legs A,"Hack Squat, Smith Machine",0,10,10,0,8,9,1,77.5,lb,135,lb,0,2026-07-18T00:12:28.289Z,Quadriceps,"Adductor Magnus,Gluteus Maximus,Soleus",
2026-07-18T00:00:42.749Z,GVS Ravage ,Week 3 - Day 1 - Legs A,"Hack Squat, Smith Machine",0,15,11,0,8,9,1,57.5,lb,95,lb,0,2026-07-18T00:24:46.916Z,Quadriceps,"Adductor Magnus,Gluteus Maximus,Soleus",
2026-07-18T00:00:42.749Z,GVS Ravage ,Week 3 - Day 1 - Legs A,"Hack Squat, Smith Machine",0,15,15,0,8,8.5,1,57.5,lb,95,lb,0,2026-07-18T00:32:07.388Z,Quadriceps,"Adductor Magnus,Gluteus Maximus,Soleus",
2026-07-18T00:00:42.749Z,GVS Ravage ,Week 3 - Day 1 - Legs A,"Stiff Leg Deadlift, Dumbbell",1,,2,0,,,0,,,60,lb,0,2026-07-18T00:35:12.462Z,Erector Spinae,"Adductor Magnus,Gluteus Maximus,Hamstrings",
2026-07-18T00:00:42.749Z,GVS Ravage ,Week 3 - Day 1 - Legs A,"Stiff Leg Deadlift, Dumbbell",0,15,15,0,9,8,1,65,lb,60,lb,0,2026-07-18T00:40:19.062Z,Erector Spinae,"Adductor Magnus,Gluteus Maximus,Hamstrings",
2026-07-18T00:00:42.749Z,GVS Ravage ,Week 3 - Day 1 - Legs A,"Stiff Leg Deadlift, Dumbbell",0,15,15,0,9,8.5,1,65,lb,60,lb,0,2026-07-18T00:47:55.948Z,Erector Spinae,"Adductor Magnus,Gluteus Maximus,Hamstrings",
2026-07-18T00:00:42.749Z,GVS Ravage ,Week 3 - Day 1 - Legs A,Walking Lunge,0,30,10,0,10,10,1,15,lb,20,lb,0,2026-07-18T00:49:08.392Z,Quadriceps,"Gastrocnemius,Gluteus Maximus,Hamstrings,Soleus",
2026-07-18T00:00:42.749Z,GVS Ravage ,Week 3 - Day 1 - Legs A,Walking Lunge,0,30,6,0,10,10,1,15,lb,20,lb,0,2026-07-18T00:53:19.947Z,Quadriceps,"Gastrocnemius,Gluteus Maximus,Hamstrings,Soleus",
2026-07-18T00:00:42.749Z,GVS Ravage ,Week 3 - Day 1 - Legs A,Lying Leg Curl,0,12,8,0,10,10,1,0,lb,90,lb,0,2026-07-18T00:56:53.812Z,Hamstrings,"Gastrocnemius,Quadriceps",
2026-07-18T00:00:42.749Z,GVS Ravage ,Week 3 - Day 1 - Legs A,Lying Leg Curl,0,12,6,0,10,10,1,0,lb,90,lb,0,2026-07-18T01:01:00.712Z,Hamstrings,"Gastrocnemius,Quadriceps",
2026-07-17T00:38:09.109Z,GVS Ravage ,Week 2 - Day 6 - Bro Day B,Hammer Curl,1,5,2,0,,,0,10,lb,25,lb,0,2026-07-17T00:39:00.599Z,Brachioradialis,"Biceps Brachii,Brachialis",
2026-07-17T00:38:09.109Z,GVS Ravage ,Week 2 - Day 6 - Bro Day B,Hammer Curl,0,20,10,0,10,10,1,12.5,lb,25,lb,0,2026-07-17T00:45:06.294Z,Brachioradialis,"Biceps Brachii,Brachialis",
2026-07-17T00:38:09.109Z,GVS Ravage ,Week 2 - Day 6 - Bro Day B,Hammer Curl,0,20,11,0,10,10,1,12.5,lb,25,lb,0,2026-07-17T00:49:25.688Z,Brachioradialis,"Biceps Brachii,Brachialis",
2026-07-17T00:38:09.109Z,GVS Ravage ,Week 2 - Day 6 - Bro Day B,"Triceps Extension, Cable",1,,2,0,,,0,,,57.5,lb,0,2026-07-17T00:42:18.860Z,Triceps Brachii,,
2026-07-17T00:38:09.109Z,GVS Ravage ,Week 2 - Day 6 - Bro Day B,"Triceps Extension, Cable",0,15,11,0,10,10,1,10,lb,57.5,lb,0,2026-07-17T00:46:46.012Z,Triceps Brachii,,
2026-07-17T00:38:09.109Z,GVS Ravage ,Week 2 - Day 6 - Bro Day B,"Triceps Extension, Cable",0,15,10,0,10,10,1,10,lb,57.5,lb,0,2026-07-17T00:51:22.784Z,Triceps Brachii,,
2026-07-17T00:38:09.109Z,GVS Ravage ,Week 2 - Day 6 - Bro Day B,Bicep Curl,0,12,11,0,10,10,1,12.5,lb,25,lb,0,2026-07-17T00:55:10.234Z,Biceps Brachii,"Brachialis,Brachioradialis",
2026-07-17T00:38:09.109Z,GVS Ravage ,Week 2 - Day 6 - Bro Day B,Bicep Curl,0,12,8,0,10,10,1,12.5,lb,25,lb,0,2026-07-17T01:00:08.067Z,Biceps Brachii,"Brachialis,Brachioradialis",
2026-07-17T00:38:09.109Z,GVS Ravage ,Week 2 - Day 6 - Bro Day B,Triceps Pushdown,0,15,9,0,10,10,1,22.5,lb,62.5,lb,0,2026-07-17T00:56:46.960Z,Triceps Brachii,,
2026-07-17T00:38:09.109Z,GVS Ravage ,Week 2 - Day 6 - Bro Day B,Triceps Pushdown,0,15,7,0,10,10,1,22.5,lb,62.5,lb,0,2026-07-17T01:01:01.115Z,Triceps Brachii,,
2026-07-17T00:38:09.109Z,GVS Ravage ,Week 2 - Day 6 - Bro Day B,Lateral Raise,0,20,15,0,10,10,1,10,lb,15,lb,0,2026-07-17T01:09:51.008Z,Deltoid Lateral,"Deltoid Anterior,Serratus Anterior,Trapezius Lower Fibers,Trapezius Middle Fibers",
2026-07-17T00:38:09.109Z,GVS Ravage ,Week 2 - Day 6 - Bro Day B,Lateral Raise,0,20,11,0,10,10,1,10,lb,15,lb,0,2026-07-17T01:13:39.564Z,Deltoid Lateral,"Deltoid Anterior,Serratus Anterior,Trapezius Lower Fibers,Trapezius Middle Fibers",
2026-07-17T00:38:09.109Z,GVS Ravage ,Week 2 - Day 6 - Bro Day B,Lu Lateral Raise,1,,2,0,,,0,,,10,lb,0,2026-07-17T01:02:17.452Z,Deltoid Lateral,"Deltoid Anterior,Deltoid Posterior,Serratus Anterior,Trapezius Middle Fibers,Trapezius Lower Fibers",
2026-07-17T00:38:09.109Z,GVS Ravage ,Week 2 - Day 6 - Bro Day B,Lu Lateral Raise,0,15,8,0,10,10,1,10,lb,10,lb,0,2026-07-17T01:05:50.430Z,Deltoid Lateral,"Deltoid Anterior,Deltoid Posterior,Serratus Anterior,Trapezius Middle Fibers,Trapezius Lower Fibers",
2026-07-17T00:38:09.109Z,GVS Ravage ,Week 2 - Day 6 - Bro Day B,Lu Lateral Raise,0,15,5,0,10,10,1,10,lb,10,lb,0,2026-07-17T01:19:00.016Z,Deltoid Lateral,"Deltoid Anterior,Deltoid Posterior,Serratus Anterior,Trapezius Middle Fibers,Trapezius Lower Fibers",
2026-07-17T00:38:09.109Z,GVS Ravage ,Week 2 - Day 6 - Bro Day B,Cable Rear Delt One-Arm Row,1,,2,0,,,0,,,15,lb,0,2026-07-17T01:03:16.089Z,,,
2026-07-17T00:38:09.109Z,GVS Ravage ,Week 2 - Day 6 - Bro Day B,Cable Rear Delt One-Arm Row,0,20,12,0,10,10,1,15,lb,15,lb,0,2026-07-17T01:26:14.565Z,,,
2026-07-17T00:38:09.109Z,GVS Ravage ,Week 2 - Day 6 - Bro Day B,Cable Rear Delt One-Arm Row,0,20,12,0,10,10,1,15,lb,15,lb,0,2026-07-17T01:33:47.741Z,,,
2026-07-17T00:38:09.109Z,GVS Ravage ,Week 2 - Day 6 - Bro Day B,Neck Flexion,0,20,3,0,10,10,1,5,lb,5,lb,0,2026-07-17T01:34:57.863Z,Sternocleidomastoid,,
2026-07-17T00:38:09.109Z,GVS Ravage ,Week 2 - Day 6 - Bro Day B,"Wrist Curl, Dumbbell",1,,2,0,,,0,,,30,lb,0,2026-07-17T01:35:30.029Z,Wrist Flexors,,
2026-07-17T00:38:09.109Z,GVS Ravage ,Week 2 - Day 6 - Bro Day B,"Wrist Curl, Dumbbell",0,20,13,0,10,10,1,22.5,lb,30,lb,0,2026-07-17T01:46:19.350Z,Wrist Flexors,,
2026-07-14T23:56:30.481Z,GVS Ravage ,Week 2 - Day 5 - Torso B,"Bench Press, Dumbbell",1,5,2,0,,,0,55,lb,60,lb,0,2026-07-14T23:58:27.736Z,Pectoralis Major Sternal Head,"Deltoid Anterior,Pectoralis Major Clavicular Head,Triceps Brachii",
2026-07-14T23:56:30.481Z,GVS Ravage ,Week 2 - Day 5 - Torso B,"Bench Press, Dumbbell",0,12,9,0,9,9,1,70,lb,60,lb,0,2026-07-15T00:05:51.295Z,Pectoralis Major Sternal Head,"Deltoid Anterior,Pectoralis Major Clavicular Head,Triceps Brachii",
2026-07-14T23:56:30.481Z,GVS Ravage ,Week 2 - Day 5 - Torso B,"Bench Press, Dumbbell",0,12,6,0,9,9,1,70,lb,60,lb,0,2026-07-15T00:19:15.706Z,Pectoralis Major Sternal Head,"Deltoid Anterior,Pectoralis Major Clavicular Head,Triceps Brachii",
2026-07-14T23:56:30.481Z,GVS Ravage ,Week 2 - Day 5 - Torso B,Machine Pulldown,1,5,2,0,,,0,105,lb,120,lb,0,2026-07-14T23:59:45.411Z,Latissimus Dorsi,"Trapezius Middle Fibers,Trapezius Lower Fibers,Deltoid Posterior,Biceps Brachii,Brachialis,Brachioradialis",
2026-07-14T23:56:30.481Z,GVS Ravage ,Week 2 - Day 5 - Torso B,Machine Pulldown,0,15,12,0,10,10,1,130,lb,120,lb,0,2026-07-15T00:07:04.001Z,Latissimus Dorsi,"Trapezius Middle Fibers,Trapezius Lower Fibers,Deltoid Posterior,Biceps Brachii,Brachialis,Brachioradialis",
2026-07-14T23:56:30.481Z,GVS Ravage ,Week 2 - Day 5 - Torso B,Machine Pulldown,0,15,11,0,10,10,1,130,lb,120,lb,0,2026-07-15T00:20:26.571Z,Latissimus Dorsi,"Trapezius Middle Fibers,Trapezius Lower Fibers,Deltoid Posterior,Biceps Brachii,Brachialis,Brachioradialis",
2026-07-14T23:56:30.481Z,GVS Ravage ,Week 2 - Day 5 - Torso B,"Chest Press, Leverage Machine",0,12,7,0,9,10,1,18.75,lb,142.5,lb,0,2026-07-15T00:22:15.927Z,Pectoralis Major Sternal Head,"Deltoid Anterior,Pectoralis Major Clavicular Head,Triceps Brachii",
2026-07-14T23:56:30.481Z,GVS Ravage ,Week 2 - Day 5 - Torso B,"Chest Press, Leverage Machine",0,12,8,0,9,9.5,1,18.75,lb,142.5,lb,0,2026-07-15T00:28:19.411Z,Pectoralis Major Sternal Head,"Deltoid Anterior,Pectoralis Major Clavicular Head,Triceps Brachii",
2026-07-14T23:56:30.481Z,GVS Ravage ,Week 2 - Day 5 - Torso B,Helms Row,0,20,10,0,10,10,1,45,lb,40,lb,0,2026-07-15T00:24:21.245Z,"Latissimus Dorsi,Trapezius Middle Fibers","Deltoid Posterior,Biceps Brachii,Brachialis,Brachioradialis",
2026-07-14T23:56:30.481Z,GVS Ravage ,Week 2 - Day 5 - Torso B,Helms Row,0,20,15,0,10,10,1,45,lb,40,lb,0,2026-07-15T00:35:37.148Z,"Latissimus Dorsi,Trapezius Middle Fibers","Deltoid Posterior,Biceps Brachii,Brachialis,Brachioradialis",
2026-07-14T23:56:30.481Z,GVS Ravage ,Week 2 - Day 5 - Torso B,Shoulder Press,1,5,2,0,,,0,17.5,lb,40,lb,0,2026-07-15T00:37:21.083Z,Deltoid Anterior,"Deltoid Lateral,Pectoralis Major Clavicular Head,Serratus Anterior,Trapezius Lower Fibers,Trapezius Middle Fibers,Triceps Brachii",
2026-07-14T23:56:30.481Z,GVS Ravage ,Week 2 - Day 5 - Torso B,Shoulder Press,0,12,8,0,9,10,1,22.5,lb,40,lb,0,2026-07-15T00:41:33.416Z,Deltoid Anterior,"Deltoid Lateral,Pectoralis Major Clavicular Head,Serratus Anterior,Trapezius Lower Fibers,Trapezius Middle Fibers,Triceps Brachii",
2026-07-14T23:56:30.481Z,GVS Ravage ,Week 2 - Day 5 - Torso B,Shoulder Press,0,12,11,0,9,10,1,22.5,lb,40,lb,0,2026-07-15T00:50:31.501Z,Deltoid Anterior,"Deltoid Lateral,Pectoralis Major Clavicular Head,Serratus Anterior,Trapezius Lower Fibers,Trapezius Middle Fibers,Triceps Brachii",
2026-07-14T23:56:30.481Z,GVS Ravage ,Week 2 - Day 5 - Torso B,Seated Row,0,20,18,0,10,10,1,77.5,lb,80,lb,0,2026-07-15T00:42:19.642Z,"Latissimus Dorsi,Trapezius Lower Fibers,Trapezius Middle Fibers","Brachialis,Brachioradialis,Deltoid Posterior,Erector Spinae,Infraspinatus,Pectoralis Major Sternal Head,Teres Major,Teres Minor",
2026-07-14T23:56:30.481Z,GVS Ravage ,Week 2 - Day 5 - Torso B,Seated Row,0,20,18,0,10,10,1,80,lb,80,lb,0,2026-07-15T00:51:28.736Z,"Latissimus Dorsi,Trapezius Lower Fibers,Trapezius Middle Fibers","Brachialis,Brachioradialis,Deltoid Posterior,Erector Spinae,Infraspinatus,Pectoralis Major Sternal Head,Teres Major,Teres Minor",
2026-07-14T00:55:13.490Z,GVS Ravage ,Week 2 - Day 4 - Legs B,"Squat, Smith Machine",1,5,3,0,,,0,102.5,lb,105,lb,0,2026-07-14T01:10:17.537Z,Quadriceps,"Adductor Magnus,Gluteus Maximus,Soleus",
2026-07-14T00:55:13.490Z,GVS Ravage ,Week 2 - Day 4 - Legs B,"Squat, Smith Machine",1,5,2,0,,,0,102.5,lb,175,lb,0,2026-07-14T01:10:55.604Z,Quadriceps,"Adductor Magnus,Gluteus Maximus,Soleus",
2026-07-14T00:55:13.490Z,GVS Ravage ,Week 2 - Day 4 - Legs B,"Squat, Smith Machine",0,8,6,0,9,9,1,130,lb,175,lb,0,2026-07-14T01:17:12.031Z,Quadriceps,"Adductor Magnus,Gluteus Maximus,Soleus",
2026-07-14T00:55:13.490Z,GVS Ravage ,Week 2 - Day 4 - Legs B,"Squat, Smith Machine",0,8,4,0,9,9,1,130,lb,175,lb,0,2026-07-14T01:24:27.112Z,Quadriceps,"Adductor Magnus,Gluteus Maximus,Soleus",
2026-07-14T00:55:13.490Z,GVS Ravage ,Week 2 - Day 4 - Legs B,Romanian Deadlift,1,5,2,0,,,0,55,lb,65,lb,0,2026-07-14T00:57:57.387Z,Gluteus Maximus,"Adductor Magnus,Erector Spinae,Hamstrings",
2026-07-14T00:55:13.490Z,GVS Ravage ,Week 2 - Day 4 - Legs B,Romanian Deadlift,0,12,12,0,9,8.5,1,70,lb,65,lb,0,2026-07-14T01:01:56.543Z,Gluteus Maximus,"Adductor Magnus,Erector Spinae,Hamstrings",
2026-07-14T00:55:13.490Z,GVS Ravage ,Week 2 - Day 4 - Legs B,Romanian Deadlift,0,12,9,0,9,9.5,1,70,lb,65,lb,0,2026-07-14T01:30:58.837Z,Gluteus Maximus,"Adductor Magnus,Erector Spinae,Hamstrings",
2026-07-14T00:55:13.490Z,GVS Ravage ,Week 2 - Day 4 - Legs B,Lying Leg Curl,0,15,8,0,10,10,1,40,lb,90,lb,0,2026-07-14T01:36:37.389Z,Hamstrings,"Gastrocnemius,Quadriceps",
2026-07-14T00:55:13.490Z,GVS Ravage ,Week 2 - Day 4 - Legs B,Lying Leg Curl,0,15,7,0,10,10,1,0,lb,90,lb,0,2026-07-14T01:43:44.740Z,Hamstrings,"Gastrocnemius,Quadriceps",
2026-07-14T00:55:13.490Z,GVS Ravage ,Week 2 - Day 4 - Legs B,Leg Extension,0,20,9,0,10,10,1,30,lb,90,lb,0,2026-07-14T01:37:53.208Z,Quadriceps,,
2026-07-14T00:55:13.490Z,GVS Ravage ,Week 2 - Day 4 - Legs B,Leg Extension,0,20,9,0,10,10,1,30,lb,90,lb,0,2026-07-14T01:44:53.821Z,Quadriceps,,
2026-07-14T00:55:13.490Z,GVS Ravage ,Week 2 - Day 4 - Legs B,"Standing Calf Raise, Barbell",0,20,4,0,10,10,1,160,lb,160,lb,0,2026-07-14T01:47:10.485Z,Gastrocnemius,Soleus,
2026-07-13T01:14:15.775Z,GVS Ravage ,Week 2 - Day 3 - Bro Day A,Hammer Curl,1,5,2,0,,,0,20,lb,25,lb,0,2026-07-13T01:16:43.204Z,Brachioradialis,"Biceps Brachii,Brachialis",
2026-07-13T01:14:15.775Z,GVS Ravage ,Week 2 - Day 3 - Bro Day A,Hammer Curl,0,20,15,0,10,9.5,1,25,lb,25,lb,0,2026-07-13T01:20:10.961Z,Brachioradialis,"Biceps Brachii,Brachialis",
2026-07-13T01:14:15.775Z,GVS Ravage ,Week 2 - Day 3 - Bro Day A,Hammer Curl,0,20,11,0,10,10,1,12.5,lb,25,lb,0,2026-07-13T01:27:58.522Z,Brachioradialis,"Biceps Brachii,Brachialis",
2026-07-13T01:14:15.775Z,GVS Ravage ,Week 2 - Day 3 - Bro Day A,Triceps Pushdown,1,5,2,0,,,0,47.5,lb,62.5,lb,0,2026-07-13T01:16:44.534Z,Triceps Brachii,,
2026-07-13T01:14:15.775Z,GVS Ravage ,Week 2 - Day 3 - Bro Day A,Triceps Pushdown,0,15,9,0,10,10,1,60,lb,62.5,lb,0,2026-07-13T01:21:25.818Z,Triceps Brachii,,
2026-07-13T01:14:15.775Z,GVS Ravage ,Week 2 - Day 3 - Bro Day A,Triceps Pushdown,0,15,11,0,10,10,1,22.5,lb,62.5,lb,0,2026-07-13T01:29:37.879Z,Triceps Brachii,,
2026-07-13T01:14:15.775Z,GVS Ravage ,Week 2 - Day 3 - Bro Day A,Incline Curl,0,10,7,0,10,10,1,20,lb,25,lb,0,2026-07-13T01:35:59.530Z,Biceps Brachii,"Brachialis,Brachioradialis",
2026-07-13T01:14:15.775Z,GVS Ravage ,Week 2 - Day 3 - Bro Day A,Incline Curl,0,10,7,0,10,10,1,12.5,lb,25,lb,0,2026-07-13T01:41:13.609Z,Biceps Brachii,"Brachialis,Brachioradialis",
2026-07-13T01:14:15.775Z,GVS Ravage ,Week 2 - Day 3 - Bro Day A,"Triceps Extension, Cable",0,15,11,0,10,10,1,47.5,lb,57.5,lb,0,2026-07-13T01:37:32.178Z,Triceps Brachii,,
2026-07-13T01:14:15.775Z,GVS Ravage ,Week 2 - Day 3 - Bro Day A,"Triceps Extension, Cable",0,15,8,0,10,10,1,47.5,lb,57.5,lb,0,2026-07-13T01:43:28.047Z,Triceps Brachii,,
2026-07-13T01:14:15.775Z,GVS Ravage ,Week 2 - Day 3 - Bro Day A,Lateral Raise,1,5,3,0,,,0,20,lb,15,lb,0,2026-07-13T01:44:15.240Z,Deltoid Lateral,"Deltoid Anterior,Serratus Anterior,Trapezius Lower Fibers,Trapezius Middle Fibers",
2026-07-13T01:14:15.775Z,GVS Ravage ,Week 2 - Day 3 - Bro Day A,Lateral Raise,0,15,15,0,10,10,1,25,lb,15,lb,0,2026-07-13T01:59:00.584Z,Deltoid Lateral,"Deltoid Anterior,Serratus Anterior,Trapezius Lower Fibers,Trapezius Middle Fibers",
2026-07-13T01:14:15.775Z,GVS Ravage ,Week 2 - Day 3 - Bro Day A,Lateral Raise,0,15,10,0,10,10,1,25,lb,15,lb,0,2026-07-13T02:03:49.573Z,Deltoid Lateral,"Deltoid Anterior,Serratus Anterior,Trapezius Lower Fibers,Trapezius Middle Fibers",
2026-07-13T01:14:15.775Z,GVS Ravage ,Week 2 - Day 3 - Bro Day A,Upright Row,0,20,13,0,10,10,1,25,lb,25,lb,0,2026-07-13T02:07:13.862Z,Deltoid Lateral,"Biceps Brachii,Brachialis,Brachioradialis,Deltoid Anterior,Infraspinatus,Serratus Anterior,Teres Minor,Trapezius Lower Fibers,Trapezius Middle Fibers",
2026-07-13T01:14:15.775Z,GVS Ravage ,Week 2 - Day 3 - Bro Day A,Upright Row,0,20,12,0,10,10,1,10,lb,25,lb,0,2026-07-13T02:10:15.511Z,Deltoid Lateral,"Biceps Brachii,Brachialis,Brachioradialis,Deltoid Anterior,Infraspinatus,Serratus Anterior,Teres Minor,Trapezius Lower Fibers,Trapezius Middle Fibers",
2026-07-11T23:45:14.453Z,GVS Ravage ,Week 2 - Day 2 - Torso A,Smith Machine Close Grip Larsen Press,1,5,3,0,,,0,95,lb,105,lb,0,2026-07-11T23:50:52.371Z,"Triceps Brachii,Pectoralis Major Sternal Head","Pectoralis Major Clavicular Head,Deltoid Anterior,Serratus Anterior",
2026-07-11T23:45:14.453Z,GVS Ravage ,Week 2 - Day 2 - Torso A,Smith Machine Close Grip Larsen Press,1,5,2,0,,,0,105,lb,145,lb,0,2026-07-11T23:52:46.304Z,"Triceps Brachii,Pectoralis Major Sternal Head","Pectoralis Major Clavicular Head,Deltoid Anterior,Serratus Anterior",
2026-07-11T23:45:14.453Z,GVS Ravage ,Week 2 - Day 2 - Torso A,Smith Machine Close Grip Larsen Press,0,8,6,0,9,9,1,120,lb,145,lb,0,2026-07-11T23:56:41.522Z,"Triceps Brachii,Pectoralis Major Sternal Head","Pectoralis Major Clavicular Head,Deltoid Anterior,Serratus Anterior",
2026-07-11T23:45:14.453Z,GVS Ravage ,Week 2 - Day 2 - Torso A,Smith Machine Close Grip Larsen Press,0,8,4,0,9,9,1,130,lb,145,lb,0,2026-07-12T00:04:11.850Z,"Triceps Brachii,Pectoralis Major Sternal Head","Pectoralis Major Clavicular Head,Deltoid Anterior,Serratus Anterior",
2026-07-11T23:45:14.453Z,GVS Ravage ,Week 2 - Day 2 - Torso A,Smith Machine Close Grip Larsen Press,0,8,4,0,9,9,1,130,lb,145,lb,0,2026-07-12T00:10:52.009Z,"Triceps Brachii,Pectoralis Major Sternal Head","Pectoralis Major Clavicular Head,Deltoid Anterior,Serratus Anterior",
2026-07-11T23:45:14.453Z,GVS Ravage ,Week 2 - Day 2 - Torso A,Narrow Pulldown,1,5,2,0,,,0,80,lb,105,lb,0,2026-07-11T23:53:41.814Z,Latissimus Dorsi,"Biceps Brachii,Brachialis,Brachioradialis,Trapezius Middle Fibers,Trapezius Lower Fibers,Teres Major,Deltoid Posterior",
2026-07-11T23:45:14.453Z,GVS Ravage ,Week 2 - Day 2 - Torso A,Narrow Pulldown,0,15,15,1,9,9,1,100,lb,105,lb,0,2026-07-11T23:57:46.319Z,Latissimus Dorsi,"Biceps Brachii,Brachialis,Brachioradialis,Trapezius Middle Fibers,Trapezius Lower Fibers,Teres Major,Deltoid Posterior",
2026-07-11T23:45:14.453Z,GVS Ravage ,Week 2 - Day 2 - Torso A,Narrow Pulldown,0,15,13,1,9,9.5,1,100,lb,112.5,lb,0,2026-07-12T00:05:28.882Z,Latissimus Dorsi,"Biceps Brachii,Brachialis,Brachioradialis,Trapezius Middle Fibers,Trapezius Lower Fibers,Teres Major,Deltoid Posterior",
2026-07-11T23:45:14.453Z,GVS Ravage ,Week 2 - Day 2 - Torso A,Narrow Pulldown,0,15,12,1,9,10,1,100,lb,112.5,lb,0,2026-07-12T00:22:06.347Z,Latissimus Dorsi,"Biceps Brachii,Brachialis,Brachioradialis,Trapezius Middle Fibers,Trapezius Lower Fibers,Teres Major,Deltoid Posterior",
2026-07-11T23:45:14.453Z,GVS Ravage ,Week 2 - Day 2 - Torso A,Smith Reverse Grip Bench,0,12,11,0,9,9,1,90,lb,105,lb,0,2026-07-12T00:27:04.336Z,"Pectoralis Major Clavicular Head,Triceps Brachii","Deltoid Anterior,Pectoralis Major Sternal Head",
2026-07-11T23:45:14.453Z,GVS Ravage ,Week 2 - Day 2 - Torso A,Smith Reverse Grip Bench,0,12,6,0,9,9,1,90,lb,105,lb,0,2026-07-12T00:31:54.628Z,"Pectoralis Major Clavicular Head,Triceps Brachii","Deltoid Anterior,Pectoralis Major Sternal Head",
2026-07-11T23:45:14.453Z,GVS Ravage ,Week 2 - Day 2 - Torso A,Machine Pulldown,0,15,14,0,9,10,1,135,lb,105,lb,0,2026-07-12T00:28:28.772Z,Latissimus Dorsi,"Trapezius Middle Fibers,Trapezius Lower Fibers,Deltoid Posterior,Biceps Brachii,Brachialis,Brachioradialis",
2026-07-11T23:45:14.453Z,GVS Ravage ,Week 2 - Day 2 - Torso A,Machine Pulldown,0,15,12,0,9,9.5,1,130,lb,105,lb,0,2026-07-12T00:38:34.353Z,Latissimus Dorsi,"Trapezius Middle Fibers,Trapezius Lower Fibers,Deltoid Posterior,Biceps Brachii,Brachialis,Brachioradialis",
2026-07-11T23:45:14.453Z,GVS Ravage ,Week 2 - Day 2 - Torso A,Cable Crossover,0,15,15,0,10,6,1,22.5,lb,15,lb,0,2026-07-12T00:53:07.812Z,Pectoralis Major Sternal Head,"Deltoid Anterior,Latissimus Dorsi,Levator Scapulae,Pectoralis Major Clavicular Head",
2026-07-11T23:45:14.453Z,GVS Ravage ,Week 2 - Day 2 - Torso A,Cable Crossover,0,15,15,0,10,6.5,1,22.5,lb,17.5,lb,0,2026-07-12T00:53:03.929Z,Pectoralis Major Sternal Head,"Deltoid Anterior,Latissimus Dorsi,Levator Scapulae,Pectoralis Major Clavicular Head",
2026-07-11T23:45:14.453Z,GVS Ravage ,Week 2 - Day 2 - Torso A,Bent Over One Arm Row,0,15,12,0,10,9.5,1,50,lb,45,lb,0,2026-07-12T00:48:51.167Z,"Latissimus Dorsi,Trapezius Lower Fibers,Trapezius Middle Fibers","Infraspinatus,Teres Major,Teres Minor,Brachialis,Brachioradialis,Deltoid Posterior,Pectoralis Major Sternal Head",
2026-07-11T23:45:14.453Z,GVS Ravage ,Week 2 - Day 2 - Torso A,Bent Over One Arm Row,0,15,11,0,10,10,1,37.5,lb,45,lb,0,2026-07-12T00:55:42.221Z,"Latissimus Dorsi,Trapezius Lower Fibers,Trapezius Middle Fibers","Infraspinatus,Teres Major,Teres Minor,Brachialis,Brachioradialis,Deltoid Posterior,Pectoralis Major Sternal Head",
2026-07-11T23:45:14.453Z,GVS Ravage ,Week 2 - Day 2 - Torso A,"Pullover, Cable",0,20,17,0,10,10,1,22.5,lb,40,lb,0,2026-07-12T00:59:46.633Z,Latissimus Dorsi,"Deltoid Posterior,Levator Scapulae,Pectoralis Major Sternal Head,Serratus Anterior,Teres Major,Trapezius Middle Fibers,Triceps Brachii",
2026-07-11T23:45:14.453Z,GVS Ravage ,Week 2 - Day 2 - Torso A,"Pullover, Cable",0,20,15,0,10,10,1,27.5,lb,40,lb,0,2026-07-12T01:04:13.421Z,Latissimus Dorsi,"Deltoid Posterior,Levator Scapulae,Pectoralis Major Sternal Head,Serratus Anterior,Teres Major,Trapezius Middle Fibers,Triceps Brachii",
2026-07-10T23:34:30.187Z,GVS Ravage ,Week 2 - Day 1 - Legs A,"Hack Squat, Smith Machine",1,5,2,0,,,0,60,lb,135,lb,0,2026-07-10T23:39:00.882Z,Quadriceps,"Adductor Magnus,Gluteus Maximus,Soleus",
2026-07-10T23:34:30.187Z,GVS Ravage ,Week 2 - Day 1 - Legs A,"Hack Squat, Smith Machine",0,10,7,0,8,9,1,77.5,lb,135,lb,0,2026-07-10T23:52:06.834Z,Quadriceps,"Adductor Magnus,Gluteus Maximus,Soleus",
2026-07-10T23:34:30.187Z,GVS Ravage ,Week 2 - Day 1 - Legs A,"Hack Squat, Smith Machine",0,15,8,0,8,9,1,57.5,lb,95,lb,0,2026-07-11T00:05:18.875Z,Quadriceps,"Adductor Magnus,Gluteus Maximus,Soleus",
2026-07-10T23:34:30.187Z,GVS Ravage ,Week 2 - Day 1 - Legs A,"Hack Squat, Smith Machine",0,15,5,0,8,9,1,57.5,lb,95,lb,0,2026-07-11T00:12:55.214Z,Quadriceps,"Adductor Magnus,Gluteus Maximus,Soleus",
2026-07-10T23:34:30.187Z,GVS Ravage ,Week 2 - Day 1 - Legs A,"Stiff Leg Deadlift, Dumbbell",1,,2,0,,,0,,,60,lb,0,2026-07-11T00:19:16.665Z,Erector Spinae,"Adductor Magnus,Gluteus Maximus,Hamstrings",
2026-07-10T23:34:30.187Z,GVS Ravage ,Week 2 - Day 1 - Legs A,"Stiff Leg Deadlift, Dumbbell",0,15,10,0,9,9.5,1,65,lb,60,lb,0,2026-07-11T00:22:50.194Z,Erector Spinae,"Adductor Magnus,Gluteus Maximus,Hamstrings",
2026-07-10T23:34:30.187Z,GVS Ravage ,Week 2 - Day 1 - Legs A,"Stiff Leg Deadlift, Dumbbell",0,15,8,0,9,9.5,1,65,lb,60,lb,0,2026-07-11T00:29:13.940Z,Erector Spinae,"Adductor Magnus,Gluteus Maximus,Hamstrings",
2026-07-10T23:34:30.187Z,GVS Ravage ,Week 2 - Day 1 - Legs A,Walking Lunge,0,30,4,0,10,10,1,15,lb,20,lb,0,2026-07-11T00:31:59.894Z,Quadriceps,"Gastrocnemius,Gluteus Maximus,Hamstrings,Soleus",
2026-07-10T23:34:30.187Z,GVS Ravage ,Week 2 - Day 1 - Legs A,Walking Lunge,0,30,4,0,10,10,1,15,lb,20,lb,0,2026-07-11T00:37:06.279Z,Quadriceps,"Gastrocnemius,Gluteus Maximus,Hamstrings,Soleus",
2026-07-10T23:34:30.187Z,GVS Ravage ,Week 2 - Day 1 - Legs A,Lying Leg Curl,0,12,10,0,10,10,1,40,lb,82.5,lb,0,2026-07-11T00:39:44.848Z,Hamstrings,"Gastrocnemius,Sartorius",
2026-07-10T23:34:30.187Z,GVS Ravage ,Week 2 - Day 1 - Legs A,Lying Leg Curl,0,12,9,0,10,10,1,40,lb,82.5,lb,0,2026-07-11T00:43:20.587Z,Hamstrings,"Gastrocnemius,Sartorius",
2026-07-10T00:23:09.576Z,GVS Ravage ,Week 1 - Day 6 - Bro Day B,Hammer Curl,1,5,2,0,,,0,10,lb,25,lb,0,2026-07-10T00:23:55.124Z,Brachioradialis,"Biceps Brachii,Brachialis",
2026-07-10T00:23:09.576Z,GVS Ravage ,Week 1 - Day 6 - Bro Day B,Hammer Curl,0,20,16,0,10,10,1,12.5,lb,25,lb,0,2026-07-10T00:28:05.137Z,Brachioradialis,"Biceps Brachii,Brachialis",
2026-07-10T00:23:09.576Z,GVS Ravage ,Week 1 - Day 6 - Bro Day B,Hammer Curl,0,20,9,0,10,10,1,12.5,lb,25,lb,0,2026-07-10T00:31:24.408Z,Brachioradialis,"Biceps Brachii,Brachialis",
2026-07-10T00:23:09.576Z,GVS Ravage ,Week 1 - Day 6 - Bro Day B,"Triceps Extension, Cable",1,,2,0,,,0,,,52.5,lb,0,2026-07-10T00:25:17.434Z,Triceps Brachii,,
2026-07-10T00:23:09.576Z,GVS Ravage ,Week 1 - Day 6 - Bro Day B,"Triceps Extension, Cable",0,15,16,0,10,10,1,10,lb,55,lb,0,2026-07-10T00:29:23.173Z,Triceps Brachii,,
2026-07-10T00:23:09.576Z,GVS Ravage ,Week 1 - Day 6 - Bro Day B,"Triceps Extension, Cable",0,15,7,0,10,10,1,10,lb,57.5,lb,0,2026-07-10T00:32:33.772Z,Triceps Brachii,,
2026-07-10T00:23:09.576Z,GVS Ravage ,Week 1 - Day 6 - Bro Day B,Bicep Curl,0,12,8,0,10,10,1,12.5,lb,25,lb,0,2026-07-10T00:34:59.446Z,Biceps Brachii,"Brachialis,Brachioradialis",
2026-07-10T00:23:09.576Z,GVS Ravage ,Week 1 - Day 6 - Bro Day B,Bicep Curl,0,12,6,0,10,10,1,12.5,lb,25,lb,0,2026-07-10T00:38:10.388Z,Biceps Brachii,"Brachialis,Brachioradialis",
2026-07-10T00:23:09.576Z,GVS Ravage ,Week 1 - Day 6 - Bro Day B,Triceps Pushdown,0,15,15,0,10,10,1,22.5,lb,60,lb,0,2026-07-10T00:35:43.039Z,Triceps Brachii,,
2026-07-10T00:23:09.576Z,GVS Ravage ,Week 1 - Day 6 - Bro Day B,Triceps Pushdown,0,15,5,0,10,10,1,22.5,lb,60,lb,0,2026-07-10T00:39:08.025Z,Triceps Brachii,,
2026-07-10T00:23:09.576Z,GVS Ravage ,Week 1 - Day 6 - Bro Day B,Lateral Raise,1,,2,0,,,0,,,15,lb,0,2026-07-10T00:39:44.068Z,Deltoid Lateral,"Deltoid Anterior,Serratus Anterior,Trapezius Lower Fibers,Trapezius Middle Fibers",
2026-07-10T00:23:09.576Z,GVS Ravage ,Week 1 - Day 6 - Bro Day B,Lateral Raise,0,20,14,0,10,10,1,10,lb,15,lb,0,2026-07-10T00:41:52.299Z,Deltoid Lateral,"Deltoid Anterior,Serratus Anterior,Trapezius Lower Fibers,Trapezius Middle Fibers",
2026-07-10T00:23:09.576Z,GVS Ravage ,Week 1 - Day 6 - Bro Day B,Lateral Raise,0,20,13,0,10,10,1,10,lb,15,lb,0,2026-07-10T00:44:23.169Z,Deltoid Lateral,"Deltoid Anterior,Serratus Anterior,Trapezius Lower Fibers,Trapezius Middle Fibers",
2026-07-10T00:23:09.576Z,GVS Ravage ,Week 1 - Day 6 - Bro Day B,Lu Lateral Raise,0,15,8,0,10,10,1,10,lb,10,lb,0,2026-07-10T00:46:48.211Z,Deltoid Lateral,"Deltoid Anterior,Deltoid Posterior,Serratus Anterior,Trapezius Middle Fibers,Trapezius Lower Fibers",
2026-07-10T00:23:09.576Z,GVS Ravage ,Week 1 - Day 6 - Bro Day B,Lu Lateral Raise,0,15,7,0,10,10,1,10,lb,10,lb,0,2026-07-10T00:49:27.986Z,Deltoid Lateral,"Deltoid Anterior,Deltoid Posterior,Serratus Anterior,Trapezius Middle Fibers,Trapezius Lower Fibers",
2026-07-10T00:23:09.576Z,GVS Ravage ,Week 1 - Day 6 - Bro Day B,Cable Rear Delt One-Arm Row,1,,2,0,,,0,,,15,lb,0,2026-07-10T00:51:02.688Z,,,
2026-07-10T00:23:09.576Z,GVS Ravage ,Week 1 - Day 6 - Bro Day B,Cable Rear Delt One-Arm Row,0,20,13,0,10,10,1,15,lb,12.5,lb,0,2026-07-10T00:54:14.381Z,,,
2026-07-10T00:23:09.576Z,GVS Ravage ,Week 1 - Day 6 - Bro Day B,Cable Rear Delt One-Arm Row,0,20,15,0,10,10,1,15,lb,15,lb,0,2026-07-10T00:57:37.349Z,,,
2026-07-10T00:23:09.576Z,GVS Ravage ,Week 1 - Day 6 - Bro Day B,Neck Flexion,0,20,2,0,10,10,1,5,lb,5,lb,0,2026-07-10T00:58:18.194Z,Sternocleidomastoid,,
2026-07-10T00:23:09.576Z,GVS Ravage ,Week 1 - Day 6 - Bro Day B,"Wrist Curl, Dumbbell",1,5,2,0,,,0,17.5,lb,25,lb,0,2026-07-10T00:59:07.063Z,Wrist Flexors,,
2026-07-10T00:23:09.576Z,GVS Ravage ,Week 1 - Day 6 - Bro Day B,"Wrist Curl, Dumbbell",0,20,20,0,10,10,1,22.5,lb,25,lb,0,2026-07-10T01:02:44.394Z,Wrist Flexors,,
2026-07-06T16:38:58.114Z,GVS Ravage ,Week 1 - Day 5 - Torso B,"Bench Press, Dumbbell",1,5,3,0,,,0,50,lb,40,lb,0,2026-07-06T16:49:46.845Z,Pectoralis Major Sternal Head,"Deltoid Anterior,Pectoralis Major Clavicular Head,Triceps Brachii",
2026-07-06T16:38:58.114Z,GVS Ravage ,Week 1 - Day 5 - Torso B,"Bench Press, Dumbbell",0,12,20,0,9,9,1,65,lb,40,lb,0,2026-07-06T16:55:18.093Z,Pectoralis Major Sternal Head,"Deltoid Anterior,Pectoralis Major Clavicular Head,Triceps Brachii",
2026-07-06T16:38:58.114Z,GVS Ravage ,Week 1 - Day 5 - Torso B,"Bench Press, Dumbbell",0,12,18,0,9,9,1,65,lb,40,lb,0,2026-07-06T17:01:42.762Z,Pectoralis Major Sternal Head,"Deltoid Anterior,Pectoralis Major Clavicular Head,Triceps Brachii",
2026-07-06T16:38:58.114Z,GVS Ravage ,Week 1 - Day 5 - Torso B,Machine Pulldown,1,5,2,0,,,0,105,lb,100,lb,0,2026-07-06T16:50:56.977Z,Latissimus Dorsi,"Trapezius Middle Fibers,Trapezius Lower Fibers,Deltoid Posterior,Biceps Brachii,Brachialis,Brachioradialis",
2026-07-06T16:38:58.114Z,GVS Ravage ,Week 1 - Day 5 - Torso B,Machine Pulldown,0,15,8,0,10,10,1,130,lb,100,lb,0,2026-07-06T16:56:55.604Z,Latissimus Dorsi,"Trapezius Middle Fibers,Trapezius Lower Fibers,Deltoid Posterior,Biceps Brachii,Brachialis,Brachioradialis",
2026-07-06T16:38:58.114Z,GVS Ravage ,Week 1 - Day 5 - Torso B,Machine Pulldown,0,15,6,0,10,10,1,130,lb,100,lb,0,2026-07-06T17:14:05.548Z,Latissimus Dorsi,"Trapezius Middle Fibers,Trapezius Lower Fibers,Deltoid Posterior,Biceps Brachii,Brachialis,Brachioradialis",
2026-07-06T16:38:58.114Z,GVS Ravage ,Week 1 - Day 5 - Torso B,"Chest Press, Leverage Machine",0,12,4,0,9,9.5,1,18.75,lb,110,lb,0,2026-07-06T17:19:15.043Z,Pectoralis Major Sternal Head,"Deltoid Anterior,Pectoralis Major Clavicular Head,Triceps Brachii",
2026-07-06T16:38:58.114Z,GVS Ravage ,Week 1 - Day 5 - Torso B,"Chest Press, Leverage Machine",0,12,5,0,9,10,1,18.75,lb,110,lb,0,2026-07-06T17:32:17.537Z,Pectoralis Major Sternal Head,"Deltoid Anterior,Pectoralis Major Clavicular Head,Triceps Brachii",
2026-07-06T16:38:58.114Z,GVS Ravage ,Week 1 - Day 5 - Torso B,Helms Row,0,20,9,0,10,10,1,45,lb,40,lb,0,2026-07-06T17:03:50.714Z,"Latissimus Dorsi,Trapezius Middle Fibers","Deltoid Posterior,Biceps Brachii,Brachialis,Brachioradialis",
2026-07-06T16:38:58.114Z,GVS Ravage ,Week 1 - Day 5 - Torso B,Helms Row,0,20,9,0,10,9.5,1,45,lb,40,lb,0,2026-07-06T17:22:12.262Z,"Latissimus Dorsi,Trapezius Middle Fibers","Deltoid Posterior,Biceps Brachii,Brachialis,Brachioradialis",
2026-07-06T16:38:58.114Z,GVS Ravage ,Week 1 - Day 5 - Torso B,Shoulder Press,1,5,2,0,,,0,17.5,lb,40,lb,0,2026-07-06T17:07:01.027Z,Deltoid Anterior,"Deltoid Lateral,Pectoralis Major Clavicular Head,Serratus Anterior,Trapezius Lower Fibers,Trapezius Middle Fibers,Triceps Brachii",
2026-07-06T16:38:58.114Z,GVS Ravage ,Week 1 - Day 5 - Torso B,Shoulder Press,0,12,10,0,9,10,1,22.5,lb,40,lb,0,2026-07-06T17:12:15.276Z,Deltoid Anterior,"Deltoid Lateral,Pectoralis Major Clavicular Head,Serratus Anterior,Trapezius Lower Fibers,Trapezius Middle Fibers,Triceps Brachii",
2026-07-06T16:38:58.114Z,GVS Ravage ,Week 1 - Day 5 - Torso B,Shoulder Press,0,12,7,0,9,9.5,1,22.5,lb,40,lb,0,2026-07-06T17:25:51.473Z,Deltoid Anterior,"Deltoid Lateral,Pectoralis Major Clavicular Head,Serratus Anterior,Trapezius Lower Fibers,Trapezius Middle Fibers,Triceps Brachii",
2026-07-06T16:38:58.114Z,GVS Ravage ,Week 1 - Day 5 - Torso B,Seated Row,1,,3,0,,,0,,,45,lb,0,2026-07-06T17:26:20.988Z,"Latissimus Dorsi,Trapezius Lower Fibers,Trapezius Middle Fibers","Brachialis,Brachioradialis,Deltoid Posterior,Erector Spinae,Infraspinatus,Pectoralis Major Sternal Head,Teres Major,Teres Minor",
2026-07-06T16:38:58.114Z,GVS Ravage ,Week 1 - Day 5 - Torso B,Seated Row,0,20,12,0,10,10,1,77.5,lb,80,lb,0,2026-07-06T17:27:55.143Z,"Latissimus Dorsi,Trapezius Lower Fibers,Trapezius Middle Fibers","Brachialis,Brachioradialis,Deltoid Posterior,Erector Spinae,Infraspinatus,Pectoralis Major Sternal Head,Teres Major,Teres Minor",
2026-07-06T16:38:58.114Z,GVS Ravage ,Week 1 - Day 5 - Torso B,Seated Row,0,20,15,0,10,10,1,80,lb,80,lb,0,2026-07-06T17:34:51.148Z,"Latissimus Dorsi,Trapezius Lower Fibers,Trapezius Middle Fibers","Brachialis,Brachioradialis,Deltoid Posterior,Erector Spinae,Infraspinatus,Pectoralis Major Sternal Head,Teres Major,Teres Minor",
2026-07-04T19:21:07.795Z,GVS Ravage ,Week 1 - Day 3 - Bro Day A,Hammer Curl,1,,2,0,,,0,,,25,lb,0,2026-07-04T19:22:09.098Z,Brachioradialis,"Biceps Brachii,Brachialis",
2026-07-04T19:21:07.795Z,GVS Ravage ,Week 1 - Day 3 - Bro Day A,Hammer Curl,0,20,11,0,10,10,1,25,lb,25,lb,0,2026-07-04T19:28:12.924Z,Brachioradialis,"Biceps Brachii,Brachialis",
2026-07-04T19:21:07.795Z,GVS Ravage ,Week 1 - Day 3 - Bro Day A,Hammer Curl,0,20,10,0,10,10,1,12.5,lb,25,lb,0,2026-07-04T19:34:10.958Z,Brachioradialis,"Biceps Brachii,Brachialis",
2026-07-04T19:21:07.795Z,GVS Ravage ,Week 1 - Day 3 - Bro Day A,Triceps Pushdown,1,5,2,0,,,0,47.5,lb,60,lb,0,2026-07-04T19:25:33.671Z,Triceps Brachii,,
2026-07-04T19:21:07.795Z,GVS Ravage ,Week 1 - Day 3 - Bro Day A,Triceps Pushdown,0,15,5,0,10,10,1,60,lb,50,lb,0,2026-07-04T19:29:13.988Z,Triceps Brachii,,
2026-07-04T19:21:07.795Z,GVS Ravage ,Week 1 - Day 3 - Bro Day A,Triceps Pushdown,0,15,3,0,10,10,1,22.5,lb,50,lb,0,2026-07-04T19:35:15.129Z,Triceps Brachii,,
2026-07-04T19:21:07.795Z,GVS Ravage ,Week 1 - Day 3 - Bro Day A,Incline Curl,0,10,5,0,10,10,1,20,lb,25,lb,0,2026-07-04T19:38:23.764Z,Biceps Brachii,"Brachialis,Brachioradialis",
2026-07-04T19:21:07.795Z,GVS Ravage ,Week 1 - Day 3 - Bro Day A,Incline Curl,0,10,5,0,10,10,1,12.5,lb,25,lb,0,2026-07-04T19:44:38.053Z,Biceps Brachii,"Brachialis,Brachioradialis",
2026-07-04T19:21:07.795Z,GVS Ravage ,Week 1 - Day 3 - Bro Day A,"Triceps Extension, Cable",0,15,9,0,10,10,1,47.5,lb,40,lb,0,2026-07-04T19:40:34.647Z,Triceps Brachii,,
2026-07-04T19:21:07.795Z,GVS Ravage ,Week 1 - Day 3 - Bro Day A,"Triceps Extension, Cable",0,15,9,0,10,10,1,47.5,lb,40,lb,0,2026-07-04T19:51:32.197Z,Triceps Brachii,,
2026-07-04T19:21:07.795Z,GVS Ravage ,Week 1 - Day 3 - Bro Day A,Lateral Raise,0,15,12,0,10,10,1,25,lb,15,lb,0,2026-07-04T19:52:26.387Z,Deltoid Lateral,"Deltoid Anterior,Serratus Anterior,Trapezius Lower Fibers,Trapezius Middle Fibers",
2026-07-04T19:21:07.795Z,GVS Ravage ,Week 1 - Day 3 - Bro Day A,Lateral Raise,0,15,15,0,10,10,1,25,lb,15,lb,0,2026-07-04T19:57:32.772Z,Deltoid Lateral,"Deltoid Anterior,Serratus Anterior,Trapezius Lower Fibers,Trapezius Middle Fibers",
2026-07-04T19:21:07.795Z,GVS Ravage ,Week 1 - Day 3 - Bro Day A,Upright Row,0,20,12,0,10,10,1,25,lb,25,lb,0,2026-07-04T20:04:31.667Z,Deltoid Lateral,"Biceps Brachii,Brachialis,Brachioradialis,Deltoid Anterior,Infraspinatus,Serratus Anterior,Teres Minor,Trapezius Lower Fibers,Trapezius Middle Fibers",
2026-07-04T19:21:07.795Z,GVS Ravage ,Week 1 - Day 3 - Bro Day A,Upright Row,0,20,16,0,10,10,1,10,lb,25,lb,0,2026-07-04T20:32:10.501Z,Deltoid Lateral,"Biceps Brachii,Brachialis,Brachioradialis,Deltoid Anterior,Infraspinatus,Serratus Anterior,Teres Minor,Trapezius Lower Fibers,Trapezius Middle Fibers",
2026-07-04T03:15:59.475Z,GVS Ravage ,Week 1 - Day 2 - Torso A,"Bench Press, Dumbbell",0,8,11,0,9,9.5,1,120,lb,40,lb,0,2026-07-04T03:19:32.200Z,Pectoralis Major Sternal Head,"Deltoid Anterior,Pectoralis Major Clavicular Head,Triceps Brachii",
2026-07-04T03:15:59.475Z,GVS Ravage ,Week 1 - Day 2 - Torso A,"Bench Press, Dumbbell",0,8,8,0,9,9.5,1,130,lb,40,lb,0,2026-07-04T03:27:31.954Z,Pectoralis Major Sternal Head,"Deltoid Anterior,Pectoralis Major Clavicular Head,Triceps Brachii",
2026-07-04T03:15:59.475Z,GVS Ravage ,Week 1 - Day 2 - Torso A,"Bench Press, Dumbbell",0,8,7,0,9,9.5,1,130,lb,40,lb,0,2026-07-04T03:33:27.848Z,Pectoralis Major Sternal Head,"Deltoid Anterior,Pectoralis Major Clavicular Head,Triceps Brachii",
2026-07-04T03:15:59.475Z,GVS Ravage ,Week 1 - Day 2 - Torso A,Narrow Pulldown,0,15,9,1,9,9.5,1,100,lb,100,lb,0,2026-07-04T03:23:05.351Z,Latissimus Dorsi,"Biceps Brachii,Brachialis,Brachioradialis,Trapezius Middle Fibers,Trapezius Lower Fibers,Teres Major,Deltoid Posterior",
2026-07-04T03:15:59.475Z,GVS Ravage ,Week 1 - Day 2 - Torso A,Narrow Pulldown,0,15,8,1,9,9.5,1,100,lb,100,lb,0,2026-07-04T03:29:21.926Z,Latissimus Dorsi,"Biceps Brachii,Brachialis,Brachioradialis,Trapezius Middle Fibers,Trapezius Lower Fibers,Teres Major,Deltoid Posterior",
2026-07-04T03:15:59.475Z,GVS Ravage ,Week 1 - Day 2 - Torso A,Narrow Pulldown,0,15,6,1,9,9.5,1,100,lb,100,lb,0,2026-07-04T03:35:21.644Z,Latissimus Dorsi,"Biceps Brachii,Brachialis,Brachioradialis,Trapezius Middle Fibers,Trapezius Lower Fibers,Teres Major,Deltoid Posterior",
2026-07-04T03:15:59.475Z,GVS Ravage ,Week 1 - Day 2 - Torso A,Smith Reverse Grip Bench,0,12,7,0,9,9.5,1,90,lb,40,lb,0,2026-07-04T03:38:12.693Z,"Pectoralis Major Clavicular Head,Triceps Brachii","Deltoid Anterior,Pectoralis Major Sternal Head",
2026-07-04T03:15:59.475Z,GVS Ravage ,Week 1 - Day 2 - Torso A,Smith Reverse Grip Bench,0,12,8,0,9,9.5,1,90,lb,40,lb,0,2026-07-04T03:43:06.612Z,"Pectoralis Major Clavicular Head,Triceps Brachii","Deltoid Anterior,Pectoralis Major Sternal Head",
2026-07-04T03:15:59.475Z,GVS Ravage ,Week 1 - Day 2 - Torso A,Machine Pulldown,0,15,4,0,9,9.5,1,135,lb,120,lb,0,2026-07-04T03:39:29.084Z,Latissimus Dorsi,"Trapezius Middle Fibers,Trapezius Lower Fibers,Deltoid Posterior,Biceps Brachii,Brachialis,Brachioradialis",
2026-07-04T03:15:59.475Z,GVS Ravage ,Week 1 - Day 2 - Torso A,Machine Pulldown,0,15,1,0,9,9.5,1,130,lb,120,lb,0,2026-07-04T03:47:52.654Z,Latissimus Dorsi,"Trapezius Middle Fibers,Trapezius Lower Fibers,Deltoid Posterior,Biceps Brachii,Brachialis,Brachioradialis",
2026-07-04T03:15:59.475Z,GVS Ravage ,Week 1 - Day 2 - Torso A,Cable Crossover,0,15,20,0,10,7,1,22.5,lb,10,lb,0,2026-07-04T03:52:05.138Z,Pectoralis Major Sternal Head,"Deltoid Anterior,Latissimus Dorsi,Levator Scapulae,Pectoralis Major Clavicular Head",
2026-07-04T03:15:59.475Z,GVS Ravage ,Week 1 - Day 2 - Torso A,Cable Crossover,0,15,13,0,10,9.5,1,22.5,lb,15,lb,0,2026-07-04T04:01:11.379Z,Pectoralis Major Sternal Head,"Deltoid Anterior,Latissimus Dorsi,Levator Scapulae,Pectoralis Major Clavicular Head",
2026-07-04T03:15:59.475Z,GVS Ravage ,Week 1 - Day 2 - Torso A,Bent Over One Arm Row,0,15,12,0,10,9.5,1,50,lb,40,lb,0,2026-07-04T03:54:35.791Z,"Latissimus Dorsi,Trapezius Lower Fibers,Trapezius Middle Fibers","Infraspinatus,Teres Major,Teres Minor,Brachialis,Brachioradialis,Deltoid Posterior,Pectoralis Major Sternal Head",
2026-07-04T03:15:59.475Z,GVS Ravage ,Week 1 - Day 2 - Torso A,Bent Over One Arm Row,0,15,15,0,10,10,1,37.5,lb,40,lb,0,2026-07-04T04:04:22.351Z,"Latissimus Dorsi,Trapezius Lower Fibers,Trapezius Middle Fibers","Infraspinatus,Teres Major,Teres Minor,Brachialis,Brachioradialis,Deltoid Posterior,Pectoralis Major Sternal Head",
2026-07-04T03:15:59.475Z,GVS Ravage ,Week 1 - Day 2 - Torso A,"Pullover, Cable",0,20,8,0,10,10,1,22.5,lb,40,lb,0,2026-07-04T04:08:23.061Z,Latissimus Dorsi,"Deltoid Posterior,Levator Scapulae,Pectoralis Major Sternal Head,Serratus Anterior,Teres Major,Trapezius Middle Fibers,Triceps Brachii",
2026-07-04T03:15:59.475Z,GVS Ravage ,Week 1 - Day 2 - Torso A,"Pullover, Cable",0,20,6,0,10,10,1,27.5,lb,40,lb,0,2026-07-04T04:10:30.443Z,Latissimus Dorsi,"Deltoid Posterior,Levator Scapulae,Pectoralis Major Sternal Head,Serratus Anterior,Teres Major,Trapezius Middle Fibers,Triceps Brachii",
2026-07-02T14:50:22.371Z,GVS Ravage ,Week 10 - Deload - Day 6 - Bro Day B,Hammer Curl,1,5,2,0,,,0,10,lb,25,lb,0,2026-07-02T14:54:23.154Z,Brachioradialis,"Biceps Brachii,Brachialis",
2026-07-02T14:50:22.371Z,GVS Ravage ,Week 10 - Deload - Day 6 - Bro Day B,Hammer Curl,0,20,9,0,10,10,1,12.5,lb,25,lb,0,2026-07-02T14:58:13.196Z,Brachioradialis,"Biceps Brachii,Brachialis",
2026-07-02T14:50:22.371Z,GVS Ravage ,Week 10 - Deload - Day 6 - Bro Day B,"Triceps Extension, Cable",1,,2,0,,,0,,,52.5,lb,0,2026-07-02T14:55:31.651Z,Triceps Brachii,,
2026-07-02T14:50:22.371Z,GVS Ravage ,Week 10 - Deload - Day 6 - Bro Day B,"Triceps Extension, Cable",0,15,7,0,10,10,1,10,lb,52.5,lb,0,2026-07-02T14:59:42.800Z,Triceps Brachii,,
2026-07-02T14:50:22.371Z,GVS Ravage ,Week 10 - Deload - Day 6 - Bro Day B,Bicep Curl,0,12,5,0,10,10,1,12.5,lb,25,lb,0,2026-07-02T15:01:58.282Z,Biceps Brachii,"Brachialis,Brachioradialis",
2026-07-02T14:50:22.371Z,GVS Ravage ,Week 10 - Deload - Day 6 - Bro Day B,Triceps Pushdown,0,15,10,0,10,10,1,22.5,lb,60,lb,0,2026-07-02T15:03:47.800Z,Triceps Brachii,,
2026-07-02T14:50:22.371Z,GVS Ravage ,Week 10 - Deload - Day 6 - Bro Day B,Lateral Raise,1,,2,0,,,0,,,15,lb,0,2026-07-02T15:05:34.079Z,Deltoid Lateral,"Deltoid Anterior,Serratus Anterior,Trapezius Lower Fibers,Trapezius Middle Fibers",
2026-07-02T14:50:22.371Z,GVS Ravage ,Week 10 - Deload - Day 6 - Bro Day B,Lateral Raise,0,20,12,0,10,10,1,10,lb,15,lb,0,2026-07-02T15:07:46.096Z,Deltoid Lateral,"Deltoid Anterior,Serratus Anterior,Trapezius Lower Fibers,Trapezius Middle Fibers",
2026-07-02T14:50:22.371Z,GVS Ravage ,Week 10 - Deload - Day 6 - Bro Day B,Lu Lateral Raise,0,15,10,0,10,10,1,10,lb,10,lb,0,2026-07-02T15:11:15.315Z,Deltoid Lateral,"Deltoid Anterior,Deltoid Posterior,Serratus Anterior,Trapezius Middle Fibers,Trapezius Lower Fibers",
2026-07-02T14:50:22.371Z,GVS Ravage ,Week 10 - Deload - Day 6 - Bro Day B,Cable Rear Delt One-Arm Row,0,20,11,0,10,10,1,15,lb,15,lb,0,2026-07-02T15:15:12.756Z,,,
2026-07-02T14:50:22.371Z,GVS Ravage ,Week 10 - Deload - Day 6 - Bro Day B,Neck Flexion,0,20,1,0,10,10,1,5,lb,5,lb,0,2026-07-02T15:16:01.190Z,Sternocleidomastoid,,
2026-07-02T14:50:22.371Z,GVS Ravage ,Week 10 - Deload - Day 6 - Bro Day B,"Wrist Curl, Dumbbell",0,20,15,0,10,10,1,22.5,lb,25,lb,0,2026-07-02T15:21:21.019Z,Wrist Flexors,,
2026-07-02T01:06:38.114Z,GVS Ravage ,Week 10 - Deload - Day 5 - Torso B,"Bench Press, Dumbbell",1,5,2,0,,,0,50,lb,60,lb,0,2026-07-02T01:09:51.945Z,Pectoralis Major Sternal Head,"Deltoid Anterior,Pectoralis Major Clavicular Head,Triceps Brachii",
2026-07-02T01:06:38.114Z,GVS Ravage ,Week 10 - Deload - Day 5 - Torso B,"Bench Press, Dumbbell",0,12,11,0,9,9,1,65,lb,60,lb,0,2026-07-02T01:18:25.231Z,Pectoralis Major Sternal Head,"Deltoid Anterior,Pectoralis Major Clavicular Head,Triceps Brachii",
2026-07-02T01:06:38.114Z,GVS Ravage ,Week 10 - Deload - Day 5 - Torso B,Machine Pulldown,1,5,2,0,,,0,105,lb,120,lb,0,2026-07-02T01:10:32.128Z,Latissimus Dorsi,"Trapezius Middle Fibers,Trapezius Lower Fibers,Deltoid Posterior,Biceps Brachii,Brachialis,Brachioradialis",
2026-07-02T01:06:38.114Z,GVS Ravage ,Week 10 - Deload - Day 5 - Torso B,Machine Pulldown,0,15,11,0,10,10,1,130,lb,120,lb,0,2026-07-02T01:20:41.659Z,Latissimus Dorsi,"Trapezius Middle Fibers,Trapezius Lower Fibers,Deltoid Posterior,Biceps Brachii,Brachialis,Brachioradialis",
2026-07-02T01:06:38.114Z,GVS Ravage ,Week 10 - Deload - Day 5 - Torso B,"Chest Press, Leverage Machine",0,12,11,0,9,9.5,1,18.75,lb,142.5,lb,0,2026-07-02T01:24:46.006Z,Pectoralis Major Sternal Head,"Deltoid Anterior,Pectoralis Major Clavicular Head,Triceps Brachii",
2026-07-02T01:06:38.114Z,GVS Ravage ,Week 10 - Deload - Day 5 - Torso B,Helms Row,0,20,11,0,10,10,1,45,lb,40,lb,0,2026-07-02T01:26:43.159Z,"Latissimus Dorsi,Trapezius Middle Fibers","Deltoid Posterior,Biceps Brachii,Brachialis,Brachioradialis",
2026-07-02T01:06:38.114Z,GVS Ravage ,Week 10 - Deload - Day 5 - Torso B,Shoulder Press,1,5,2,0,,,0,17.5,lb,40,lb,0,2026-07-02T01:28:24.580Z,Deltoid Anterior,"Deltoid Lateral,Pectoralis Major Clavicular Head,Serratus Anterior,Trapezius Lower Fibers,Trapezius Middle Fibers,Triceps Brachii",
2026-07-02T01:06:38.114Z,GVS Ravage ,Week 10 - Deload - Day 5 - Torso B,Shoulder Press,0,12,12,0,9,10,1,22.5,lb,40,lb,0,2026-07-02T01:33:17.054Z,Deltoid Anterior,"Deltoid Lateral,Pectoralis Major Clavicular Head,Serratus Anterior,Trapezius Lower Fibers,Trapezius Middle Fibers,Triceps Brachii",
2026-07-02T01:06:38.114Z,GVS Ravage ,Week 10 - Deload - Day 5 - Torso B,Seated Row,0,20,12,0,10,10,1,80,lb,87.5,lb,0,2026-07-02T01:34:21.400Z,"Latissimus Dorsi,Trapezius Lower Fibers,Trapezius Middle Fibers","Brachialis,Brachioradialis,Deltoid Posterior,Erector Spinae,Infraspinatus,Pectoralis Major Sternal Head,Teres Major,Teres Minor",
2026-07-01T00:14:28.458Z,GVS Ravage ,Week 10 - Deload - Day 4 - Legs B,"Squat, Smith Machine",1,5,3,0,,,0,65,lb,105,lb,0,2026-07-01T00:51:45.542Z,Quadriceps,"Adductor Magnus,Gluteus Maximus,Soleus",
2026-07-01T00:14:28.458Z,GVS Ravage ,Week 10 - Deload - Day 4 - Legs B,"Squat, Smith Machine",1,5,2,0,,,0,102.5,lb,165,lb,0,2026-07-01T00:53:21.769Z,Quadriceps,"Adductor Magnus,Gluteus Maximus,Soleus",
2026-07-01T00:14:28.458Z,GVS Ravage ,Week 10 - Deload - Day 4 - Legs B,"Squat, Smith Machine",0,8,8,0,9,8,1,130,lb,140,lb,0,2026-07-01T00:58:43.665Z,Quadriceps,"Adductor Magnus,Gluteus Maximus,Soleus",
2026-07-01T00:14:28.458Z,GVS Ravage ,Week 10 - Deload - Day 4 - Legs B,Romanian Deadlift,1,5,2,0,,,0,55,lb,65,lb,0,2026-07-01T01:08:07.033Z,Gluteus Maximus,"Adductor Magnus,Erector Spinae,Hamstrings",
2026-07-01T00:14:28.458Z,GVS Ravage ,Week 10 - Deload - Day 4 - Legs B,Romanian Deadlift,0,12,6,0,9,9.5,1,70,lb,65,lb,0,2026-07-01T01:11:38.650Z,Gluteus Maximus,"Adductor Magnus,Erector Spinae,Hamstrings",
2026-07-01T00:14:28.458Z,GVS Ravage ,Week 10 - Deload - Day 4 - Legs B,Lying Leg Curl,0,15,10,0,10,10,1,37.5,lb,82.5,lb,0,2026-07-01T01:27:59.874Z,Hamstrings,"Gastrocnemius,Sartorius",
2026-07-01T00:14:28.458Z,GVS Ravage ,Week 10 - Deload - Day 4 - Legs B,Leg Extension,0,20,11,0,10,10,1,30,lb,90,lb,0,2026-07-01T01:29:25.183Z,Quadriceps,,
2026-07-01T00:14:28.458Z,GVS Ravage ,Week 10 - Deload - Day 4 - Legs B,"Standing Calf Raise, Barbell",1,5,3,0,,,0,80,lb,165,lb,0,2026-07-01T01:00:51.419Z,Gastrocnemius,Soleus,
2026-07-01T00:14:28.458Z,GVS Ravage ,Week 10 - Deload - Day 4 - Legs B,"Standing Calf Raise, Barbell",1,5,2,0,,,0,127.5,lb,185,lb,0,2026-07-01T01:01:52.664Z,Gastrocnemius,Soleus,
2026-07-01T00:14:28.458Z,GVS Ravage ,Week 10 - Deload - Day 4 - Legs B,"Standing Calf Raise, Barbell",0,20,20,0,10,6.5,1,160,lb,185,lb,0,2026-07-01T01:05:10.658Z,Gastrocnemius,Soleus,
2026-06-30T00:40:53.943Z,GVS Ravage ,Week 10 - Day 3 - Bro Day A,Hammer Curl,1,,2,0,,,0,,,25,lb,0,2026-06-30T00:42:24.673Z,Brachioradialis,"Biceps Brachii,Brachialis",
2026-06-30T00:40:53.943Z,GVS Ravage ,Week 10 - Day 3 - Bro Day A,Hammer Curl,0,20,9,0,,,0,,,25,lb,0,2026-06-30T00:48:36.877Z,Brachioradialis,"Biceps Brachii,Brachialis",
2026-06-30T00:40:53.943Z,GVS Ravage ,Week 10 - Day 3 - Bro Day A,"Triceps Extension, Cable",1,5,2,0,,,0,30,lb,55,lb,0,2026-06-30T00:43:17.664Z,Triceps Brachii,,
2026-06-30T00:40:53.943Z,GVS Ravage ,Week 10 - Day 3 - Bro Day A,"Triceps Extension, Cable",0,15,11,0,,,0,37.5,lb,52.5,lb,0,2026-06-30T00:50:31.004Z,Triceps Brachii,,
2026-06-30T00:40:53.943Z,GVS Ravage ,Week 10 - Day 3 - Bro Day A,Incline Curl,0,10,11,0,,,0,,,20,lb,0,2026-06-30T00:52:24.118Z,Biceps Brachii,"Brachialis,Brachioradialis",
2026-06-30T00:40:53.943Z,GVS Ravage ,Week 10 - Day 3 - Bro Day A,Triceps Pushdown,0,15,11,0,,,0,,,60,lb,0,2026-06-30T00:55:50.664Z,Triceps Brachii,,
2026-06-30T00:40:53.943Z,GVS Ravage ,Week 10 - Day 3 - Bro Day A,Lateral Raise,0,15,7,0,,,0,15,lb,20,lb,0,2026-06-30T01:02:26.704Z,Deltoid Lateral,"Deltoid Anterior,Serratus Anterior,Trapezius Lower Fibers,Trapezius Middle Fibers",
2026-06-30T00:40:53.943Z,GVS Ravage ,Week 10 - Day 3 - Bro Day A,Upright Row,1,,2,0,,,0,,,25,lb,0,2026-06-30T00:57:17.644Z,Deltoid Lateral,"Biceps Brachii,Brachialis,Brachioradialis,Deltoid Anterior,Infraspinatus,Serratus Anterior,Teres Minor,Trapezius Lower Fibers,Trapezius Middle Fibers",
2026-06-30T00:40:53.943Z,GVS Ravage ,Week 10 - Day 3 - Bro Day A,Upright Row,0,20,12,0,,,0,,,25,lb,0,2026-06-30T01:00:20.159Z,Deltoid Lateral,"Biceps Brachii,Brachialis,Brachioradialis,Deltoid Anterior,Infraspinatus,Serratus Anterior,Teres Minor,Trapezius Lower Fibers,Trapezius Middle Fibers",
2026-06-29T00:47:33.834Z,GVS Ravage ,Week 10 - Day 2 - Torso A,Smith Machine Close Grip Larsen Press,1,5,3,0,,,0,60,lb,105,lb,0,2026-06-29T00:57:33.495Z,"Triceps Brachii,Pectoralis Major Sternal Head","Pectoralis Major Clavicular Head,Deltoid Anterior,Serratus Anterior",
2026-06-29T00:47:33.834Z,GVS Ravage ,Week 10 - Day 2 - Torso A,Smith Machine Close Grip Larsen Press,1,5,2,0,,,0,95,lb,145,lb,0,2026-06-29T00:59:34.745Z,"Triceps Brachii,Pectoralis Major Sternal Head","Pectoralis Major Clavicular Head,Deltoid Anterior,Serratus Anterior",
2026-06-29T00:47:33.834Z,GVS Ravage ,Week 10 - Day 2 - Torso A,Smith Machine Close Grip Larsen Press,0,8,6,0,,,0,120,lb,145,lb,0,2026-06-29T01:05:49.523Z,"Triceps Brachii,Pectoralis Major Sternal Head","Pectoralis Major Clavicular Head,Deltoid Anterior,Serratus Anterior",
2026-06-29T00:47:33.834Z,GVS Ravage ,Week 10 - Day 2 - Torso A,Narrow Pulldown,1,5,2,0,,,0,80,lb,105,lb,0,2026-06-29T01:00:37.083Z,Latissimus Dorsi,"Biceps Brachii,Brachialis,Brachioradialis,Trapezius Middle Fibers,Trapezius Lower Fibers,Teres Major,Deltoid Posterior",
2026-06-29T00:47:33.834Z,GVS Ravage ,Week 10 - Day 2 - Torso A,Narrow Pulldown,0,15,9,1,,,0,100,lb,105,lb,0,2026-06-29T01:08:38.352Z,Latissimus Dorsi,"Biceps Brachii,Brachialis,Brachioradialis,Trapezius Middle Fibers,Trapezius Lower Fibers,Teres Major,Deltoid Posterior",
2026-06-29T00:47:33.834Z,GVS Ravage ,Week 10 - Day 2 - Torso A,Smith Reverse Grip Bench,0,12,8,0,,,0,90,lb,105,lb,0,2026-06-29T01:13:44.242Z,"Pectoralis Major Clavicular Head,Triceps Brachii","Deltoid Anterior,Pectoralis Major Sternal Head",
2026-06-29T00:47:33.834Z,GVS Ravage ,Week 10 - Day 2 - Torso A,Machine Pulldown,0,15,12,0,,,0,135,lb,120,lb,0,2026-06-29T01:16:19.800Z,Latissimus Dorsi,"Trapezius Middle Fibers,Trapezius Lower Fibers,Deltoid Posterior,Biceps Brachii,Brachialis,Brachioradialis",
2026-06-29T00:47:33.834Z,GVS Ravage ,Week 10 - Day 2 - Torso A,Cable Crossover,0,15,10,0,,,0,12.5,lb,20,lb,0,2026-06-29T01:20:39.853Z,Pectoralis Major Sternal Head,"Deltoid Anterior,Latissimus Dorsi,Levator Scapulae,Pectoralis Major Clavicular Head",
2026-06-29T00:47:33.834Z,GVS Ravage ,Week 10 - Day 2 - Torso A,Bent Over One Arm Row,0,15,14,0,,,0,,,50,lb,0,2026-06-29T01:24:01.989Z,"Latissimus Dorsi,Trapezius Lower Fibers,Trapezius Middle Fibers","Infraspinatus,Teres Major,Teres Minor,Brachialis,Brachioradialis,Deltoid Posterior,Pectoralis Major Sternal Head",
2026-06-29T00:47:33.834Z,GVS Ravage ,Week 10 - Day 2 - Torso A,"Pullover, Cable",0,20,17,0,,,0,10,lb,42.5,lb,0,2026-06-29T01:28:04.674Z,Latissimus Dorsi,"Deltoid Posterior,Levator Scapulae,Pectoralis Major Sternal Head,Serratus Anterior,Teres Major,Trapezius Middle Fibers,Triceps Brachii",
2026-06-27T23:57:10.824Z,GVS Ravage ,Week 10 - Day 1 - Legs A,"Hack Squat, Smith Machine",1,5,3,0,,,0,57.5,lb,105,lb,0,2026-06-28T00:04:28.508Z,Quadriceps,"Adductor Magnus,Gluteus Maximus,Soleus",
2026-06-27T23:57:10.824Z,GVS Ravage ,Week 10 - Day 1 - Legs A,"Hack Squat, Smith Machine",1,5,2,0,,,0,90,lb,135,lb,0,2026-06-28T00:05:44.777Z,Quadriceps,"Adductor Magnus,Gluteus Maximus,Soleus",
2026-06-27T23:57:10.824Z,GVS Ravage ,Week 10 - Day 1 - Legs A,"Hack Squat, Smith Machine",0,10,9,0,,,0,115,lb,125,lb,0,2026-06-28T00:09:37.518Z,Quadriceps,"Adductor Magnus,Gluteus Maximus,Soleus",
2026-06-27T23:57:10.824Z,GVS Ravage ,Week 10 - Day 1 - Legs A,"Stiff Leg Deadlift, Dumbbell",1,,2,0,,,0,,,60,lb,0,2026-06-28T00:01:06.884Z,Erector Spinae,"Adductor Magnus,Gluteus Maximus,Hamstrings",
2026-06-27T23:57:10.824Z,GVS Ravage ,Week 10 - Day 1 - Legs A,"Stiff Leg Deadlift, Dumbbell",0,15,10,0,,,0,25,lb,60,lb,0,2026-06-28T00:11:31.474Z,Erector Spinae,"Adductor Magnus,Gluteus Maximus,Hamstrings",
2026-06-27T23:57:10.824Z,GVS Ravage ,Week 10 - Day 1 - Legs A,Walking Lunge,0,30,11,0,,,0,15,lb,15,lb,0,2026-06-28T00:12:45.146Z,Quadriceps,"Gastrocnemius,Gluteus Maximus,Hamstrings,Soleus",
2026-06-27T23:57:10.824Z,GVS Ravage ,Week 10 - Day 1 - Legs A,Lying Leg Curl,0,12,12,0,,,0,85,lb,82.5,lb,0,2026-06-28T00:18:13.654Z,Hamstrings,"Gastrocnemius,Sartorius",
2026-06-27T00:57:15.835Z,GVS Ravage ,Week 9 - Day 6 - Bro Day B,Hammer Curl,1,5,2,0,,,0,10,lb,25,lb,0,2026-06-27T00:59:31.052Z,Brachioradialis,"Biceps Brachii,Brachialis",
2026-06-27T00:57:15.835Z,GVS Ravage ,Week 9 - Day 6 - Bro Day B,Hammer Curl,0,20,11,0,10,10,1,12.5,lb,25,lb,0,2026-06-27T01:05:44.356Z,Brachioradialis,"Biceps Brachii,Brachialis",
2026-06-27T00:57:15.835Z,GVS Ravage ,Week 9 - Day 6 - Bro Day B,Hammer Curl,0,20,12,0,10,10,1,12.5,lb,25,lb,0,2026-06-27T01:14:13.336Z,Brachioradialis,"Biceps Brachii,Brachialis",
2026-06-27T00:57:15.835Z,GVS Ravage ,Week 9 - Day 6 - Bro Day B,"Triceps Extension, Cable",1,,2,0,,,0,,,55,lb,0,2026-06-27T01:01:31.252Z,Triceps Brachii,,
2026-06-27T00:57:15.835Z,GVS Ravage ,Week 9 - Day 6 - Bro Day B,"Triceps Extension, Cable",0,15,15,0,10,10,1,10,lb,55,lb,0,2026-06-27T01:07:50.481Z,Triceps Brachii,,
2026-06-27T00:57:15.835Z,GVS Ravage ,Week 9 - Day 6 - Bro Day B,"Triceps Extension, Cable",0,15,12,0,10,10,1,10,lb,55,lb,0,2026-06-27T01:16:08.126Z,Triceps Brachii,,
2026-06-27T00:57:15.835Z,GVS Ravage ,Week 9 - Day 6 - Bro Day B,Bicep Curl,0,12,9,0,10,10,1,12.5,lb,25,lb,0,2026-06-27T01:19:47.677Z,Biceps Brachii,"Brachialis,Brachioradialis",
2026-06-27T00:57:15.835Z,GVS Ravage ,Week 9 - Day 6 - Bro Day B,Bicep Curl,0,12,8,0,10,10,1,12.5,lb,25,lb,0,2026-06-27T01:25:22.158Z,Biceps Brachii,"Brachialis,Brachioradialis",
2026-06-27T00:57:15.835Z,GVS Ravage ,Week 9 - Day 6 - Bro Day B,Triceps Pushdown,0,15,7,0,10,10,1,22.5,lb,62.5,lb,0,2026-06-27T01:20:47.319Z,Triceps Brachii,,
2026-06-27T00:57:15.835Z,GVS Ravage ,Week 9 - Day 6 - Bro Day B,Triceps Pushdown,0,15,6,0,10,10,1,22.5,lb,62.5,lb,0,2026-06-27T01:26:51.506Z,Triceps Brachii,,
2026-06-27T00:57:15.835Z,GVS Ravage ,Week 9 - Day 6 - Bro Day B,Lateral Raise,1,,2,0,,,0,,,20,lb,0,2026-06-27T01:29:22.093Z,Deltoid Lateral,"Deltoid Anterior,Serratus Anterior,Trapezius Lower Fibers,Trapezius Middle Fibers",
2026-06-27T00:57:15.835Z,GVS Ravage ,Week 9 - Day 6 - Bro Day B,Lateral Raise,0,20,12,0,10,10,1,10,lb,20,lb,0,2026-06-27T01:32:04.121Z,Deltoid Lateral,"Deltoid Anterior,Serratus Anterior,Trapezius Lower Fibers,Trapezius Middle Fibers",
2026-06-27T00:57:15.835Z,GVS Ravage ,Week 9 - Day 6 - Bro Day B,Lateral Raise,0,20,9,0,10,10,1,10,lb,20,lb,0,2026-06-27T01:37:31.739Z,Deltoid Lateral,"Deltoid Anterior,Serratus Anterior,Trapezius Lower Fibers,Trapezius Middle Fibers",
2026-06-27T00:57:15.835Z,GVS Ravage ,Week 9 - Day 6 - Bro Day B,Lu Lateral Raise,0,15,7,0,10,10,1,10,lb,15,lb,0,2026-06-27T01:38:47.672Z,Deltoid Lateral,"Deltoid Anterior,Deltoid Posterior,Serratus Anterior,Trapezius Middle Fibers,Trapezius Lower Fibers",
2026-06-27T00:57:15.835Z,GVS Ravage ,Week 9 - Day 6 - Bro Day B,Lu Lateral Raise,0,15,7,0,10,10,1,10,lb,15,lb,0,2026-06-27T01:41:47.684Z,Deltoid Lateral,"Deltoid Anterior,Deltoid Posterior,Serratus Anterior,Trapezius Middle Fibers,Trapezius Lower Fibers",
2026-06-27T00:57:15.835Z,GVS Ravage ,Week 9 - Day 6 - Bro Day B,Cable Rear Delt One-Arm Row,0,20,12,0,10,10,1,15,lb,15,lb,0,2026-06-27T01:43:20.074Z,,,
2026-06-27T00:57:15.835Z,GVS Ravage ,Week 9 - Day 6 - Bro Day B,Cable Rear Delt One-Arm Row,0,20,13,0,10,10,1,15,lb,15,lb,0,2026-06-27T01:47:53.027Z,,,
2026-06-27T00:57:15.835Z,GVS Ravage ,Week 9 - Day 6 - Bro Day B,Neck Flexion,0,20,3,0,10,10,1,5,lb,5,lb,0,2026-06-27T01:50:46.917Z,Sternocleidomastoid,,
2026-06-27T00:57:15.835Z,GVS Ravage ,Week 9 - Day 6 - Bro Day B,"Wrist Curl, Dumbbell",1,,2,0,,,0,,,25,lb,0,2026-06-27T01:51:23.388Z,Wrist Flexors,,
2026-06-27T00:57:15.835Z,GVS Ravage ,Week 9 - Day 6 - Bro Day B,"Wrist Curl, Dumbbell",0,20,13,0,10,10,1,22.5,lb,25,lb,0,2026-06-27T01:54:41.395Z,Wrist Flexors,,
2026-06-25T01:01:39.871Z,GVS Ravage ,Week 9 - Day 5 - Torso B,"Bench Press, Dumbbell",1,5,2,0,,,0,50,lb,65,lb,0,2026-06-25T01:04:05.306Z,Pectoralis Major Sternal Head,"Deltoid Anterior,Pectoralis Major Clavicular Head,Triceps Brachii",
2026-06-25T01:01:39.871Z,GVS Ravage ,Week 9 - Day 5 - Torso B,"Bench Press, Dumbbell",0,12,6,0,9,9.5,1,65,lb,65,lb,0,2026-06-25T01:10:32.507Z,Pectoralis Major Sternal Head,"Deltoid Anterior,Pectoralis Major Clavicular Head,Triceps Brachii",
2026-06-25T01:01:39.871Z,GVS Ravage ,Week 9 - Day 5 - Torso B,"Bench Press, Dumbbell",0,12,8,0,9,10,1,65,lb,65,lb,0,2026-06-25T01:17:26.267Z,Pectoralis Major Sternal Head,"Deltoid Anterior,Pectoralis Major Clavicular Head,Triceps Brachii",
2026-06-25T01:01:39.871Z,GVS Ravage ,Week 9 - Day 5 - Torso B,Neutral Grip Pull-Up,1,,1,0,,,0,,,2.25,lb,0,2026-06-25T01:05:13.980Z,Latissimus Dorsi,"Biceps Brachii,Brachialis,Brachioradialis,Trapezius Middle Fibers,Trapezius Lower Fibers,Teres Major,Deltoid Posterior",
2026-06-25T01:01:39.871Z,GVS Ravage ,Week 9 - Day 5 - Torso B,Neutral Grip Pull-Up,0,15,3,0,10,9.5,1,0,lb,2.25,lb,0,2026-06-25T01:11:16.799Z,Latissimus Dorsi,"Biceps Brachii,Brachialis,Brachioradialis,Trapezius Middle Fibers,Trapezius Lower Fibers,Teres Major,Deltoid Posterior",
2026-06-25T01:01:39.871Z,GVS Ravage ,Week 9 - Day 5 - Torso B,Neutral Grip Pull-Up,0,15,2,0,10,10,1,0,lb,2.25,lb,0,2026-06-25T01:19:03.917Z,Latissimus Dorsi,"Biceps Brachii,Brachialis,Brachioradialis,Trapezius Middle Fibers,Trapezius Lower Fibers,Teres Major,Deltoid Posterior",
2026-06-25T01:01:39.871Z,GVS Ravage ,Week 9 - Day 5 - Torso B,"Chest Press, Leverage Machine",1,5,2,0,,,0,15,lb,142.5,lb,0,2026-06-25T01:20:55.571Z,Pectoralis Major Sternal Head,"Deltoid Anterior,Pectoralis Major Clavicular Head,Triceps Brachii",
2026-06-25T01:01:39.871Z,GVS Ravage ,Week 9 - Day 5 - Torso B,"Chest Press, Leverage Machine",0,12,8,0,9,9.5,1,18.75,lb,142.5,lb,0,2026-06-25T01:24:29.379Z,Pectoralis Major Sternal Head,"Deltoid Anterior,Pectoralis Major Clavicular Head,Triceps Brachii",
2026-06-25T01:01:39.871Z,GVS Ravage ,Week 9 - Day 5 - Torso B,"Chest Press, Leverage Machine",0,12,8,0,9,10,1,18.75,lb,142.5,lb,0,2026-06-25T01:29:42.177Z,Pectoralis Major Sternal Head,"Deltoid Anterior,Pectoralis Major Clavicular Head,Triceps Brachii",
2026-06-25T01:01:39.871Z,GVS Ravage ,Week 9 - Day 5 - Torso B,Helms Row,1,,2,0,,,0,,,40,lb,0,2026-06-25T01:20:07.128Z,"Latissimus Dorsi,Trapezius Middle Fibers","Deltoid Posterior,Biceps Brachii,Brachialis,Brachioradialis",
2026-06-25T01:01:39.871Z,GVS Ravage ,Week 9 - Day 5 - Torso B,Helms Row,0,20,11,0,10,10,1,45,lb,40,lb,0,2026-06-25T01:26:18.168Z,"Latissimus Dorsi,Trapezius Middle Fibers","Deltoid Posterior,Biceps Brachii,Brachialis,Brachioradialis",
2026-06-25T01:01:39.871Z,GVS Ravage ,Week 9 - Day 5 - Torso B,Helms Row,0,20,13,0,10,10,1,45,lb,40,lb,0,2026-06-25T01:32:46.269Z,"Latissimus Dorsi,Trapezius Middle Fibers","Deltoid Posterior,Biceps Brachii,Brachialis,Brachioradialis",
2026-06-25T01:01:39.871Z,GVS Ravage ,Week 9 - Day 5 - Torso B,Shoulder Press,1,5,2,0,,,0,17.5,lb,45,lb,0,2026-06-25T01:36:59.170Z,Deltoid Anterior,"Deltoid Lateral,Pectoralis Major Clavicular Head,Serratus Anterior,Trapezius Lower Fibers,Trapezius Middle Fibers,Triceps Brachii",
2026-06-25T01:01:39.871Z,GVS Ravage ,Week 9 - Day 5 - Torso B,Shoulder Press,0,12,8,0,9,10,1,22.5,lb,45,lb,0,2026-06-25T01:41:48.340Z,Deltoid Anterior,"Deltoid Lateral,Pectoralis Major Clavicular Head,Serratus Anterior,Trapezius Lower Fibers,Trapezius Middle Fibers,Triceps Brachii",
2026-06-25T01:01:39.871Z,GVS Ravage ,Week 9 - Day 5 - Torso B,Shoulder Press,0,12,5,0,9,10,1,22.5,lb,45,lb,0,2026-06-25T01:45:42.562Z,Deltoid Anterior,"Deltoid Lateral,Pectoralis Major Clavicular Head,Serratus Anterior,Trapezius Lower Fibers,Trapezius Middle Fibers,Triceps Brachii",
2026-06-25T01:01:39.871Z,GVS Ravage ,Week 9 - Day 5 - Torso B,Seated Row,1,5,2,0,,,0,60,lb,87.5,lb,0,2026-06-25T01:37:47.438Z,"Latissimus Dorsi,Trapezius Lower Fibers,Trapezius Middle Fibers","Brachialis,Brachioradialis,Deltoid Posterior,Erector Spinae,Infraspinatus,Pectoralis Major Sternal Head,Teres Major,Teres Minor",
2026-06-25T01:01:39.871Z,GVS Ravage ,Week 9 - Day 5 - Torso B,Seated Row,0,20,16,0,10,10,1,77.5,lb,87.5,lb,0,2026-06-25T01:42:37.859Z,"Latissimus Dorsi,Trapezius Lower Fibers,Trapezius Middle Fibers","Brachialis,Brachioradialis,Deltoid Posterior,Erector Spinae,Infraspinatus,Pectoralis Major Sternal Head,Teres Major,Teres Minor",
2026-06-25T01:01:39.871Z,GVS Ravage ,Week 9 - Day 5 - Torso B,Seated Row,0,20,16,0,10,10,1,80,lb,87.5,lb,0,2026-06-25T01:47:42.258Z,"Latissimus Dorsi,Trapezius Lower Fibers,Trapezius Middle Fibers","Brachialis,Brachioradialis,Deltoid Posterior,Erector Spinae,Infraspinatus,Pectoralis Major Sternal Head,Teres Major,Teres Minor",
2026-06-24T00:12:08.306Z,GVS Ravage ,Week 9 - Day 4 - Legs B,"Squat, Smith Machine",1,5,3,0,,,0,65,lb,105,lb,0,2026-06-24T00:16:29.433Z,Quadriceps,"Adductor Magnus,Gluteus Maximus,Soleus",
2026-06-24T00:12:08.306Z,GVS Ravage ,Week 9 - Day 4 - Legs B,"Squat, Smith Machine",1,5,2,0,,,0,102.5,lb,175,lb,0,2026-06-24T00:17:40.981Z,Quadriceps,"Adductor Magnus,Gluteus Maximus,Soleus",
2026-06-24T00:12:08.306Z,GVS Ravage ,Week 9 - Day 4 - Legs B,"Squat, Smith Machine",0,8,5,0,9,9,1,130,lb,175,lb,0,2026-06-24T00:22:37.405Z,Quadriceps,"Adductor Magnus,Gluteus Maximus,Soleus",
2026-06-24T00:12:08.306Z,GVS Ravage ,Week 9 - Day 4 - Legs B,"Squat, Smith Machine",0,8,4,0,9,9.5,1,130,lb,175,lb,0,2026-06-24T00:28:15.342Z,Quadriceps,"Adductor Magnus,Gluteus Maximus,Soleus",
2026-06-24T00:12:08.306Z,GVS Ravage ,Week 9 - Day 4 - Legs B,Romanian Deadlift,1,5,2,0,,,0,55,lb,75,lb,0,2026-06-24T00:36:38.633Z,Gluteus Maximus,"Adductor Magnus,Erector Spinae,Hamstrings",
2026-06-24T00:12:08.306Z,GVS Ravage ,Week 9 - Day 4 - Legs B,Romanian Deadlift,0,12,7,0,9,10,1,70,lb,70,lb,0,2026-06-24T00:38:42.666Z,Gluteus Maximus,"Adductor Magnus,Erector Spinae,Hamstrings",
2026-06-24T00:12:08.306Z,GVS Ravage ,Week 9 - Day 4 - Legs B,Romanian Deadlift,0,12,4,0,9,10,1,70,lb,70,lb,0,2026-06-24T00:42:28.863Z,Gluteus Maximus,"Adductor Magnus,Erector Spinae,Hamstrings",
2026-06-24T00:12:08.306Z,GVS Ravage ,Week 9 - Day 4 - Legs B,"Standing Calf Raise, Barbell",0,20,14,0,10,9.5,1,160,lb,195,lb,0,2026-06-24T00:30:56.218Z,Gastrocnemius,Soleus,
2026-06-24T00:12:08.306Z,GVS Ravage ,Week 9 - Day 4 - Legs B,"Standing Calf Raise, Barbell",0,20,20,0,10,9,1,180,lb,195,lb,0,2026-06-24T00:34:43.598Z,Gastrocnemius,Soleus,
2026-06-24T00:12:08.306Z,GVS Ravage ,Week 9 - Day 4 - Legs B,Lying Leg Curl,0,15,13,0,10,10,1,35,lb,90,lb,0,2026-06-24T00:45:34.239Z,Hamstrings,"Gastrocnemius,Sartorius",
2026-06-24T00:12:08.306Z,GVS Ravage ,Week 9 - Day 4 - Legs B,Lying Leg Curl,0,15,8,0,10,10,1,35,lb,90,lb,0,2026-06-24T00:49:40.611Z,Hamstrings,"Gastrocnemius,Sartorius",
2026-06-24T00:12:08.306Z,GVS Ravage ,Week 9 - Day 4 - Legs B,Leg Extension,0,20,12,0,10,10,1,30,lb,90,lb,0,2026-06-24T00:46:44.636Z,Quadriceps,,
2026-06-24T00:12:08.306Z,GVS Ravage ,Week 9 - Day 4 - Legs B,Leg Extension,0,20,9,0,10,10,1,30,lb,90,lb,0,2026-06-24T00:50:44.198Z,Quadriceps,,
2026-06-23T00:45:40.604Z,GVS Ravage ,Week 9 - Day 3 - Bro Day A,Hammer Curl,1,5,2,0,,,0,10,lb,25,lb,0,2026-06-23T00:46:44.175Z,Brachioradialis,"Biceps Brachii,Brachialis",
2026-06-23T00:45:40.604Z,GVS Ravage ,Week 9 - Day 3 - Bro Day A,Hammer Curl,0,20,11,0,10,10,1,12.5,lb,25,lb,0,2026-06-23T00:54:46.880Z,Brachioradialis,"Biceps Brachii,Brachialis",
2026-06-23T00:45:40.604Z,GVS Ravage ,Week 9 - Day 3 - Bro Day A,Hammer Curl,0,20,11,0,10,10,1,12.5,lb,25,lb,0,2026-06-23T01:03:14.444Z,Brachioradialis,"Biceps Brachii,Brachialis",
2026-06-23T00:45:40.604Z,GVS Ravage ,Week 9 - Day 3 - Bro Day A,"Triceps Extension, Cable",1,5,2,0,,,0,22.5,lb,55,lb,0,2026-06-23T00:48:14.812Z,Triceps Brachii,,
2026-06-23T00:45:40.604Z,GVS Ravage ,Week 9 - Day 3 - Bro Day A,"Triceps Extension, Cable",0,15,11,0,10,10,1,47.5,lb,55,lb,0,2026-06-23T00:56:48.801Z,Triceps Brachii,,
2026-06-23T00:45:40.604Z,GVS Ravage ,Week 9 - Day 3 - Bro Day A,"Triceps Extension, Cable",0,15,13,0,10,10,1,47.5,lb,55,lb,0,2026-06-23T01:04:49.781Z,Triceps Brachii,,
2026-06-23T00:45:40.604Z,GVS Ravage ,Week 9 - Day 3 - Bro Day A,Incline Curl,0,10,7,0,10,10,1,12.5,lb,25,lb,0,2026-06-23T01:08:18.809Z,Biceps Brachii,"Brachialis,Brachioradialis",
2026-06-23T00:45:40.604Z,GVS Ravage ,Week 9 - Day 3 - Bro Day A,Incline Curl,0,10,7,0,10,10,1,12.5,lb,25,lb,0,2026-06-23T01:17:57.610Z,Biceps Brachii,"Brachialis,Brachioradialis",
2026-06-23T00:45:40.604Z,GVS Ravage ,Week 9 - Day 3 - Bro Day A,Triceps Pushdown,0,15,8,0,10,10,1,22.5,lb,62.5,lb,0,2026-06-23T01:09:49.562Z,Triceps Brachii,,
2026-06-23T00:45:40.604Z,GVS Ravage ,Week 9 - Day 3 - Bro Day A,Triceps Pushdown,0,15,7,0,10,10,1,22.5,lb,62.5,lb,0,2026-06-23T01:19:57.357Z,Triceps Brachii,,
2026-06-23T00:45:40.604Z,GVS Ravage ,Week 9 - Day 3 - Bro Day A,Lateral Raise,1,5,2,0,,,0,20,lb,20,lb,0,2026-06-23T01:21:05.435Z,Deltoid Lateral,"Deltoid Anterior,Serratus Anterior,Trapezius Lower Fibers,Trapezius Middle Fibers",
2026-06-23T00:45:40.604Z,GVS Ravage ,Week 9 - Day 3 - Bro Day A,Lateral Raise,0,15,11,0,10,10,1,25,lb,20,lb,0,2026-06-23T01:23:06.034Z,Deltoid Lateral,"Deltoid Anterior,Serratus Anterior,Trapezius Lower Fibers,Trapezius Middle Fibers",
2026-06-23T00:45:40.604Z,GVS Ravage ,Week 9 - Day 3 - Bro Day A,Lateral Raise,0,15,9,0,10,10,1,25,lb,20,lb,0,2026-06-23T01:25:22.525Z,Deltoid Lateral,"Deltoid Anterior,Serratus Anterior,Trapezius Lower Fibers,Trapezius Middle Fibers",
2026-06-23T00:45:40.604Z,GVS Ravage ,Week 9 - Day 3 - Bro Day A,Upright Row,1,,2,0,,,0,,,25,lb,0,2026-06-23T01:26:13.485Z,Deltoid Lateral,"Biceps Brachii,Brachialis,Brachioradialis,Deltoid Anterior,Infraspinatus,Serratus Anterior,Teres Minor,Trapezius Lower Fibers,Trapezius Middle Fibers",
2026-06-23T00:45:40.604Z,GVS Ravage ,Week 9 - Day 3 - Bro Day A,Upright Row,0,20,16,0,10,10,1,10,lb,25,lb,0,2026-06-23T01:33:29.708Z,Deltoid Lateral,"Biceps Brachii,Brachialis,Brachioradialis,Deltoid Anterior,Infraspinatus,Serratus Anterior,Teres Minor,Trapezius Lower Fibers,Trapezius Middle Fibers",
2026-06-23T00:45:40.604Z,GVS Ravage ,Week 9 - Day 3 - Bro Day A,Upright Row,0,20,11,0,10,10,1,10,lb,25,lb,0,2026-06-23T01:50:20.415Z,Deltoid Lateral,"Biceps Brachii,Brachialis,Brachioradialis,Deltoid Anterior,Infraspinatus,Serratus Anterior,Teres Minor,Trapezius Lower Fibers,Trapezius Middle Fibers",
2026-06-19T14:35:42.132Z,GVS Ravage ,Week 9 - Day 2 - Torso A,Smith Machine Close Grip Larsen Press,1,5,3,0,,,0,95,lb,105,lb,0,2026-06-19T14:41:18.801Z,"Triceps Brachii,Pectoralis Major Sternal Head","Pectoralis Major Clavicular Head,Deltoid Anterior,Serratus Anterior",
2026-06-19T14:35:42.132Z,GVS Ravage ,Week 9 - Day 2 - Torso A,Smith Machine Close Grip Larsen Press,1,5,2,0,,,0,95,lb,155,lb,0,2026-06-19T14:42:59.416Z,"Triceps Brachii,Pectoralis Major Sternal Head","Pectoralis Major Clavicular Head,Deltoid Anterior,Serratus Anterior",
2026-06-19T14:35:42.132Z,GVS Ravage ,Week 9 - Day 2 - Torso A,Smith Machine Close Grip Larsen Press,0,8,7,0,8,9,1,120,lb,155,lb,0,2026-06-19T14:47:51.254Z,"Triceps Brachii,Pectoralis Major Sternal Head","Pectoralis Major Clavicular Head,Deltoid Anterior,Serratus Anterior",
2026-06-19T14:35:42.132Z,GVS Ravage ,Week 9 - Day 2 - Torso A,Smith Machine Close Grip Larsen Press,0,8,4,0,8,9,1,130,lb,155,lb,0,2026-06-19T14:58:51.350Z,"Triceps Brachii,Pectoralis Major Sternal Head","Pectoralis Major Clavicular Head,Deltoid Anterior,Serratus Anterior",
2026-06-19T14:35:42.132Z,GVS Ravage ,Week 9 - Day 2 - Torso A,Smith Machine Close Grip Larsen Press,0,8,4,0,8,9,1,130,lb,155,lb,0,2026-06-19T15:11:00.747Z,"Triceps Brachii,Pectoralis Major Sternal Head","Pectoralis Major Clavicular Head,Deltoid Anterior,Serratus Anterior",
2026-06-19T14:35:42.132Z,GVS Ravage ,Week 9 - Day 2 - Torso A,Neutral Grip Pull-Up,1,5,1,0,,,0,50,lb,2.25,lb,0,2026-06-19T14:43:33.912Z,Latissimus Dorsi,"Biceps Brachii,Brachialis,Brachioradialis,Trapezius Middle Fibers,Trapezius Lower Fibers,Teres Major,Deltoid Posterior",
2026-06-19T14:35:42.132Z,GVS Ravage ,Week 9 - Day 2 - Torso A,Neutral Grip Pull-Up,0,15,4,1,9,10,1,100,lb,2.25,lb,0,2026-06-19T14:48:43.682Z,Latissimus Dorsi,"Biceps Brachii,Brachialis,Brachioradialis,Trapezius Middle Fibers,Trapezius Lower Fibers,Teres Major,Deltoid Posterior",
2026-06-19T14:35:42.132Z,GVS Ravage ,Week 9 - Day 2 - Torso A,Neutral Grip Pull-Up,0,15,4,1,9,10,1,100,lb,2.25,lb,0,2026-06-19T15:05:05.046Z,Latissimus Dorsi,"Biceps Brachii,Brachialis,Brachioradialis,Trapezius Middle Fibers,Trapezius Lower Fibers,Teres Major,Deltoid Posterior",
2026-06-19T14:35:42.132Z,GVS Ravage ,Week 9 - Day 2 - Torso A,Neutral Grip Pull-Up,0,15,2,1,9,10,1,100,lb,2.25,lb,0,2026-06-19T15:12:12.622Z,Latissimus Dorsi,"Biceps Brachii,Brachialis,Brachioradialis,Trapezius Middle Fibers,Trapezius Lower Fibers,Teres Major,Deltoid Posterior",
2026-06-19T14:35:42.132Z,GVS Ravage ,Week 9 - Day 2 - Torso A,Smith Reverse Grip Bench,0,12,9,0,9,9,1,90,lb,115,lb,0,2026-06-19T15:16:59.760Z,"Pectoralis Major Clavicular Head,Triceps Brachii","Deltoid Anterior,Pectoralis Major Sternal Head",
2026-06-19T14:35:42.132Z,GVS Ravage ,Week 9 - Day 2 - Torso A,Smith Reverse Grip Bench,0,12,6,0,9,9,1,90,lb,115,lb,0,2026-06-19T15:23:44.274Z,"Pectoralis Major Clavicular Head,Triceps Brachii","Deltoid Anterior,Pectoralis Major Sternal Head",
2026-06-19T14:35:42.132Z,GVS Ravage ,Week 9 - Day 2 - Torso A,Machine Pulldown,0,15,11,0,9,10,1,135,lb,120,lb,0,2026-06-19T15:18:56.171Z,Latissimus Dorsi,"Trapezius Middle Fibers,Trapezius Lower Fibers,Deltoid Posterior,Biceps Brachii,Brachialis,Brachioradialis",
2026-06-19T14:35:42.132Z,GVS Ravage ,Week 9 - Day 2 - Torso A,Machine Pulldown,0,15,11,0,9,10,1,130,lb,120,lb,0,2026-06-19T15:26:17.835Z,Latissimus Dorsi,"Trapezius Middle Fibers,Trapezius Lower Fibers,Deltoid Posterior,Biceps Brachii,Brachialis,Brachioradialis",
2026-06-19T14:35:42.132Z,GVS Ravage ,Week 9 - Day 2 - Torso A,Cable Crossover,0,15,6,0,10,10,1,22.5,lb,22.5,lb,0,2026-06-19T15:28:22.268Z,Pectoralis Major Sternal Head,"Deltoid Anterior,Latissimus Dorsi,Levator Scapulae,Pectoralis Major Clavicular Head",
2026-06-19T14:35:42.132Z,GVS Ravage ,Week 9 - Day 2 - Torso A,Cable Crossover,0,15,8,0,10,10,1,22.5,lb,22.5,lb,0,2026-06-19T15:36:58.631Z,Pectoralis Major Sternal Head,"Deltoid Anterior,Latissimus Dorsi,Levator Scapulae,Pectoralis Major Clavicular Head",
2026-06-19T14:35:42.132Z,GVS Ravage ,Week 9 - Day 2 - Torso A,Bent Over One Arm Row,0,15,9,0,10,10,1,37.5,lb,55,lb,0,2026-06-19T15:31:00.702Z,"Latissimus Dorsi,Trapezius Lower Fibers,Trapezius Middle Fibers","Infraspinatus,Teres Major,Teres Minor,Brachialis,Brachioradialis,Deltoid Posterior,Pectoralis Major Sternal Head",
2026-06-19T14:35:42.132Z,GVS Ravage ,Week 9 - Day 2 - Torso A,Bent Over One Arm Row,0,15,8,0,10,10,1,37.5,lb,55,lb,0,2026-06-19T15:39:37.282Z,"Latissimus Dorsi,Trapezius Lower Fibers,Trapezius Middle Fibers","Infraspinatus,Teres Major,Teres Minor,Brachialis,Brachioradialis,Deltoid Posterior,Pectoralis Major Sternal Head",
2026-06-19T14:35:42.132Z,GVS Ravage ,Week 9 - Day 2 - Torso A,"Pullover, Cable",0,20,17,0,10,10,1,22.5,lb,42.5,lb,0,2026-06-19T15:41:47.009Z,Latissimus Dorsi,"Deltoid Posterior,Levator Scapulae,Pectoralis Major Sternal Head,Serratus Anterior,Teres Major,Trapezius Middle Fibers,Triceps Brachii",
2026-06-19T14:35:42.132Z,GVS Ravage ,Week 9 - Day 2 - Torso A,"Pullover, Cable",0,20,13,0,10,10,1,27.5,lb,42.5,lb,0,2026-06-19T15:44:20.654Z,Latissimus Dorsi,"Deltoid Posterior,Levator Scapulae,Pectoralis Major Sternal Head,Serratus Anterior,Teres Major,Trapezius Middle Fibers,Triceps Brachii",
2026-06-18T00:23:04.124Z,GVS Ravage ,Week 9 - Day 1 - Legs A,"Hack Squat, Smith Machine",1,5,3,0,,,0,62.5,lb,105,lb,0,2026-06-18T00:25:47.099Z,Quadriceps,"Adductor Magnus,Gluteus Maximus,Soleus",
2026-06-18T00:23:04.124Z,GVS Ravage ,Week 9 - Day 1 - Legs A,"Hack Squat, Smith Machine",1,3,2,0,,,0,105,lb,135,lb,0,2026-06-18T00:29:18.006Z,Quadriceps,"Adductor Magnus,Gluteus Maximus,Soleus",
2026-06-18T00:23:04.124Z,GVS Ravage ,Week 9 - Day 1 - Legs A,"Hack Squat, Smith Machine",0,10,8,0,9,9.5,1,80,lb,135,lb,0,2026-06-18T00:39:52.500Z,Quadriceps,"Adductor Magnus,Gluteus Maximus,Soleus",
2026-06-18T00:23:04.124Z,GVS Ravage ,Week 9 - Day 1 - Legs A,"Hack Squat, Smith Machine",0,15,12,0,8,9.5,1,57.5,lb,95,lb,0,2026-06-18T00:51:23.254Z,Quadriceps,"Adductor Magnus,Gluteus Maximus,Soleus",
2026-06-18T00:23:04.124Z,GVS Ravage ,Week 9 - Day 1 - Legs A,"Hack Squat, Smith Machine",0,15,8,0,8,9,1,57.5,lb,95,lb,0,2026-06-18T00:57:28.573Z,Quadriceps,"Adductor Magnus,Gluteus Maximus,Soleus",
2026-06-18T00:23:04.124Z,GVS Ravage ,Week 9 - Day 1 - Legs A,"Stiff Leg Deadlift, Dumbbell",1,,2,0,,,0,,,65,lb,0,2026-06-18T01:01:46.750Z,Erector Spinae,"Adductor Magnus,Gluteus Maximus,Hamstrings",
2026-06-18T00:23:04.124Z,GVS Ravage ,Week 9 - Day 1 - Legs A,"Stiff Leg Deadlift, Dumbbell",0,15,5,0,9,9.5,1,65,lb,65,lb,0,2026-06-18T01:07:25.126Z,Erector Spinae,"Adductor Magnus,Gluteus Maximus,Hamstrings",
2026-06-18T00:23:04.124Z,GVS Ravage ,Week 9 - Day 1 - Legs A,"Stiff Leg Deadlift, Dumbbell",0,15,8,0,9,9.5,1,65,lb,65,lb,0,2026-06-18T01:13:59.945Z,Erector Spinae,"Adductor Magnus,Gluteus Maximus,Hamstrings",
2026-06-18T00:23:04.124Z,GVS Ravage ,Week 9 - Day 1 - Legs A,Walking Lunge,0,30,13,0,9,10,1,15,lb,20,lb,0,2026-06-18T01:18:46.263Z,Quadriceps,"Gastrocnemius,Gluteus Maximus,Hamstrings,Soleus",
2026-06-18T00:23:04.124Z,GVS Ravage ,Week 9 - Day 1 - Legs A,Walking Lunge,0,30,11,0,9,10,1,15,lb,20,lb,0,2026-06-18T01:34:18.450Z,Quadriceps,"Gastrocnemius,Gluteus Maximus,Hamstrings,Soleus",
2026-06-18T00:23:04.124Z,GVS Ravage ,Week 9 - Day 1 - Legs A,Lying Leg Curl,0,12,11,0,10,10,1,40,lb,90,lb,0,2026-06-18T01:35:45.369Z,Hamstrings,"Gastrocnemius,Sartorius",
2026-06-18T00:23:04.124Z,GVS Ravage ,Week 9 - Day 1 - Legs A,Lying Leg Curl,0,12,9,0,10,10,1,40,lb,90,lb,0,2026-06-18T01:41:31.831Z,Hamstrings,"Gastrocnemius,Sartorius",
2026-06-17T00:21:39.141Z,GVS Ravage ,Week 8 - Day 6 - Bro Day B,Hammer Curl,1,5,2,0,,,0,10,lb,25,lb,0,2026-06-17T00:23:08.532Z,Brachioradialis,"Biceps Brachii,Brachialis",
2026-06-17T00:21:39.141Z,GVS Ravage ,Week 8 - Day 6 - Bro Day B,Hammer Curl,0,20,10,0,10,10,1,12.5,lb,25,lb,0,2026-06-17T00:27:29.731Z,Brachioradialis,"Biceps Brachii,Brachialis",
2026-06-17T00:21:39.141Z,GVS Ravage ,Week 8 - Day 6 - Bro Day B,Hammer Curl,0,20,8,0,10,10,1,12.5,lb,25,lb,0,2026-06-17T00:32:14.823Z,Brachioradialis,"Biceps Brachii,Brachialis",
2026-06-17T00:21:39.141Z,GVS Ravage ,Week 8 - Day 6 - Bro Day B,"Triceps Extension, Cable",1,,2,0,,,0,,,52.5,lb,0,2026-06-17T00:24:08.165Z,Triceps Brachii,,
2026-06-17T00:21:39.141Z,GVS Ravage ,Week 8 - Day 6 - Bro Day B,"Triceps Extension, Cable",0,15,15,0,10,10,1,10,lb,52.5,lb,0,2026-06-17T00:29:13.368Z,Triceps Brachii,,
2026-06-17T00:21:39.141Z,GVS Ravage ,Week 8 - Day 6 - Bro Day B,"Triceps Extension, Cable",0,15,9,0,10,10,1,10,lb,55,lb,0,2026-06-17T00:33:24.243Z,Triceps Brachii,,
2026-06-17T00:21:39.141Z,GVS Ravage ,Week 8 - Day 6 - Bro Day B,Bicep Curl,0,12,9,0,10,10,1,12.5,lb,25,lb,0,2026-06-17T00:37:05.620Z,Biceps Brachii,"Brachialis,Brachioradialis",
2026-06-17T00:21:39.141Z,GVS Ravage ,Week 8 - Day 6 - Bro Day B,Bicep Curl,0,12,8,0,10,10,1,12.5,lb,25,lb,0,2026-06-17T00:44:06.977Z,Biceps Brachii,"Brachialis,Brachioradialis",
2026-06-17T00:21:39.141Z,GVS Ravage ,Week 8 - Day 6 - Bro Day B,Triceps Pushdown,0,15,7,0,10,10,1,22.5,lb,62.5,lb,0,2026-06-17T00:38:03.861Z,Triceps Brachii,,
2026-06-17T00:21:39.141Z,GVS Ravage ,Week 8 - Day 6 - Bro Day B,Triceps Pushdown,0,15,8,0,10,10,1,22.5,lb,62.5,lb,0,2026-06-17T00:45:12.912Z,Triceps Brachii,,
2026-06-17T00:21:39.141Z,GVS Ravage ,Week 8 - Day 6 - Bro Day B,Lateral Raise,1,,2,0,,,0,,,20,lb,0,2026-06-17T00:48:14.888Z,Deltoid Lateral,"Deltoid Anterior,Serratus Anterior,Trapezius Lower Fibers,Trapezius Middle Fibers",
2026-06-17T00:21:39.141Z,GVS Ravage ,Week 8 - Day 6 - Bro Day B,Lateral Raise,0,20,8,0,10,10,1,10,lb,20,lb,0,2026-06-17T00:51:23.441Z,Deltoid Lateral,"Deltoid Anterior,Serratus Anterior,Trapezius Lower Fibers,Trapezius Middle Fibers",
2026-06-17T00:21:39.141Z,GVS Ravage ,Week 8 - Day 6 - Bro Day B,Lateral Raise,0,20,6,0,10,10,1,10,lb,20,lb,0,2026-06-17T00:53:43.225Z,Deltoid Lateral,"Deltoid Anterior,Serratus Anterior,Trapezius Lower Fibers,Trapezius Middle Fibers",
2026-06-17T00:21:39.141Z,GVS Ravage ,Week 8 - Day 6 - Bro Day B,Lu Lateral Raise,0,15,4,0,10,10,1,10,lb,15,lb,0,2026-06-17T00:55:42.885Z,Deltoid Lateral,"Deltoid Anterior,Deltoid Posterior,Serratus Anterior,Trapezius Middle Fibers,Trapezius Lower Fibers",
2026-06-17T00:21:39.141Z,GVS Ravage ,Week 8 - Day 6 - Bro Day B,Lu Lateral Raise,0,15,2,0,10,10,1,10,lb,15,lb,0,2026-06-17T00:57:41.591Z,Deltoid Lateral,"Deltoid Anterior,Deltoid Posterior,Serratus Anterior,Trapezius Middle Fibers,Trapezius Lower Fibers",
2026-06-17T00:21:39.141Z,GVS Ravage ,Week 8 - Day 6 - Bro Day B,Reverse Fly,0,20,11,0,10,10,1,15,lb,10,lb,0,2026-06-17T01:07:16.558Z,Deltoid Posterior,"Deltoid Lateral,Infraspinatus,Teres Minor,Trapezius Lower Fibers,Trapezius Middle Fibers",
2026-06-17T00:21:39.141Z,GVS Ravage ,Week 8 - Day 6 - Bro Day B,Reverse Fly,0,20,11,0,10,10,1,15,lb,10,lb,0,2026-06-17T01:09:31.884Z,Deltoid Posterior,"Deltoid Lateral,Infraspinatus,Teres Minor,Trapezius Lower Fibers,Trapezius Middle Fibers",
2026-06-17T00:21:39.141Z,GVS Ravage ,Week 8 - Day 6 - Bro Day B,Neck Flexion,0,20,6,0,10,9.5,1,5,lb,5,lb,0,2026-06-17T00:59:05.906Z,Sternocleidomastoid,,
2026-06-17T00:21:39.141Z,GVS Ravage ,Week 8 - Day 6 - Bro Day B,"Wrist Curl, Dumbbell",1,5,2,0,,,0,17.5,lb,25,lb,0,2026-06-17T00:59:57.582Z,Wrist Flexors,,
2026-06-17T00:21:39.141Z,GVS Ravage ,Week 8 - Day 6 - Bro Day B,"Wrist Curl, Dumbbell",0,20,13,0,10,10,1,22.5,lb,25,lb,0,2026-06-17T01:03:02.992Z,Wrist Flexors,,
2026-06-16T00:45:59.234Z,GVS Ravage ,Week 8 - Day 5 - Torso B,"Bench Press, Dumbbell",1,5,2,0,,,0,50,lb,65,lb,0,2026-06-16T00:54:35.573Z,Pectoralis Major Sternal Head,"Deltoid Anterior,Pectoralis Major Clavicular Head,Triceps Brachii",
2026-06-16T00:45:59.234Z,GVS Ravage ,Week 8 - Day 5 - Torso B,"Bench Press, Dumbbell",0,12,11,0,9,9,1,65,lb,65,lb,0,2026-06-16T01:00:12.689Z,Pectoralis Major Sternal Head,"Deltoid Anterior,Pectoralis Major Clavicular Head,Triceps Brachii",
2026-06-16T00:45:59.234Z,GVS Ravage ,Week 8 - Day 5 - Torso B,"Bench Press, Dumbbell",0,12,9,0,9,9,1,65,lb,65,lb,0,2026-06-16T01:08:24.785Z,Pectoralis Major Sternal Head,"Deltoid Anterior,Pectoralis Major Clavicular Head,Triceps Brachii",
2026-06-16T00:45:59.234Z,GVS Ravage ,Week 8 - Day 5 - Torso B,Neutral Grip Pull-Up,1,,1,0,,,0,,,2.25,lb,0,2026-06-16T00:55:34.419Z,Latissimus Dorsi,"Biceps Brachii,Brachialis,Brachioradialis,Trapezius Middle Fibers,Trapezius Lower Fibers,Teres Major,Deltoid Posterior",
2026-06-16T00:45:59.234Z,GVS Ravage ,Week 8 - Day 5 - Torso B,Neutral Grip Pull-Up,0,15,4,0,10,10,1,0,lb,2.25,lb,0,2026-06-16T01:02:12.061Z,Latissimus Dorsi,"Biceps Brachii,Brachialis,Brachioradialis,Trapezius Middle Fibers,Trapezius Lower Fibers,Teres Major,Deltoid Posterior",
2026-06-16T00:45:59.234Z,GVS Ravage ,Week 8 - Day 5 - Torso B,Neutral Grip Pull-Up,0,15,2,0,10,10,1,0,lb,2.25,lb,0,2026-06-16T01:10:00.196Z,Latissimus Dorsi,"Biceps Brachii,Brachialis,Brachioradialis,Trapezius Middle Fibers,Trapezius Lower Fibers,Teres Major,Deltoid Posterior",
2026-06-16T00:45:59.234Z,GVS Ravage ,Week 8 - Day 5 - Torso B,"Chest Press, Leverage Machine",0,12,10,0,9,10,1,18.75,lb,142.5,lb,0,2026-06-16T01:16:59.897Z,Pectoralis Major Sternal Head,"Deltoid Anterior,Pectoralis Major Clavicular Head,Triceps Brachii",
2026-06-16T00:45:59.234Z,GVS Ravage ,Week 8 - Day 5 - Torso B,"Chest Press, Leverage Machine",0,12,7,0,9,10,1,18.75,lb,142.5,lb,0,2026-06-16T01:32:29.082Z,Pectoralis Major Sternal Head,"Deltoid Anterior,Pectoralis Major Clavicular Head,Triceps Brachii",
2026-06-16T00:45:59.234Z,GVS Ravage ,Week 8 - Day 5 - Torso B,Helms Row,0,20,10,0,10,10,1,45,lb,40,lb,0,2026-06-16T01:19:00.589Z,"Latissimus Dorsi,Trapezius Middle Fibers","Deltoid Posterior,Biceps Brachii,Brachialis,Brachioradialis",
2026-06-16T00:45:59.234Z,GVS Ravage ,Week 8 - Day 5 - Torso B,Helms Row,0,20,13,0,10,10,1,45,lb,40,lb,0,2026-06-16T01:35:47.423Z,"Latissimus Dorsi,Trapezius Middle Fibers","Deltoid Posterior,Biceps Brachii,Brachialis,Brachioradialis",
2026-06-16T00:45:59.234Z,GVS Ravage ,Week 8 - Day 5 - Torso B,Shoulder Press,1,5,2,0,,,0,17.5,lb,45,lb,0,2026-06-16T01:38:52.452Z,Deltoid Anterior,"Deltoid Lateral,Pectoralis Major Clavicular Head,Serratus Anterior,Trapezius Lower Fibers,Trapezius Middle Fibers,Triceps Brachii",
2026-06-16T00:45:59.234Z,GVS Ravage ,Week 8 - Day 5 - Torso B,Shoulder Press,0,12,9,0,9,10,1,22.5,lb,45,lb,0,2026-06-16T01:44:43.889Z,Deltoid Anterior,"Deltoid Lateral,Pectoralis Major Clavicular Head,Serratus Anterior,Trapezius Lower Fibers,Trapezius Middle Fibers,Triceps Brachii",
2026-06-16T00:45:59.234Z,GVS Ravage ,Week 8 - Day 5 - Torso B,Shoulder Press,0,12,7,0,9,10,1,22.5,lb,45,lb,0,2026-06-16T01:55:03.972Z,Deltoid Anterior,"Deltoid Lateral,Pectoralis Major Clavicular Head,Serratus Anterior,Trapezius Lower Fibers,Trapezius Middle Fibers,Triceps Brachii",
2026-06-16T00:45:59.234Z,GVS Ravage ,Week 8 - Day 5 - Torso B,Seated Row,0,20,19,0,10,10,1,77.5,lb,87.5,lb,0,2026-06-16T01:45:36.934Z,"Latissimus Dorsi,Trapezius Lower Fibers,Trapezius Middle Fibers","Brachialis,Brachioradialis,Deltoid Posterior,Erector Spinae,Infraspinatus,Pectoralis Major Sternal Head,Teres Major,Teres Minor",
2026-06-16T00:45:59.234Z,GVS Ravage ,Week 8 - Day 5 - Torso B,Seated Row,0,20,17,0,10,10,1,80,lb,87.5,lb,0,2026-06-16T01:56:09.800Z,"Latissimus Dorsi,Trapezius Lower Fibers,Trapezius Middle Fibers","Brachialis,Brachioradialis,Deltoid Posterior,Erector Spinae,Infraspinatus,Pectoralis Major Sternal Head,Teres Major,Teres Minor",
2026-06-14T23:48:22.142Z,GVS Ravage ,Week 8 - Day 4 - Legs B,"Squat, Smith Machine",1,5,3,0,,,0,65,lb,105,lb,0,2026-06-15T00:01:41.252Z,Quadriceps,"Adductor Magnus,Gluteus Maximus,Soleus",
2026-06-14T23:48:22.142Z,GVS Ravage ,Week 8 - Day 4 - Legs B,"Squat, Smith Machine",1,5,2,0,,,0,102.5,lb,165,lb,0,2026-06-15T00:04:13.469Z,Quadriceps,"Adductor Magnus,Gluteus Maximus,Soleus",
2026-06-14T23:48:22.142Z,GVS Ravage ,Week 8 - Day 4 - Legs B,"Squat, Smith Machine",0,8,8,0,9,9,1,130,lb,165,lb,0,2026-06-15T00:11:21.961Z,Quadriceps,"Adductor Magnus,Gluteus Maximus,Soleus",
2026-06-14T23:48:22.142Z,GVS Ravage ,Week 8 - Day 4 - Legs B,"Squat, Smith Machine",0,8,5,0,9,9,1,130,lb,175,lb,0,2026-06-15T00:16:15.367Z,Quadriceps,"Adductor Magnus,Gluteus Maximus,Soleus",
2026-06-14T23:48:22.142Z,GVS Ravage ,Week 8 - Day 4 - Legs B,"Standing Calf Raise, Barbell",1,5,6,0,,,0,47.5,lb,175,lb,0,2026-06-15T00:23:15.859Z,Gastrocnemius,Soleus,
2026-06-14T23:48:22.142Z,GVS Ravage ,Week 8 - Day 4 - Legs B,"Standing Calf Raise, Barbell",1,6,2,0,,,0,175,lb,195,lb,0,2026-06-15T00:24:49.191Z,Gastrocnemius,Soleus,
2026-06-14T23:48:22.142Z,GVS Ravage ,Week 8 - Day 4 - Legs B,"Standing Calf Raise, Barbell",0,20,14,0,10,10,1,160,lb,195,lb,0,2026-06-15T00:30:31.781Z,Gastrocnemius,Soleus,
2026-06-14T23:48:22.142Z,GVS Ravage ,Week 8 - Day 4 - Legs B,"Standing Calf Raise, Barbell",0,20,14,0,10,10,1,180,lb,195,lb,0,2026-06-15T00:36:03.115Z,Gastrocnemius,Soleus,
2026-06-14T23:48:22.142Z,GVS Ravage ,Week 8 - Day 4 - Legs B,Romanian Deadlift,1,5,2,0,,,0,55,lb,75,lb,0,2026-06-15T00:38:13.829Z,Gluteus Maximus,"Adductor Magnus,Erector Spinae,Hamstrings",
2026-06-14T23:48:22.142Z,GVS Ravage ,Week 8 - Day 4 - Legs B,Romanian Deadlift,0,12,4,0,9,9.5,1,70,lb,75,lb,0,2026-06-15T00:42:19.463Z,Gluteus Maximus,"Adductor Magnus,Erector Spinae,Hamstrings",
2026-06-14T23:48:22.142Z,GVS Ravage ,Week 8 - Day 4 - Legs B,Romanian Deadlift,0,12,5,0,9,9.5,1,70,lb,75,lb,0,2026-06-15T00:49:28.088Z,Gluteus Maximus,"Adductor Magnus,Erector Spinae,Hamstrings",
2026-06-14T23:48:22.142Z,GVS Ravage ,Week 8 - Day 4 - Legs B,Lying Leg Curl,0,15,12,0,10,10,1,35,lb,90,lb,0,2026-06-15T00:52:14.927Z,Hamstrings,"Gastrocnemius,Sartorius",
2026-06-14T23:48:22.142Z,GVS Ravage ,Week 8 - Day 4 - Legs B,Lying Leg Curl,0,15,7,0,10,10,1,35,lb,90,lb,0,2026-06-15T00:56:28.622Z,Hamstrings,"Gastrocnemius,Sartorius",
2026-06-14T23:48:22.142Z,GVS Ravage ,Week 8 - Day 4 - Legs B,Leg Extension,0,20,13,0,10,10,1,30,lb,90,lb,0,2026-06-15T00:53:31.197Z,Quadriceps,,
2026-06-14T23:48:22.142Z,GVS Ravage ,Week 8 - Day 4 - Legs B,Leg Extension,0,20,11,0,10,10,1,30,lb,90,lb,0,2026-06-15T00:59:23.966Z,Quadriceps,,
2026-06-13T01:05:19.484Z,GVS Ravage ,Week 8 - Day 3 - Bro Day A,Hammer Curl,1,,2,0,,,0,,,25,lb,0,2026-06-13T01:06:40.934Z,Brachioradialis,"Biceps Brachii,Brachialis",
2026-06-13T01:05:19.484Z,GVS Ravage ,Week 8 - Day 3 - Bro Day A,Hammer Curl,0,20,12,0,10,10,1,12.5,lb,25,lb,0,2026-06-13T01:16:21.782Z,Brachioradialis,"Biceps Brachii,Brachialis",
2026-06-13T01:05:19.484Z,GVS Ravage ,Week 8 - Day 3 - Bro Day A,Hammer Curl,0,20,12,0,10,10,1,12.5,lb,25,lb,0,2026-06-13T01:24:15.959Z,Brachioradialis,"Biceps Brachii,Brachialis",
2026-06-13T01:05:19.484Z,GVS Ravage ,Week 8 - Day 3 - Bro Day A,"Triceps Extension, Cable",1,5,3,0,,,0,37.5,lb,47.5,lb,0,2026-06-13T01:07:14.919Z,Triceps Brachii,,
2026-06-13T01:05:19.484Z,GVS Ravage ,Week 8 - Day 3 - Bro Day A,"Triceps Extension, Cable",1,3,2,0,,,0,47.5,lb,52.5,lb,0,2026-06-13T01:08:22.205Z,Triceps Brachii,,
2026-06-13T01:05:19.484Z,GVS Ravage ,Week 8 - Day 3 - Bro Day A,"Triceps Extension, Cable",0,15,13,0,10,10,1,47.5,lb,52.5,lb,0,2026-06-13T01:17:54.246Z,Triceps Brachii,,
2026-06-13T01:05:19.484Z,GVS Ravage ,Week 8 - Day 3 - Bro Day A,"Triceps Extension, Cable",0,15,12,0,10,10,1,47.5,lb,52.5,lb,0,2026-06-13T01:29:00.501Z,Triceps Brachii,,
2026-06-13T01:05:19.484Z,GVS Ravage ,Week 8 - Day 3 - Bro Day A,Incline Curl,0,10,8,0,10,10,1,12.5,lb,25,lb,0,2026-06-13T01:34:07.704Z,Biceps Brachii,"Brachialis,Brachioradialis",
2026-06-13T01:05:19.484Z,GVS Ravage ,Week 8 - Day 3 - Bro Day A,Incline Curl,0,10,7,0,10,10,1,12.5,lb,25,lb,0,2026-06-13T01:42:24.926Z,Biceps Brachii,"Brachialis,Brachioradialis",
2026-06-13T01:05:19.484Z,GVS Ravage ,Week 8 - Day 3 - Bro Day A,Triceps Pushdown,0,15,11,0,10,10,1,22.5,lb,62.5,lb,0,2026-06-13T01:37:26.396Z,Triceps Brachii,,
2026-06-13T01:05:19.484Z,GVS Ravage ,Week 8 - Day 3 - Bro Day A,Triceps Pushdown,0,15,7,0,10,10,1,22.5,lb,62.5,lb,0,2026-06-13T01:43:28.583Z,Triceps Brachii,,
2026-06-13T01:05:19.484Z,GVS Ravage ,Week 8 - Day 3 - Bro Day A,Lateral Raise,1,5,2,0,,,0,20,lb,20,lb,0,2026-06-13T01:44:58.462Z,Deltoid Lateral,"Deltoid Anterior,Serratus Anterior,Trapezius Lower Fibers,Trapezius Middle Fibers",
2026-06-13T01:05:19.484Z,GVS Ravage ,Week 8 - Day 3 - Bro Day A,Lateral Raise,0,15,12,0,10,10,1,25,lb,20,lb,0,2026-06-13T01:49:54.380Z,Deltoid Lateral,"Deltoid Anterior,Serratus Anterior,Trapezius Lower Fibers,Trapezius Middle Fibers",
2026-06-13T01:05:19.484Z,GVS Ravage ,Week 8 - Day 3 - Bro Day A,Lateral Raise,0,15,11,0,10,10,1,25,lb,20,lb,0,2026-06-13T02:00:20.365Z,Deltoid Lateral,"Deltoid Anterior,Serratus Anterior,Trapezius Lower Fibers,Trapezius Middle Fibers",
2026-06-13T01:05:19.484Z,GVS Ravage ,Week 8 - Day 3 - Bro Day A,Upright Row,0,20,11,0,10,10,1,10,lb,25,lb,0,2026-06-13T02:01:11.439Z,Deltoid Lateral,"Biceps Brachii,Brachialis,Brachioradialis,Deltoid Anterior,Infraspinatus,Serratus Anterior,Teres Minor,Trapezius Lower Fibers,Trapezius Middle Fibers",
2026-06-13T01:05:19.484Z,GVS Ravage ,Week 8 - Day 3 - Bro Day A,Upright Row,0,20,16,0,10,10,1,10,lb,25,lb,0,2026-06-13T02:07:59.731Z,Deltoid Lateral,"Biceps Brachii,Brachialis,Brachioradialis,Deltoid Anterior,Infraspinatus,Serratus Anterior,Teres Minor,Trapezius Lower Fibers,Trapezius Middle Fibers",
2026-06-11T23:55:23.869Z,GVS Ravage ,Week 8 - Day 2 - Torso A,Smith Machine Close Grip Larsen Press,1,5,3,0,,,0,95,lb,105,lb,0,2026-06-12T00:00:01.820Z,"Triceps Brachii,Pectoralis Major Sternal Head","Pectoralis Major Clavicular Head,Deltoid Anterior,Serratus Anterior",
2026-06-11T23:55:23.869Z,GVS Ravage ,Week 8 - Day 2 - Torso A,Smith Machine Close Grip Larsen Press,1,5,2,0,,,0,105,lb,155,lb,0,2026-06-12T00:01:15.331Z,"Triceps Brachii,Pectoralis Major Sternal Head","Pectoralis Major Clavicular Head,Deltoid Anterior,Serratus Anterior",
2026-06-11T23:55:23.869Z,GVS Ravage ,Week 8 - Day 2 - Torso A,Smith Machine Close Grip Larsen Press,0,8,7,0,8,9.5,1,120,lb,155,lb,0,2026-06-12T00:05:50.779Z,"Triceps Brachii,Pectoralis Major Sternal Head","Pectoralis Major Clavicular Head,Deltoid Anterior,Serratus Anterior",
2026-06-11T23:55:23.869Z,GVS Ravage ,Week 8 - Day 2 - Torso A,Smith Machine Close Grip Larsen Press,0,8,7,0,8,9,1,130,lb,155,lb,0,2026-06-12T00:15:30.699Z,"Triceps Brachii,Pectoralis Major Sternal Head","Pectoralis Major Clavicular Head,Deltoid Anterior,Serratus Anterior",
2026-06-11T23:55:23.869Z,GVS Ravage ,Week 8 - Day 2 - Torso A,Smith Machine Close Grip Larsen Press,0,8,5,0,8,9,1,130,lb,155,lb,0,2026-06-12T00:25:41.230Z,"Triceps Brachii,Pectoralis Major Sternal Head","Pectoralis Major Clavicular Head,Deltoid Anterior,Serratus Anterior",
2026-06-11T23:55:23.869Z,GVS Ravage ,Week 8 - Day 2 - Torso A,Neutral Grip Pull-Up,1,5,1,0,,,0,80,lb,2.25,lb,0,2026-06-12T00:03:00.882Z,Latissimus Dorsi,"Biceps Brachii,Brachialis,Brachioradialis,Trapezius Middle Fibers,Trapezius Lower Fibers,Teres Major,Deltoid Posterior",
2026-06-11T23:55:23.869Z,GVS Ravage ,Week 8 - Day 2 - Torso A,Neutral Grip Pull-Up,0,15,3,1,9,10,1,100,lb,2.25,lb,0,2026-06-12T00:06:36.910Z,Latissimus Dorsi,"Biceps Brachii,Brachialis,Brachioradialis,Trapezius Middle Fibers,Trapezius Lower Fibers,Teres Major,Deltoid Posterior",
2026-06-11T23:55:23.869Z,GVS Ravage ,Week 8 - Day 2 - Torso A,Neutral Grip Pull-Up,0,15,2,1,9,10,1,100,lb,2.25,lb,0,2026-06-12T00:20:41.162Z,Latissimus Dorsi,"Biceps Brachii,Brachialis,Brachioradialis,Trapezius Middle Fibers,Trapezius Lower Fibers,Teres Major,Deltoid Posterior",
2026-06-11T23:55:23.869Z,GVS Ravage ,Week 8 - Day 2 - Torso A,Neutral Grip Pull-Up,0,15,3,1,9,10,1,100,lb,2.25,lb,0,2026-06-12T00:26:44.797Z,Latissimus Dorsi,"Biceps Brachii,Brachialis,Brachioradialis,Trapezius Middle Fibers,Trapezius Lower Fibers,Teres Major,Deltoid Posterior",
2026-06-11T23:55:23.869Z,GVS Ravage ,Week 8 - Day 2 - Torso A,Smith Reverse Grip Bench,0,12,7,0,9,9,1,90,lb,115,lb,0,2026-06-12T00:31:35.879Z,"Pectoralis Major Clavicular Head,Triceps Brachii","Deltoid Anterior,Pectoralis Major Sternal Head",
2026-06-11T23:55:23.869Z,GVS Ravage ,Week 8 - Day 2 - Torso A,Smith Reverse Grip Bench,0,12,8,0,9,9,1,90,lb,115,lb,0,2026-06-12T00:41:30.332Z,"Pectoralis Major Clavicular Head,Triceps Brachii","Deltoid Anterior,Pectoralis Major Sternal Head",
2026-06-11T23:55:23.869Z,GVS Ravage ,Week 8 - Day 2 - Torso A,Machine Pulldown,0,15,11,0,9,10,1,135,lb,120,lb,0,2026-06-12T00:49:41.202Z,Latissimus Dorsi,"Trapezius Middle Fibers,Trapezius Lower Fibers,Deltoid Posterior,Biceps Brachii,Brachialis,Brachioradialis",
2026-06-11T23:55:23.869Z,GVS Ravage ,Week 8 - Day 2 - Torso A,Machine Pulldown,0,15,5,0,9,10,1,130,lb,120,lb,0,2026-06-12T01:01:08.270Z,Latissimus Dorsi,"Trapezius Middle Fibers,Trapezius Lower Fibers,Deltoid Posterior,Biceps Brachii,Brachialis,Brachioradialis",
2026-06-11T23:55:23.869Z,GVS Ravage ,Week 8 - Day 2 - Torso A,Cable Crossover,0,15,8,0,10,10,1,22.5,lb,22.5,lb,0,2026-06-12T00:47:15.480Z,Pectoralis Major Sternal Head,"Deltoid Anterior,Latissimus Dorsi,Levator Scapulae,Pectoralis Major Clavicular Head",
2026-06-11T23:55:23.869Z,GVS Ravage ,Week 8 - Day 2 - Torso A,Cable Crossover,0,15,5,0,10,10,1,22.5,lb,22.5,lb,0,2026-06-12T00:52:27.557Z,Pectoralis Major Sternal Head,"Deltoid Anterior,Latissimus Dorsi,Levator Scapulae,Pectoralis Major Clavicular Head",
2026-06-11T23:55:23.869Z,GVS Ravage ,Week 8 - Day 2 - Torso A,Bent Over One Arm Row,0,15,11,0,10,10,1,37.5,lb,55,lb,0,2026-06-12T00:33:42.164Z,"Latissimus Dorsi,Trapezius Lower Fibers,Trapezius Middle Fibers","Infraspinatus,Teres Major,Teres Minor,Brachialis,Brachioradialis,Deltoid Posterior,Pectoralis Major Sternal Head",
2026-06-11T23:55:23.869Z,GVS Ravage ,Week 8 - Day 2 - Torso A,Bent Over One Arm Row,0,15,8,0,10,9,1,37.5,lb,55,lb,0,2026-06-12T00:43:46.274Z,"Latissimus Dorsi,Trapezius Lower Fibers,Trapezius Middle Fibers","Infraspinatus,Teres Major,Teres Minor,Brachialis,Brachioradialis,Deltoid Posterior,Pectoralis Major Sternal Head",
2026-06-11T23:55:23.869Z,GVS Ravage ,Week 8 - Day 2 - Torso A,"Pullover, Cable",1,5,,0,,,0,17.5,lb,,,0,,Latissimus Dorsi,"Deltoid Posterior,Levator Scapulae,Pectoralis Major Sternal Head,Serratus Anterior,Teres Major,Trapezius Middle Fibers,Triceps Brachii",
2026-06-11T23:55:23.869Z,GVS Ravage ,Week 8 - Day 2 - Torso A,"Pullover, Cable",0,20,,0,10,,1,22.5,lb,,,0,,Latissimus Dorsi,"Deltoid Posterior,Levator Scapulae,Pectoralis Major Sternal Head,Serratus Anterior,Teres Major,Trapezius Middle Fibers,Triceps Brachii",
2026-06-11T23:55:23.869Z,GVS Ravage ,Week 8 - Day 2 - Torso A,"Pullover, Cable",0,20,,0,10,,1,27.5,lb,,,0,,Latissimus Dorsi,"Deltoid Posterior,Levator Scapulae,Pectoralis Major Sternal Head,Serratus Anterior,Teres Major,Trapezius Middle Fibers,Triceps Brachii",
2026-06-11T00:34:04.503Z,GVS Ravage ,Week 8 - Day 1 - Legs A,"Hack Squat, Smith Machine",1,5,2,0,,,0,62.5,lb,105,lb,0,2026-06-11T00:41:18.233Z,Quadriceps,"Adductor Magnus,Gluteus Maximus,Soleus",
2026-06-11T00:34:04.503Z,GVS Ravage ,Week 8 - Day 1 - Legs A,"Hack Squat, Smith Machine",1,2,1,0,,,0,105,lb,135,lb,0,2026-06-11T00:43:55.775Z,Quadriceps,"Adductor Magnus,Gluteus Maximus,Soleus",
2026-06-11T00:34:04.503Z,GVS Ravage ,Week 8 - Day 1 - Legs A,"Hack Squat, Smith Machine",0,10,8,0,9,9,1,80,lb,135,lb,0,2026-06-11T00:55:59.276Z,Quadriceps,"Adductor Magnus,Gluteus Maximus,Soleus",
2026-06-11T00:34:04.503Z,GVS Ravage ,Week 8 - Day 1 - Legs A,"Hack Squat, Smith Machine",0,15,11,0,8,9,1,57.5,lb,95,lb,0,2026-06-11T01:05:51.444Z,Quadriceps,"Adductor Magnus,Gluteus Maximus,Soleus",
2026-06-11T00:34:04.503Z,GVS Ravage ,Week 8 - Day 1 - Legs A,"Hack Squat, Smith Machine",0,15,10,0,8,9,1,57.5,lb,95,lb,0,2026-06-11T01:13:20.531Z,Quadriceps,"Adductor Magnus,Gluteus Maximus,Soleus",
2026-06-11T00:34:04.503Z,GVS Ravage ,Week 8 - Day 1 - Legs A,"Stiff Leg Deadlift, Dumbbell",1,,2,0,,,0,,,65,lb,0,2026-06-11T01:16:54.474Z,Erector Spinae,"Adductor Magnus,Gluteus Maximus,Hamstrings",
2026-06-11T00:34:04.503Z,GVS Ravage ,Week 8 - Day 1 - Legs A,"Stiff Leg Deadlift, Dumbbell",0,15,7,0,9,9.5,1,65,lb,65,lb,0,2026-06-11T01:21:03.526Z,Erector Spinae,"Adductor Magnus,Gluteus Maximus,Hamstrings",
2026-06-11T00:34:04.503Z,GVS Ravage ,Week 8 - Day 1 - Legs A,"Stiff Leg Deadlift, Dumbbell",0,15,9,0,9,9,1,65,lb,65,lb,0,2026-06-11T01:36:38.749Z,Erector Spinae,"Adductor Magnus,Gluteus Maximus,Hamstrings",
2026-06-11T00:34:04.503Z,GVS Ravage ,Week 8 - Day 1 - Legs A,Walking Lunge,0,30,11,0,9,10,1,15,lb,20,lb,0,2026-06-11T01:38:09.501Z,Quadriceps,"Gastrocnemius,Gluteus Maximus,Hamstrings,Soleus",
2026-06-11T00:34:04.503Z,GVS Ravage ,Week 8 - Day 1 - Legs A,Walking Lunge,0,30,10,0,9,10,1,15,lb,20,lb,0,2026-06-11T01:47:49.635Z,Quadriceps,"Gastrocnemius,Gluteus Maximus,Hamstrings,Soleus",
2026-06-11T00:34:04.503Z,GVS Ravage ,Week 8 - Day 1 - Legs A,Lying Leg Curl,0,12,14,0,10,10,1,40,lb,90,lb,0,2026-06-11T01:50:20.154Z,Hamstrings,"Gastrocnemius,Sartorius",
2026-06-11T00:34:04.503Z,GVS Ravage ,Week 8 - Day 1 - Legs A,Lying Leg Curl,0,12,9,0,10,10,1,40,lb,90,lb,0,2026-06-11T01:53:11.990Z,Hamstrings,"Gastrocnemius,Sartorius",
2026-06-10T00:33:38.822Z,GVS Ravage ,Week 7 - Day 6 - Bro Day B,Hammer Curl,1,5,2,0,,,0,10,lb,25,lb,0,2026-06-10T00:36:44.625Z,Brachioradialis,"Biceps Brachii,Brachialis",
2026-06-10T00:33:38.822Z,GVS Ravage ,Week 7 - Day 6 - Bro Day B,Hammer Curl,0,20,12,0,10,10,1,12.5,lb,25,lb,0,2026-06-10T00:40:11.922Z,Brachioradialis,"Biceps Brachii,Brachialis",
2026-06-10T00:33:38.822Z,GVS Ravage ,Week 7 - Day 6 - Bro Day B,Hammer Curl,0,20,9,0,10,10,1,12.5,lb,25,lb,0,2026-06-10T00:45:01.258Z,Brachioradialis,"Biceps Brachii,Brachialis",
2026-06-10T00:33:38.822Z,GVS Ravage ,Week 7 - Day 6 - Bro Day B,"Triceps Extension, Cable",1,,2,0,,,0,,,47.5,lb,0,2026-06-10T00:37:21.832Z,Triceps Brachii,,
2026-06-10T00:33:38.822Z,GVS Ravage ,Week 7 - Day 6 - Bro Day B,"Triceps Extension, Cable",0,15,7,0,10,10,1,10,lb,47.5,lb,0,2026-06-10T00:41:10.716Z,Triceps Brachii,,
2026-06-10T00:33:38.822Z,GVS Ravage ,Week 7 - Day 6 - Bro Day B,"Triceps Extension, Cable",0,15,7,0,10,10,1,10,lb,47.5,lb,0,2026-06-10T00:46:00.859Z,Triceps Brachii,,
2026-06-10T00:33:38.822Z,GVS Ravage ,Week 7 - Day 6 - Bro Day B,Bicep Curl,0,12,8,0,10,10,1,12.5,lb,25,lb,0,2026-06-10T00:48:16.156Z,Biceps Brachii,"Brachialis,Brachioradialis",
2026-06-10T00:33:38.822Z,GVS Ravage ,Week 7 - Day 6 - Bro Day B,Bicep Curl,0,12,10,0,10,10,1,12.5,lb,25,lb,0,2026-06-10T00:57:49.665Z,Biceps Brachii,"Brachialis,Brachioradialis",
2026-06-10T00:33:38.822Z,GVS Ravage ,Week 7 - Day 6 - Bro Day B,Triceps Pushdown,0,15,15,0,10,9.5,1,22.5,lb,60,lb,0,2026-06-10T00:50:38.915Z,Triceps Brachii,,
2026-06-10T00:33:38.822Z,GVS Ravage ,Week 7 - Day 6 - Bro Day B,Triceps Pushdown,0,15,12,0,10,10,1,22.5,lb,60,lb,0,2026-06-10T01:01:49.955Z,Triceps Brachii,,
2026-06-10T00:33:38.822Z,GVS Ravage ,Week 7 - Day 6 - Bro Day B,Lateral Raise,1,,2,0,,,0,,,20,lb,0,2026-06-10T01:06:33.442Z,Deltoid Lateral,"Deltoid Anterior,Serratus Anterior,Trapezius Lower Fibers,Trapezius Middle Fibers",
2026-06-10T00:33:38.822Z,GVS Ravage ,Week 7 - Day 6 - Bro Day B,Lateral Raise,0,20,11,0,10,10,1,10,lb,20,lb,0,2026-06-10T01:12:47.903Z,Deltoid Lateral,"Deltoid Anterior,Serratus Anterior,Trapezius Lower Fibers,Trapezius Middle Fibers",
2026-06-10T00:33:38.822Z,GVS Ravage ,Week 7 - Day 6 - Bro Day B,Lateral Raise,0,20,9,0,10,10,1,10,lb,20,lb,0,2026-06-10T01:16:55.513Z,Deltoid Lateral,"Deltoid Anterior,Serratus Anterior,Trapezius Lower Fibers,Trapezius Middle Fibers",
2026-06-10T00:33:38.822Z,GVS Ravage ,Week 7 - Day 6 - Bro Day B,Lu Lateral Raise,0,15,6,0,10,10,1,10,lb,15,lb,0,2026-06-10T01:20:06.232Z,Deltoid Lateral,"Deltoid Anterior,Deltoid Posterior,Serratus Anterior,Trapezius Middle Fibers,Trapezius Lower Fibers",
2026-06-10T00:33:38.822Z,GVS Ravage ,Week 7 - Day 6 - Bro Day B,Lu Lateral Raise,0,15,5,0,10,10,1,10,lb,15,lb,0,2026-06-10T01:23:36.585Z,Deltoid Lateral,"Deltoid Anterior,Deltoid Posterior,Serratus Anterior,Trapezius Middle Fibers,Trapezius Lower Fibers",
2026-06-10T00:33:38.822Z,GVS Ravage ,Week 7 - Day 6 - Bro Day B,Cable Rear Delt One-Arm Row,1,,2,0,,,0,,,15,lb,0,2026-06-10T01:24:50.048Z,,,
2026-06-10T00:33:38.822Z,GVS Ravage ,Week 7 - Day 6 - Bro Day B,Cable Rear Delt One-Arm Row,0,20,11,0,10,10,1,15,lb,15,lb,0,2026-06-10T01:28:40.596Z,,,
2026-06-10T00:33:38.822Z,GVS Ravage ,Week 7 - Day 6 - Bro Day B,Cable Rear Delt One-Arm Row,0,20,14,0,10,10,1,15,lb,15,lb,0,2026-06-10T01:32:39.961Z,,,
2026-06-10T00:33:38.822Z,GVS Ravage ,Week 7 - Day 6 - Bro Day B,Neck Flexion,0,20,3,0,10,10,1,5,lb,5,lb,0,2026-06-10T01:33:35.373Z,Sternocleidomastoid,,
2026-06-10T00:33:38.822Z,GVS Ravage ,Week 7 - Day 6 - Bro Day B,"Wrist Curl, Dumbbell",1,,2,0,,,0,,,25,lb,0,2026-06-10T01:34:14.501Z,Wrist Flexors,,
2026-06-10T00:33:38.822Z,GVS Ravage ,Week 7 - Day 6 - Bro Day B,"Wrist Curl, Dumbbell",0,20,16,0,10,10,1,22.5,lb,25,lb,0,2026-06-10T01:40:38.729Z,Wrist Flexors,,
2026-06-09T01:05:29.616Z,GVS Ravage ,Week 7 - Day 5 - Torso B,"Bench Press, Dumbbell",1,5,2,0,,,0,50,lb,65,lb,0,2026-06-09T01:09:38.479Z,Pectoralis Major Sternal Head,"Deltoid Anterior,Pectoralis Major Clavicular Head,Triceps Brachii",
2026-06-09T01:05:29.616Z,GVS Ravage ,Week 7 - Day 5 - Torso B,"Bench Press, Dumbbell",0,12,6,0,9,10,1,65,lb,65,lb,0,2026-06-09T01:12:46.018Z,Pectoralis Major Sternal Head,"Deltoid Anterior,Pectoralis Major Clavicular Head,Triceps Brachii",
2026-06-09T01:05:29.616Z,GVS Ravage ,Week 7 - Day 5 - Torso B,"Bench Press, Dumbbell",0,12,9,0,9,10,1,65,lb,65,lb,0,2026-06-09T01:17:30.806Z,Pectoralis Major Sternal Head,"Deltoid Anterior,Pectoralis Major Clavicular Head,Triceps Brachii",
2026-06-09T01:05:29.616Z,GVS Ravage ,Week 7 - Day 5 - Torso B,Neutral Grip Pull-Up,1,,1,0,,,0,,,0,lb,0,2026-06-09T01:08:20.582Z,Latissimus Dorsi,"Biceps Brachii,Brachialis,Brachioradialis,Trapezius Middle Fibers,Trapezius Lower Fibers,Teres Major,Deltoid Posterior",
2026-06-09T01:05:29.616Z,GVS Ravage ,Week 7 - Day 5 - Torso B,Neutral Grip Pull-Up,0,15,3,0,10,10,1,0,lb,0,lb,0,2026-06-09T01:13:38.730Z,Latissimus Dorsi,"Biceps Brachii,Brachialis,Brachioradialis,Trapezius Middle Fibers,Trapezius Lower Fibers,Teres Major,Deltoid Posterior",
2026-06-09T01:05:29.616Z,GVS Ravage ,Week 7 - Day 5 - Torso B,Neutral Grip Pull-Up,0,15,3,0,10,10,1,0,lb,0,lb,0,2026-06-09T01:19:18.846Z,Latissimus Dorsi,"Biceps Brachii,Brachialis,Brachioradialis,Trapezius Middle Fibers,Trapezius Lower Fibers,Teres Major,Deltoid Posterior",
2026-06-09T01:05:29.616Z,GVS Ravage ,Week 7 - Day 5 - Torso B,"Chest Press, Leverage Machine",0,12,10,0,9,9.5,1,18.75,lb,142.5,lb,0,2026-06-09T01:23:34.364Z,Pectoralis Major Sternal Head,"Deltoid Anterior,Pectoralis Major Clavicular Head,Triceps Brachii",
2026-06-09T01:05:29.616Z,GVS Ravage ,Week 7 - Day 5 - Torso B,"Chest Press, Leverage Machine",0,12,9,0,9,10,1,18.75,lb,142.5,lb,0,2026-06-09T01:28:29.681Z,Pectoralis Major Sternal Head,"Deltoid Anterior,Pectoralis Major Clavicular Head,Triceps Brachii",
2026-06-09T01:05:29.616Z,GVS Ravage ,Week 7 - Day 5 - Torso B,Helms Row,0,20,16,0,10,10,1,45,lb,40,lb,0,2026-06-09T01:25:42.172Z,"Latissimus Dorsi,Trapezius Middle Fibers","Deltoid Posterior,Biceps Brachii,Brachialis,Brachioradialis",
2026-06-09T01:05:29.616Z,GVS Ravage ,Week 7 - Day 5 - Torso B,Helms Row,0,20,10,0,10,10,1,45,lb,40,lb,0,2026-06-09T01:34:04.853Z,"Latissimus Dorsi,Trapezius Middle Fibers","Deltoid Posterior,Biceps Brachii,Brachialis,Brachioradialis",
2026-06-09T01:05:29.616Z,GVS Ravage ,Week 7 - Day 5 - Torso B,Shoulder Press,1,5,2,0,,,0,17.5,lb,45,lb,0,2026-06-09T01:36:31.295Z,Deltoid Anterior,"Deltoid Lateral,Pectoralis Major Clavicular Head,Serratus Anterior,Trapezius Lower Fibers,Trapezius Middle Fibers,Triceps Brachii",
2026-06-09T01:05:29.616Z,GVS Ravage ,Week 7 - Day 5 - Torso B,Shoulder Press,0,12,8,0,9,10,1,22.5,lb,45,lb,0,2026-06-09T01:43:36.099Z,Deltoid Anterior,"Deltoid Lateral,Pectoralis Major Clavicular Head,Serratus Anterior,Trapezius Lower Fibers,Trapezius Middle Fibers,Triceps Brachii",
2026-06-09T01:05:29.616Z,GVS Ravage ,Week 7 - Day 5 - Torso B,Shoulder Press,0,12,8,0,9,10,1,22.5,lb,45,lb,0,2026-06-09T02:00:55.500Z,Deltoid Anterior,"Deltoid Lateral,Pectoralis Major Clavicular Head,Serratus Anterior,Trapezius Lower Fibers,Trapezius Middle Fibers,Triceps Brachii",
2026-06-09T01:05:29.616Z,GVS Ravage ,Week 7 - Day 5 - Torso B,Seated Row,1,5,2,0,,,0,60,lb,87.5,lb,0,2026-06-09T01:38:19.728Z,"Latissimus Dorsi,Trapezius Lower Fibers,Trapezius Middle Fibers","Brachialis,Brachioradialis,Deltoid Posterior,Erector Spinae,Infraspinatus,Pectoralis Major Sternal Head,Teres Major,Teres Minor",
2026-06-09T01:05:29.616Z,GVS Ravage ,Week 7 - Day 5 - Torso B,Seated Row,0,20,18,0,10,10,1,77.5,lb,87.5,lb,0,2026-06-09T01:45:16.651Z,"Latissimus Dorsi,Trapezius Lower Fibers,Trapezius Middle Fibers","Brachialis,Brachioradialis,Deltoid Posterior,Erector Spinae,Infraspinatus,Pectoralis Major Sternal Head,Teres Major,Teres Minor",
2026-06-09T01:05:29.616Z,GVS Ravage ,Week 7 - Day 5 - Torso B,Seated Row,0,20,18,0,10,10,1,80,lb,87.5,lb,0,2026-06-09T02:02:18.275Z,"Latissimus Dorsi,Trapezius Lower Fibers,Trapezius Middle Fibers","Brachialis,Brachioradialis,Deltoid Posterior,Erector Spinae,Infraspinatus,Pectoralis Major Sternal Head,Teres Major,Teres Minor",
2026-06-07T23:37:46.411Z,GVS Ravage ,Week 7 - Day 4 - Legs B,"Squat, Smith Machine",1,5,3,0,,,0,65,lb,105,lb,0,2026-06-07T23:39:36.027Z,Quadriceps,"Adductor Magnus,Gluteus Maximus,Soleus",
2026-06-07T23:37:46.411Z,GVS Ravage ,Week 7 - Day 4 - Legs B,"Squat, Smith Machine",1,5,2,0,,,0,102.5,lb,155,lb,0,2026-06-07T23:41:49.882Z,Quadriceps,"Adductor Magnus,Gluteus Maximus,Soleus",
2026-06-07T23:37:46.411Z,GVS Ravage ,Week 7 - Day 4 - Legs B,"Squat, Smith Machine",0,8,7,0,9,8,1,130,lb,155,lb,0,2026-06-07T23:48:08.195Z,Quadriceps,"Adductor Magnus,Gluteus Maximus,Soleus",
2026-06-07T23:37:46.411Z,GVS Ravage ,Week 7 - Day 4 - Legs B,"Squat, Smith Machine",0,8,8,0,9,9,1,130,lb,155,lb,0,2026-06-07T23:55:24.242Z,Quadriceps,"Adductor Magnus,Gluteus Maximus,Soleus",
2026-06-07T23:37:46.411Z,GVS Ravage ,Week 7 - Day 4 - Legs B,"Standing Calf Raise, Barbell",0,20,16,0,10,9.5,1,160,lb,195,lb,0,2026-06-07T23:58:12.107Z,Gastrocnemius,Soleus,
2026-06-07T23:37:46.411Z,GVS Ravage ,Week 7 - Day 4 - Legs B,"Standing Calf Raise, Barbell",0,20,15,0,10,9.5,1,180,lb,195,lb,0,2026-06-08T00:01:37.897Z,Gastrocnemius,Soleus,
2026-06-07T23:37:46.411Z,GVS Ravage ,Week 7 - Day 4 - Legs B,Romanian Deadlift,1,5,2,0,,,0,55,lb,75,lb,0,2026-06-08T00:08:13.741Z,Gluteus Maximus,"Adductor Magnus,Erector Spinae,Hamstrings",
2026-06-07T23:37:46.411Z,GVS Ravage ,Week 7 - Day 4 - Legs B,Romanian Deadlift,0,12,6,0,9,9.5,1,70,lb,75,lb,0,2026-06-08T00:12:12.645Z,Gluteus Maximus,"Adductor Magnus,Erector Spinae,Hamstrings",
2026-06-07T23:37:46.411Z,GVS Ravage ,Week 7 - Day 4 - Legs B,Romanian Deadlift,0,12,3,0,9,9.5,1,70,lb,75,lb,0,2026-06-08T00:17:35.260Z,Gluteus Maximus,"Adductor Magnus,Erector Spinae,Hamstrings",
2026-06-07T23:37:46.411Z,GVS Ravage ,Week 7 - Day 4 - Legs B,Lying Leg Curl,0,15,9,0,10,10,1,35,lb,90,lb,0,2026-06-08T00:19:37.074Z,Hamstrings,"Gastrocnemius,Sartorius",
2026-06-07T23:37:46.411Z,GVS Ravage ,Week 7 - Day 4 - Legs B,Lying Leg Curl,0,15,9,0,10,10,1,35,lb,90,lb,0,2026-06-08T00:25:22.080Z,Hamstrings,"Gastrocnemius,Sartorius",
2026-06-07T23:37:46.411Z,GVS Ravage ,Week 7 - Day 4 - Legs B,Leg Extension,0,20,13,0,10,9.5,1,30,lb,90,lb,0,2026-06-08T00:20:51.181Z,Quadriceps,,
2026-06-07T23:37:46.411Z,GVS Ravage ,Week 7 - Day 4 - Legs B,Leg Extension,0,20,13,0,10,10,1,30,lb,90,lb,0,2026-06-08T00:27:15.029Z,Quadriceps,,
2026-06-06T00:45:51.587Z,GVS Ravage ,Week 7 - Day 3 - Bro Day A,Hammer Curl,1,5,2,0,,,0,10,lb,25,lb,0,2026-06-06T00:47:31.190Z,Brachioradialis,"Biceps Brachii,Brachialis",
2026-06-06T00:45:51.587Z,GVS Ravage ,Week 7 - Day 3 - Bro Day A,Hammer Curl,0,20,14,0,10,10,1,12.5,lb,25,lb,0,2026-06-06T00:53:44.351Z,Brachioradialis,"Biceps Brachii,Brachialis",
2026-06-06T00:45:51.587Z,GVS Ravage ,Week 7 - Day 3 - Bro Day A,Hammer Curl,0,20,12,0,10,10,1,12.5,lb,25,lb,0,2026-06-06T00:59:42.194Z,Brachioradialis,"Biceps Brachii,Brachialis",
2026-06-06T00:45:51.587Z,GVS Ravage ,Week 7 - Day 3 - Bro Day A,"Triceps Extension, Cable",1,5,2,0,,,0,37.5,lb,47.5,lb,0,2026-06-06T00:48:20.462Z,Triceps Brachii,,
2026-06-06T00:45:51.587Z,GVS Ravage ,Week 7 - Day 3 - Bro Day A,"Triceps Extension, Cable",0,15,12,0,10,10,1,47.5,lb,47.5,lb,0,2026-06-06T00:54:48.905Z,Triceps Brachii,,
2026-06-06T00:45:51.587Z,GVS Ravage ,Week 7 - Day 3 - Bro Day A,"Triceps Extension, Cable",0,15,9,0,10,10,1,47.5,lb,47.5,lb,0,2026-06-06T01:03:39.524Z,Triceps Brachii,,
2026-06-06T00:45:51.587Z,GVS Ravage ,Week 7 - Day 3 - Bro Day A,Incline Curl,0,10,6,0,10,10,1,12.5,lb,25,lb,0,2026-06-06T01:07:41.050Z,Biceps Brachii,"Brachialis,Brachioradialis",
2026-06-06T00:45:51.587Z,GVS Ravage ,Week 7 - Day 3 - Bro Day A,Incline Curl,0,10,6,0,10,10,1,12.5,lb,25,lb,0,2026-06-06T01:12:56.590Z,Biceps Brachii,"Brachialis,Brachioradialis",
2026-06-06T00:45:51.587Z,GVS Ravage ,Week 7 - Day 3 - Bro Day A,Triceps Pushdown,0,15,11,0,10,10,1,22.5,lb,60,lb,0,2026-06-06T01:09:33.459Z,Triceps Brachii,,
2026-06-06T00:45:51.587Z,GVS Ravage ,Week 7 - Day 3 - Bro Day A,Triceps Pushdown,0,15,10,0,10,10,1,22.5,lb,60,lb,0,2026-06-06T01:13:59.370Z,Triceps Brachii,,
2026-06-06T00:45:51.587Z,GVS Ravage ,Week 7 - Day 3 - Bro Day A,Lateral Raise,1,5,2,0,,,0,20,lb,20,lb,0,2026-06-06T01:15:04.949Z,Deltoid Lateral,"Deltoid Anterior,Serratus Anterior,Trapezius Lower Fibers,Trapezius Middle Fibers",
2026-06-06T00:45:51.587Z,GVS Ravage ,Week 7 - Day 3 - Bro Day A,Lateral Raise,0,15,9,0,10,10,1,25,lb,20,lb,0,2026-06-06T01:18:02.775Z,Deltoid Lateral,"Deltoid Anterior,Serratus Anterior,Trapezius Lower Fibers,Trapezius Middle Fibers",
2026-06-06T00:45:51.587Z,GVS Ravage ,Week 7 - Day 3 - Bro Day A,Lateral Raise,0,15,9,0,10,10,1,25,lb,20,lb,0,2026-06-06T01:21:56.089Z,Deltoid Lateral,"Deltoid Anterior,Serratus Anterior,Trapezius Lower Fibers,Trapezius Middle Fibers",
2026-06-06T00:45:51.587Z,GVS Ravage ,Week 7 - Day 3 - Bro Day A,Upright Row,0,20,12,0,10,10,1,10,lb,25,lb,0,2026-06-06T01:26:27.113Z,Deltoid Lateral,"Biceps Brachii,Brachialis,Brachioradialis,Deltoid Anterior,Infraspinatus,Serratus Anterior,Teres Minor,Trapezius Lower Fibers,Trapezius Middle Fibers",
2026-06-06T00:45:51.587Z,GVS Ravage ,Week 7 - Day 3 - Bro Day A,Upright Row,0,20,15,0,10,10,1,10,lb,25,lb,0,2026-06-06T01:32:13.091Z,Deltoid Lateral,"Biceps Brachii,Brachialis,Brachioradialis,Deltoid Anterior,Infraspinatus,Serratus Anterior,Teres Minor,Trapezius Lower Fibers,Trapezius Middle Fibers",
2026-06-05T01:15:13.779Z,GVS Ravage ,Week 7 - Day 2 - Torso A,Smith Machine Close Grip Larsen Press,1,5,3,0,,,0,60,lb,105,lb,0,2026-06-05T01:19:08.593Z,"Triceps Brachii,Pectoralis Major Sternal Head","Pectoralis Major Clavicular Head,Deltoid Anterior,Serratus Anterior",
2026-06-05T01:15:13.779Z,GVS Ravage ,Week 7 - Day 2 - Torso A,Smith Machine Close Grip Larsen Press,1,5,2,0,,,0,95,lb,155,lb,0,2026-06-05T01:20:16.421Z,"Triceps Brachii,Pectoralis Major Sternal Head","Pectoralis Major Clavicular Head,Deltoid Anterior,Serratus Anterior",
2026-06-05T01:15:13.779Z,GVS Ravage ,Week 7 - Day 2 - Torso A,Smith Machine Close Grip Larsen Press,0,8,6,0,8,9,1,120,lb,155,lb,0,2026-06-05T01:23:35.324Z,"Triceps Brachii,Pectoralis Major Sternal Head","Pectoralis Major Clavicular Head,Deltoid Anterior,Serratus Anterior",
2026-06-05T01:15:13.779Z,GVS Ravage ,Week 7 - Day 2 - Torso A,Smith Machine Close Grip Larsen Press,0,8,4,0,8,9,1,130,lb,155,lb,0,2026-06-05T01:33:15.112Z,"Triceps Brachii,Pectoralis Major Sternal Head","Pectoralis Major Clavicular Head,Deltoid Anterior,Serratus Anterior",
2026-06-05T01:15:13.779Z,GVS Ravage ,Week 7 - Day 2 - Torso A,Smith Machine Close Grip Larsen Press,0,8,4,0,8,9,1,130,lb,155,lb,0,2026-06-05T01:39:19.783Z,"Triceps Brachii,Pectoralis Major Sternal Head","Pectoralis Major Clavicular Head,Deltoid Anterior,Serratus Anterior",
2026-06-05T01:15:13.779Z,GVS Ravage ,Week 7 - Day 2 - Torso A,Neutral Grip Pull-Up,1,5,1,0,,,0,80,lb,2.25,lb,0,2026-06-05T01:20:51.879Z,Latissimus Dorsi,"Biceps Brachii,Brachialis,Brachioradialis,Trapezius Middle Fibers,Trapezius Lower Fibers,Teres Major,Deltoid Posterior",
2026-06-05T01:15:13.779Z,GVS Ravage ,Week 7 - Day 2 - Torso A,Neutral Grip Pull-Up,0,15,3,1,9,10,1,100,lb,2.25,lb,0,2026-06-05T01:25:34.614Z,Latissimus Dorsi,"Biceps Brachii,Brachialis,Brachioradialis,Trapezius Middle Fibers,Trapezius Lower Fibers,Teres Major,Deltoid Posterior",
2026-06-05T01:15:13.779Z,GVS Ravage ,Week 7 - Day 2 - Torso A,Neutral Grip Pull-Up,0,15,3,1,9,10,1,100,lb,2.25,lb,0,2026-06-05T01:34:07.836Z,Latissimus Dorsi,"Biceps Brachii,Brachialis,Brachioradialis,Trapezius Middle Fibers,Trapezius Lower Fibers,Teres Major,Deltoid Posterior",
2026-06-05T01:15:13.779Z,GVS Ravage ,Week 7 - Day 2 - Torso A,Neutral Grip Pull-Up,0,15,1,1,9,10,1,100,lb,2.25,lb,0,2026-06-05T01:40:25.205Z,Latissimus Dorsi,"Biceps Brachii,Brachialis,Brachioradialis,Trapezius Middle Fibers,Trapezius Lower Fibers,Teres Major,Deltoid Posterior",
2026-06-05T01:15:13.779Z,GVS Ravage ,Week 7 - Day 2 - Torso A,Smith Reverse Grip Bench,0,12,8,0,9,9,1,90,lb,105,lb,0,2026-06-05T01:47:18.534Z,"Pectoralis Major Clavicular Head,Triceps Brachii","Deltoid Anterior,Pectoralis Major Sternal Head",
2026-06-05T01:15:13.779Z,GVS Ravage ,Week 7 - Day 2 - Torso A,Smith Reverse Grip Bench,0,12,12,0,9,9,1,90,lb,105,lb,0,2026-06-05T01:53:22.370Z,"Pectoralis Major Clavicular Head,Triceps Brachii","Deltoid Anterior,Pectoralis Major Sternal Head",
2026-06-05T01:15:13.779Z,GVS Ravage ,Week 7 - Day 2 - Torso A,Machine Pulldown,0,15,10,0,9,10,1,135,lb,120,lb,0,2026-06-05T01:48:40.276Z,Latissimus Dorsi,"Trapezius Middle Fibers,Trapezius Lower Fibers,Deltoid Posterior,Biceps Brachii,Brachialis,Brachioradialis",
2026-06-05T01:15:13.779Z,GVS Ravage ,Week 7 - Day 2 - Torso A,Machine Pulldown,0,15,10,0,9,10,1,130,lb,120,lb,0,2026-06-05T01:55:09.751Z,Latissimus Dorsi,"Trapezius Middle Fibers,Trapezius Lower Fibers,Deltoid Posterior,Biceps Brachii,Brachialis,Brachioradialis",
2026-06-05T01:15:13.779Z,GVS Ravage ,Week 7 - Day 2 - Torso A,Cable Crossover,0,15,7,0,10,10,1,22.5,lb,22.5,lb,0,2026-06-05T01:57:53.278Z,Pectoralis Major Sternal Head,"Deltoid Anterior,Latissimus Dorsi,Levator Scapulae,Pectoralis Major Clavicular Head",
2026-06-05T01:15:13.779Z,GVS Ravage ,Week 7 - Day 2 - Torso A,Cable Crossover,0,15,8,0,10,10,1,22.5,lb,22.5,lb,0,2026-06-05T02:04:14.076Z,Pectoralis Major Sternal Head,"Deltoid Anterior,Latissimus Dorsi,Levator Scapulae,Pectoralis Major Clavicular Head",
2026-06-05T01:15:13.779Z,GVS Ravage ,Week 7 - Day 2 - Torso A,Bent Over One Arm Row,0,15,8,0,10,10,1,37.5,lb,55,lb,0,2026-06-05T02:00:41.547Z,"Latissimus Dorsi,Trapezius Lower Fibers,Trapezius Middle Fibers","Infraspinatus,Teres Major,Teres Minor,Brachialis,Brachioradialis,Deltoid Posterior,Pectoralis Major Sternal Head",
2026-06-05T01:15:13.779Z,GVS Ravage ,Week 7 - Day 2 - Torso A,Bent Over One Arm Row,0,15,10,0,10,10,1,37.5,lb,55,lb,0,2026-06-05T02:13:16.591Z,"Latissimus Dorsi,Trapezius Lower Fibers,Trapezius Middle Fibers","Infraspinatus,Teres Major,Teres Minor,Brachialis,Brachioradialis,Deltoid Posterior,Pectoralis Major Sternal Head",
2026-06-05T01:15:13.779Z,GVS Ravage ,Week 7 - Day 2 - Torso A,"Pullover, Cable",0,20,20,0,10,9.5,1,22.5,lb,40,lb,0,2026-06-05T02:15:30.432Z,Latissimus Dorsi,"Deltoid Posterior,Levator Scapulae,Pectoralis Major Sternal Head,Serratus Anterior,Teres Major,Trapezius Middle Fibers,Triceps Brachii",
2026-06-05T01:15:13.779Z,GVS Ravage ,Week 7 - Day 2 - Torso A,"Pullover, Cable",0,20,13,0,10,10,1,27.5,lb,40,lb,0,2026-06-05T02:17:38.384Z,Latissimus Dorsi,"Deltoid Posterior,Levator Scapulae,Pectoralis Major Sternal Head,Serratus Anterior,Teres Major,Trapezius Middle Fibers,Triceps Brachii",
2026-06-04T00:10:50.318Z,GVS Ravage ,Week 7 - Day 1 - Legs A,"Hack Squat, Smith Machine",1,5,3,0,,,0,62.5,lb,105,lb,0,2026-06-04T00:14:19.665Z,Quadriceps,"Adductor Magnus,Gluteus Maximus,Soleus",
2026-06-04T00:10:50.318Z,GVS Ravage ,Week 7 - Day 1 - Legs A,"Hack Squat, Smith Machine",1,2,2,0,,,0,135,lb,135,lb,0,2026-06-04T00:16:47.925Z,Quadriceps,"Adductor Magnus,Gluteus Maximus,Soleus",
2026-06-04T00:10:50.318Z,GVS Ravage ,Week 7 - Day 1 - Legs A,"Hack Squat, Smith Machine",0,10,6,0,9,9,1,80,lb,135,lb,0,2026-06-04T00:21:48.473Z,Quadriceps,"Adductor Magnus,Gluteus Maximus,Soleus",
2026-06-04T00:10:50.318Z,GVS Ravage ,Week 7 - Day 1 - Legs A,"Hack Squat, Smith Machine",0,15,12,0,8,9,1,57.5,lb,95,lb,0,2026-06-04T00:27:42.571Z,Quadriceps,"Adductor Magnus,Gluteus Maximus,Soleus",
2026-06-04T00:10:50.318Z,GVS Ravage ,Week 7 - Day 1 - Legs A,"Hack Squat, Smith Machine",0,15,11,0,8,9.5,1,57.5,lb,95,lb,0,2026-06-04T00:39:56.843Z,Quadriceps,"Adductor Magnus,Gluteus Maximus,Soleus",
2026-06-04T00:10:50.318Z,GVS Ravage ,Week 7 - Day 1 - Legs A,"Stiff Leg Deadlift, Dumbbell",0,15,6,0,9,10,1,65,lb,65,lb,0,2026-06-04T00:43:05.799Z,Erector Spinae,"Adductor Magnus,Gluteus Maximus,Hamstrings",
2026-06-04T00:10:50.318Z,GVS Ravage ,Week 7 - Day 1 - Legs A,"Stiff Leg Deadlift, Dumbbell",0,15,7,0,9,10,1,65,lb,65,lb,0,2026-06-04T00:53:29.078Z,Erector Spinae,"Adductor Magnus,Gluteus Maximus,Hamstrings",
2026-06-04T00:10:50.318Z,GVS Ravage ,Week 7 - Day 1 - Legs A,Walking Lunge,0,30,11,0,9,10,1,15,lb,20,lb,0,2026-06-04T00:55:01.310Z,Quadriceps,"Gastrocnemius,Gluteus Maximus,Hamstrings,Soleus",
2026-06-04T00:10:50.318Z,GVS Ravage ,Week 7 - Day 1 - Legs A,Walking Lunge,0,30,9,0,9,10,1,15,lb,20,lb,0,2026-06-04T01:00:24.677Z,Quadriceps,"Gastrocnemius,Gluteus Maximus,Hamstrings,Soleus",
2026-06-04T00:10:50.318Z,GVS Ravage ,Week 7 - Day 1 - Legs A,Lying Leg Curl,0,12,10,0,10,10,1,40,lb,90,lb,0,2026-06-04T01:03:22.224Z,Hamstrings,"Gastrocnemius,Sartorius",
2026-06-04T00:10:50.318Z,GVS Ravage ,Week 7 - Day 1 - Legs A,Lying Leg Curl,0,12,10,0,10,10,1,40,lb,90,lb,0,2026-06-04T01:09:18.932Z,Hamstrings,"Gastrocnemius,Sartorius",
2026-06-03T00:44:50.814Z,GVS Ravage ,Week 6 - Day 6 - Bro Day B,Hammer Curl,1,5,2,0,,,0,10,lb,25,lb,0,2026-06-03T00:47:42.867Z,Brachioradialis,"Biceps Brachii,Brachialis",
2026-06-03T00:44:50.814Z,GVS Ravage ,Week 6 - Day 6 - Bro Day B,Hammer Curl,0,20,10,0,10,10,1,12.5,lb,25,lb,0,2026-06-03T00:51:26.749Z,Brachioradialis,"Biceps Brachii,Brachialis",
2026-06-03T00:44:50.814Z,GVS Ravage ,Week 6 - Day 6 - Bro Day B,Hammer Curl,0,20,9,0,10,10,1,12.5,lb,25,lb,0,2026-06-03T00:55:55.218Z,Brachioradialis,"Biceps Brachii,Brachialis",
2026-06-03T00:44:50.814Z,GVS Ravage ,Week 6 - Day 6 - Bro Day B,"Triceps Extension, Cable",1,,2,0,,,0,,,50,lb,0,2026-06-03T00:48:47.842Z,Triceps Brachii,,
2026-06-03T00:44:50.814Z,GVS Ravage ,Week 6 - Day 6 - Bro Day B,"Triceps Extension, Cable",0,15,4,0,10,10,1,10,lb,50,lb,0,2026-06-03T00:52:56.110Z,Triceps Brachii,,
2026-06-03T00:44:50.814Z,GVS Ravage ,Week 6 - Day 6 - Bro Day B,"Triceps Extension, Cable",0,15,7,0,10,10,1,10,lb,50,lb,0,2026-06-03T00:57:13.288Z,Triceps Brachii,,
2026-06-03T00:44:50.814Z,GVS Ravage ,Week 6 - Day 6 - Bro Day B,Bicep Curl,0,12,7,0,10,10,1,12.5,lb,25,lb,0,2026-06-03T00:59:50.927Z,Biceps Brachii,"Brachialis,Brachioradialis",
2026-06-03T00:44:50.814Z,GVS Ravage ,Week 6 - Day 6 - Bro Day B,Bicep Curl,0,12,8,0,10,10,1,12.5,lb,25,lb,0,2026-06-03T01:05:33.040Z,Biceps Brachii,"Brachialis,Brachioradialis",
2026-06-03T00:44:50.814Z,GVS Ravage ,Week 6 - Day 6 - Bro Day B,Triceps Pushdown,0,15,11,0,10,10,1,22.5,lb,60,lb,0,2026-06-03T01:00:43.871Z,Triceps Brachii,,
2026-06-03T00:44:50.814Z,GVS Ravage ,Week 6 - Day 6 - Bro Day B,Triceps Pushdown,0,15,8,0,10,10,1,22.5,lb,60,lb,0,2026-06-03T01:06:46.254Z,Triceps Brachii,,
2026-06-03T00:44:50.814Z,GVS Ravage ,Week 6 - Day 6 - Bro Day B,Lateral Raise,1,,2,0,,,0,,,20,lb,0,2026-06-03T01:07:58.577Z,Deltoid Lateral,"Deltoid Anterior,Serratus Anterior,Trapezius Lower Fibers,Trapezius Middle Fibers",
2026-06-03T00:44:50.814Z,GVS Ravage ,Week 6 - Day 6 - Bro Day B,Lateral Raise,0,20,12,0,10,10,1,10,lb,20,lb,0,2026-06-03T01:12:32.803Z,Deltoid Lateral,"Deltoid Anterior,Serratus Anterior,Trapezius Lower Fibers,Trapezius Middle Fibers",
2026-06-03T00:44:50.814Z,GVS Ravage ,Week 6 - Day 6 - Bro Day B,Lateral Raise,0,20,7,0,10,10,1,10,lb,20,lb,0,2026-06-03T01:17:49.531Z,Deltoid Lateral,"Deltoid Anterior,Serratus Anterior,Trapezius Lower Fibers,Trapezius Middle Fibers",
2026-06-03T00:44:50.814Z,GVS Ravage ,Week 6 - Day 6 - Bro Day B,Lu Lateral Raise,0,15,7,0,10,10,1,10,lb,10,lb,0,2026-06-03T01:19:41.723Z,Deltoid Lateral,"Deltoid Anterior,Deltoid Posterior,Serratus Anterior,Trapezius Middle Fibers,Trapezius Lower Fibers",
2026-06-03T00:44:50.814Z,GVS Ravage ,Week 6 - Day 6 - Bro Day B,Lu Lateral Raise,0,15,6,0,10,10,1,10,lb,10,lb,0,2026-06-03T01:23:11.127Z,Deltoid Lateral,"Deltoid Anterior,Deltoid Posterior,Serratus Anterior,Trapezius Middle Fibers,Trapezius Lower Fibers",
2026-06-03T00:44:50.814Z,GVS Ravage ,Week 6 - Day 6 - Bro Day B,Cable Rear Delt One-Arm Row,0,20,13,0,10,10,1,15,lb,15,lb,0,2026-06-03T01:25:52.408Z,,,
2026-06-03T00:44:50.814Z,GVS Ravage ,Week 6 - Day 6 - Bro Day B,Cable Rear Delt One-Arm Row,0,20,14,0,10,10,1,15,lb,15,lb,0,2026-06-03T01:30:59.638Z,,,
2026-06-03T00:44:50.814Z,GVS Ravage ,Week 6 - Day 6 - Bro Day B,Neck Flexion,0,20,3,0,10,10,1,5,lb,5,lb,0,2026-06-03T01:32:11.506Z,Sternocleidomastoid,,
2026-06-03T00:44:50.814Z,GVS Ravage ,Week 6 - Day 6 - Bro Day B,"Wrist Curl, Dumbbell",0,20,15,0,10,10,1,22.5,lb,25,lb,0,2026-06-03T01:33:19.974Z,Wrist Flexors,,
2026-06-02T00:16:14.961Z,GVS Ravage ,Week 6 - Day 5 - Torso B,"Bench Press, Dumbbell",1,5,2,0,,,0,50,lb,65,lb,0,2026-06-02T00:19:04.452Z,Pectoralis Major Sternal Head,"Deltoid Anterior,Pectoralis Major Clavicular Head,Triceps Brachii",
2026-06-02T00:16:14.961Z,GVS Ravage ,Week 6 - Day 5 - Torso B,"Bench Press, Dumbbell",0,12,10,0,9,9,1,65,lb,65,lb,0,2026-06-02T00:28:16.759Z,Pectoralis Major Sternal Head,"Deltoid Anterior,Pectoralis Major Clavicular Head,Triceps Brachii",
2026-06-02T00:16:14.961Z,GVS Ravage ,Week 6 - Day 5 - Torso B,"Bench Press, Dumbbell",0,12,8,0,9,10,1,65,lb,65,lb,0,2026-06-02T00:28:12.195Z,Pectoralis Major Sternal Head,"Deltoid Anterior,Pectoralis Major Clavicular Head,Triceps Brachii",
2026-06-02T00:16:14.961Z,GVS Ravage ,Week 6 - Day 5 - Torso B,Neutral Grip Pull-Up,1,,1,0,,,0,,,2.25,lb,0,2026-06-02T00:19:02.100Z,Latissimus Dorsi,"Biceps Brachii,Brachialis,Brachioradialis,Trapezius Middle Fibers,Trapezius Lower Fibers,Teres Major,Deltoid Posterior",
2026-06-02T00:16:14.961Z,GVS Ravage ,Week 6 - Day 5 - Torso B,Neutral Grip Pull-Up,0,15,4,0,10,10,1,0,lb,2.25,lb,0,2026-06-02T00:22:49.778Z,Latissimus Dorsi,"Biceps Brachii,Brachialis,Brachioradialis,Trapezius Middle Fibers,Trapezius Lower Fibers,Teres Major,Deltoid Posterior",
2026-06-02T00:16:14.961Z,GVS Ravage ,Week 6 - Day 5 - Torso B,Neutral Grip Pull-Up,0,15,3,0,10,9,1,0,lb,2.25,lb,0,2026-06-02T00:30:19.260Z,Latissimus Dorsi,"Biceps Brachii,Brachialis,Brachioradialis,Trapezius Middle Fibers,Trapezius Lower Fibers,Teres Major,Deltoid Posterior",
2026-06-02T00:16:14.961Z,GVS Ravage ,Week 6 - Day 5 - Torso B,"Chest Press, Leverage Machine",0,12,9,0,9,10,1,18.75,lb,142.5,lb,0,2026-06-02T00:37:57.110Z,Pectoralis Major Sternal Head,"Deltoid Anterior,Pectoralis Major Clavicular Head,Triceps Brachii",
2026-06-02T00:16:14.961Z,GVS Ravage ,Week 6 - Day 5 - Torso B,"Chest Press, Leverage Machine",0,12,9,0,9,10,1,18.75,lb,142.5,lb,0,2026-06-02T00:46:59.077Z,Pectoralis Major Sternal Head,"Deltoid Anterior,Pectoralis Major Clavicular Head,Triceps Brachii",
2026-06-02T00:16:14.961Z,GVS Ravage ,Week 6 - Day 5 - Torso B,Helms Row,0,20,13,0,10,10,1,45,lb,40,lb,0,2026-06-02T00:39:37.690Z,"Latissimus Dorsi,Trapezius Middle Fibers","Deltoid Posterior,Biceps Brachii,Brachialis,Brachioradialis",
2026-06-02T00:16:14.961Z,GVS Ravage ,Week 6 - Day 5 - Torso B,Helms Row,0,20,12,0,10,10,1,45,lb,40,lb,0,2026-06-02T00:49:28.037Z,"Latissimus Dorsi,Trapezius Middle Fibers","Deltoid Posterior,Biceps Brachii,Brachialis,Brachioradialis",
2026-06-02T00:16:14.961Z,GVS Ravage ,Week 6 - Day 5 - Torso B,Shoulder Press,1,5,2,0,,,0,17.5,lb,45,lb,0,2026-06-02T00:52:45.808Z,Deltoid Anterior,"Deltoid Lateral,Pectoralis Major Clavicular Head,Serratus Anterior,Trapezius Lower Fibers,Trapezius Middle Fibers,Triceps Brachii",
2026-06-02T00:16:14.961Z,GVS Ravage ,Week 6 - Day 5 - Torso B,Shoulder Press,0,12,11,0,9,10,1,22.5,lb,45,lb,0,2026-06-02T01:00:28.083Z,Deltoid Anterior,"Deltoid Lateral,Pectoralis Major Clavicular Head,Serratus Anterior,Trapezius Lower Fibers,Trapezius Middle Fibers,Triceps Brachii",
2026-06-02T00:16:14.961Z,GVS Ravage ,Week 6 - Day 5 - Torso B,Shoulder Press,0,12,8,0,9,10,1,22.5,lb,45,lb,0,2026-06-02T01:09:20.813Z,Deltoid Anterior,"Deltoid Lateral,Pectoralis Major Clavicular Head,Serratus Anterior,Trapezius Lower Fibers,Trapezius Middle Fibers,Triceps Brachii",
2026-06-02T00:16:14.961Z,GVS Ravage ,Week 6 - Day 5 - Torso B,Seated Row,0,20,15,0,10,10,1,77.5,lb,87.5,lb,0,2026-06-02T00:54:23.201Z,"Latissimus Dorsi,Trapezius Lower Fibers,Trapezius Middle Fibers","Brachialis,Brachioradialis,Deltoid Posterior,Erector Spinae,Infraspinatus,Pectoralis Major Sternal Head,Teres Major,Teres Minor",
2026-06-02T00:16:14.961Z,GVS Ravage ,Week 6 - Day 5 - Torso B,Seated Row,0,20,18,0,10,10,1,80,lb,87.5,lb,0,2026-06-02T01:04:34.063Z,"Latissimus Dorsi,Trapezius Lower Fibers,Trapezius Middle Fibers","Brachialis,Brachioradialis,Deltoid Posterior,Erector Spinae,Infraspinatus,Pectoralis Major Sternal Head,Teres Major,Teres Minor",
2026-05-31T23:53:07.851Z,GVS Ravage ,Week 6 - Day 4 - Legs B,"Squat, Smith Machine",1,5,3,0,,,0,65,lb,105,lb,0,2026-06-01T00:00:42.541Z,Quadriceps,"Adductor Magnus,Gluteus Maximus,Soleus",
2026-05-31T23:53:07.851Z,GVS Ravage ,Week 6 - Day 4 - Legs B,"Squat, Smith Machine",1,5,2,0,,,0,102.5,lb,155,lb,0,2026-06-01T00:03:29.790Z,Quadriceps,"Adductor Magnus,Gluteus Maximus,Soleus",
2026-05-31T23:53:07.851Z,GVS Ravage ,Week 6 - Day 4 - Legs B,"Squat, Smith Machine",0,8,7,0,9,9,1,130,lb,155,lb,0,2026-06-01T00:07:22.431Z,Quadriceps,"Adductor Magnus,Gluteus Maximus,Soleus",
2026-05-31T23:53:07.851Z,GVS Ravage ,Week 6 - Day 4 - Legs B,"Squat, Smith Machine",0,8,6,0,9,9,1,130,lb,155,lb,0,2026-06-01T01:08:24.209Z,Quadriceps,"Adductor Magnus,Gluteus Maximus,Soleus",
2026-05-31T23:53:07.851Z,GVS Ravage ,Week 6 - Day 4 - Legs B,Romanian Deadlift,1,5,2,0,,,0,55,lb,70,lb,0,2026-06-01T01:33:06.995Z,Gluteus Maximus,"Adductor Magnus,Erector Spinae,Hamstrings",
2026-05-31T23:53:07.851Z,GVS Ravage ,Week 6 - Day 4 - Legs B,Romanian Deadlift,0,12,8,0,9,9.5,1,70,lb,70,lb,0,2026-06-01T01:33:10.050Z,Gluteus Maximus,"Adductor Magnus,Erector Spinae,Hamstrings",
2026-05-31T23:53:07.851Z,GVS Ravage ,Week 6 - Day 4 - Legs B,Romanian Deadlift,0,12,12,0,9,9,1,70,lb,70,lb,0,2026-06-01T01:42:46.448Z,Gluteus Maximus,"Adductor Magnus,Erector Spinae,Hamstrings",
2026-05-31T23:53:07.851Z,GVS Ravage ,Week 6 - Day 4 - Legs B,"Standing Calf Raise, Barbell",1,5,2,0,,,0,55,lb,155,lb,0,2026-06-01T01:09:58.817Z,Gastrocnemius,Soleus,
2026-05-31T23:53:07.851Z,GVS Ravage ,Week 6 - Day 4 - Legs B,"Standing Calf Raise, Barbell",0,20,20,0,10,8.5,1,70,lb,155,lb,0,2026-06-01T01:26:57.680Z,Gastrocnemius,Soleus,
2026-05-31T23:53:07.851Z,GVS Ravage ,Week 6 - Day 4 - Legs B,"Standing Calf Raise, Barbell",0,20,20,0,10,9.5,1,70,lb,175,lb,0,2026-06-01T01:31:10.259Z,Gastrocnemius,Soleus,
2026-05-31T23:53:07.851Z,GVS Ravage ,Week 6 - Day 4 - Legs B,Lying Leg Curl,0,15,10,0,10,10,1,35,lb,90,lb,0,2026-06-01T02:02:17.695Z,Hamstrings,"Gastrocnemius,Sartorius",
2026-05-31T23:53:07.851Z,GVS Ravage ,Week 6 - Day 4 - Legs B,Lying Leg Curl,0,15,8,0,10,10,1,35,lb,90,lb,0,2026-06-01T02:02:18.711Z,Hamstrings,"Gastrocnemius,Sartorius",
2026-05-31T23:53:07.851Z,GVS Ravage ,Week 6 - Day 4 - Legs B,Leg Extension,0,20,9,0,10,10,1,30,lb,90,lb,0,2026-06-01T02:02:28.364Z,Quadriceps,,
2026-05-31T23:53:07.851Z,GVS Ravage ,Week 6 - Day 4 - Legs B,Leg Extension,0,20,10,0,10,10,1,30,lb,90,lb,0,2026-06-01T02:02:29.393Z,Quadriceps,,
2026-05-31T01:02:06.102Z,GVS Ravage ,Week 6 - Day 3 - Bro Day A,Hammer Curl,1,5,2,0,,,0,10,lb,25,lb,0,2026-05-31T01:04:25.912Z,Brachioradialis,"Biceps Brachii,Brachialis",
2026-05-31T01:02:06.102Z,GVS Ravage ,Week 6 - Day 3 - Bro Day A,Hammer Curl,0,20,11,0,10,10,1,12.5,lb,25,lb,0,2026-05-31T01:08:36.328Z,Brachioradialis,"Biceps Brachii,Brachialis",
2026-05-31T01:02:06.102Z,GVS Ravage ,Week 6 - Day 3 - Bro Day A,Hammer Curl,0,20,9,0,10,10,1,12.5,lb,25,lb,0,2026-05-31T01:14:57.854Z,Brachioradialis,"Biceps Brachii,Brachialis",
2026-05-31T01:02:06.102Z,GVS Ravage ,Week 6 - Day 3 - Bro Day A,"Triceps Extension, Cable",1,5,2,0,,,0,37.5,lb,52.5,lb,0,2026-05-31T01:05:31.274Z,Triceps Brachii,,
2026-05-31T01:02:06.102Z,GVS Ravage ,Week 6 - Day 3 - Bro Day A,"Triceps Extension, Cable",0,15,9,0,10,10,1,47.5,lb,50,lb,0,2026-05-31T01:11:15.918Z,Triceps Brachii,,
2026-05-31T01:02:06.102Z,GVS Ravage ,Week 6 - Day 3 - Bro Day A,"Triceps Extension, Cable",0,15,7,0,10,10,1,47.5,lb,50,lb,0,2026-05-31T01:15:32.850Z,Triceps Brachii,,
2026-05-31T01:02:06.102Z,GVS Ravage ,Week 6 - Day 3 - Bro Day A,Incline Curl,0,10,6,0,10,10,1,12.5,lb,25,lb,0,2026-05-31T01:19:55.442Z,Biceps Brachii,"Brachialis,Brachioradialis",
2026-05-31T01:02:06.102Z,GVS Ravage ,Week 6 - Day 3 - Bro Day A,Incline Curl,0,10,8,0,10,10,1,12.5,lb,25,lb,0,2026-05-31T01:26:20.396Z,Biceps Brachii,"Brachialis,Brachioradialis",
2026-05-31T01:02:06.102Z,GVS Ravage ,Week 6 - Day 3 - Bro Day A,Triceps Pushdown,0,15,7,0,10,10,1,22.5,lb,60,lb,0,2026-05-31T01:21:14.304Z,Triceps Brachii,,
2026-05-31T01:02:06.102Z,GVS Ravage ,Week 6 - Day 3 - Bro Day A,Triceps Pushdown,0,15,8,0,10,10,1,22.5,lb,60,lb,0,2026-05-31T01:27:16.831Z,Triceps Brachii,,
2026-05-31T01:02:06.102Z,GVS Ravage ,Week 6 - Day 3 - Bro Day A,Lateral Raise,1,5,2,0,,,0,20,lb,20,lb,0,2026-05-31T01:27:43.292Z,Deltoid Lateral,"Deltoid Anterior,Serratus Anterior,Trapezius Lower Fibers,Trapezius Middle Fibers",
2026-05-31T01:02:06.102Z,GVS Ravage ,Week 6 - Day 3 - Bro Day A,Lateral Raise,0,15,13,0,10,10,1,25,lb,20,lb,0,2026-05-31T01:31:16.274Z,Deltoid Lateral,"Deltoid Anterior,Serratus Anterior,Trapezius Lower Fibers,Trapezius Middle Fibers",
2026-05-31T01:02:06.102Z,GVS Ravage ,Week 6 - Day 3 - Bro Day A,Lateral Raise,0,15,9,0,10,10,1,25,lb,20,lb,0,2026-05-31T01:35:25.269Z,Deltoid Lateral,"Deltoid Anterior,Serratus Anterior,Trapezius Lower Fibers,Trapezius Middle Fibers",
2026-05-31T01:02:06.102Z,GVS Ravage ,Week 6 - Day 3 - Bro Day A,Upright Row,1,,2,0,,,0,,,25,lb,0,2026-05-31T01:36:36.467Z,Deltoid Lateral,"Biceps Brachii,Brachialis,Brachioradialis,Deltoid Anterior,Infraspinatus,Serratus Anterior,Teres Minor,Trapezius Lower Fibers,Trapezius Middle Fibers",
2026-05-31T01:02:06.102Z,GVS Ravage ,Week 6 - Day 3 - Bro Day A,Upright Row,0,20,15,0,10,10,1,10,lb,25,lb,0,2026-05-31T01:40:31.118Z,Deltoid Lateral,"Biceps Brachii,Brachialis,Brachioradialis,Deltoid Anterior,Infraspinatus,Serratus Anterior,Teres Minor,Trapezius Lower Fibers,Trapezius Middle Fibers",
2026-05-31T01:02:06.102Z,GVS Ravage ,Week 6 - Day 3 - Bro Day A,Upright Row,0,20,13,0,10,10,1,10,lb,25,lb,0,2026-05-31T01:43:07.286Z,Deltoid Lateral,"Biceps Brachii,Brachialis,Brachioradialis,Deltoid Anterior,Infraspinatus,Serratus Anterior,Teres Minor,Trapezius Lower Fibers,Trapezius Middle Fibers",
2026-05-30T00:55:13.525Z,GVS Ravage ,Week 6 - Day 2 - Torso A,Smith Machine Close Grip Larsen Press,1,5,3,0,,,0,60,lb,105,lb,0,2026-05-30T01:00:42.157Z,"Triceps Brachii,Pectoralis Major Sternal Head","Pectoralis Major Clavicular Head,Deltoid Anterior,Serratus Anterior",
2026-05-30T00:55:13.525Z,GVS Ravage ,Week 6 - Day 2 - Torso A,Smith Machine Close Grip Larsen Press,1,5,2,0,,,0,95,lb,155,lb,0,2026-05-30T01:02:54.851Z,"Triceps Brachii,Pectoralis Major Sternal Head","Pectoralis Major Clavicular Head,Deltoid Anterior,Serratus Anterior",
2026-05-30T00:55:13.525Z,GVS Ravage ,Week 6 - Day 2 - Torso A,Smith Machine Close Grip Larsen Press,0,8,6,0,8,9,1,120,lb,155,lb,0,2026-05-30T01:08:48.235Z,"Triceps Brachii,Pectoralis Major Sternal Head","Pectoralis Major Clavicular Head,Deltoid Anterior,Serratus Anterior",
2026-05-30T00:55:13.525Z,GVS Ravage ,Week 6 - Day 2 - Torso A,Smith Machine Close Grip Larsen Press,0,8,6,0,8,9,1,130,lb,155,lb,0,2026-05-30T01:14:28.603Z,"Triceps Brachii,Pectoralis Major Sternal Head","Pectoralis Major Clavicular Head,Deltoid Anterior,Serratus Anterior",
2026-05-30T00:55:13.525Z,GVS Ravage ,Week 6 - Day 2 - Torso A,Smith Machine Close Grip Larsen Press,0,8,6,0,8,9,1,130,lb,155,lb,0,2026-05-30T01:21:01.334Z,"Triceps Brachii,Pectoralis Major Sternal Head","Pectoralis Major Clavicular Head,Deltoid Anterior,Serratus Anterior",
2026-05-30T00:55:13.525Z,GVS Ravage ,Week 6 - Day 2 - Torso A,Neutral Grip Pull-Up,1,5,1,0,,,0,80,lb,0.25,lb,0,2026-05-30T01:03:45.229Z,Latissimus Dorsi,"Biceps Brachii,Brachialis,Brachioradialis,Trapezius Middle Fibers,Trapezius Lower Fibers,Teres Major,Deltoid Posterior",
2026-05-30T00:55:13.525Z,GVS Ravage ,Week 6 - Day 2 - Torso A,Neutral Grip Pull-Up,0,15,4,1,9,10,1,100,lb,0.25,lb,0,2026-05-30T01:10:03.768Z,Latissimus Dorsi,"Biceps Brachii,Brachialis,Brachioradialis,Trapezius Middle Fibers,Trapezius Lower Fibers,Teres Major,Deltoid Posterior",
2026-05-30T00:55:13.525Z,GVS Ravage ,Week 6 - Day 2 - Torso A,Neutral Grip Pull-Up,0,15,2,1,9,10,1,100,lb,0.25,lb,0,2026-05-30T01:15:30.684Z,Latissimus Dorsi,"Biceps Brachii,Brachialis,Brachioradialis,Trapezius Middle Fibers,Trapezius Lower Fibers,Teres Major,Deltoid Posterior",
2026-05-30T00:55:13.525Z,GVS Ravage ,Week 6 - Day 2 - Torso A,Neutral Grip Pull-Up,0,15,2,1,9,10,1,100,lb,0.25,lb,0,2026-05-30T01:21:44.359Z,Latissimus Dorsi,"Biceps Brachii,Brachialis,Brachioradialis,Trapezius Middle Fibers,Trapezius Lower Fibers,Teres Major,Deltoid Posterior",
2026-05-30T00:55:13.525Z,GVS Ravage ,Week 6 - Day 2 - Torso A,Smith Reverse Grip Bench,0,12,8,0,9,9,1,90,lb,105,lb,0,2026-05-30T01:24:21.316Z,"Pectoralis Major Clavicular Head,Triceps Brachii","Deltoid Anterior,Pectoralis Major Sternal Head",
2026-05-30T00:55:13.525Z,GVS Ravage ,Week 6 - Day 2 - Torso A,Smith Reverse Grip Bench,0,12,9,0,9,9,1,90,lb,105,lb,0,2026-05-30T01:30:27.326Z,"Pectoralis Major Clavicular Head,Triceps Brachii","Deltoid Anterior,Pectoralis Major Sternal Head",
2026-05-30T00:55:13.525Z,GVS Ravage ,Week 6 - Day 2 - Torso A,Machine Pulldown,0,15,9,0,9,10,1,135,lb,120,lb,0,2026-05-30T01:27:02.008Z,Latissimus Dorsi,"Trapezius Middle Fibers,Trapezius Lower Fibers,Deltoid Posterior,Biceps Brachii,Brachialis,Brachioradialis",
2026-05-30T00:55:13.525Z,GVS Ravage ,Week 6 - Day 2 - Torso A,Machine Pulldown,0,15,9,0,9,10,1,130,lb,120,lb,0,2026-05-30T01:32:35.236Z,Latissimus Dorsi,"Trapezius Middle Fibers,Trapezius Lower Fibers,Deltoid Posterior,Biceps Brachii,Brachialis,Brachioradialis",
2026-05-30T00:55:13.525Z,GVS Ravage ,Week 6 - Day 2 - Torso A,Cable Crossover,0,15,15,0,10,10,1,17.5,lb,20,lb,0,2026-05-30T01:36:12.800Z,Pectoralis Major Sternal Head,"Deltoid Anterior,Latissimus Dorsi,Levator Scapulae,Pectoralis Major Clavicular Head",RPE 10
2026-05-30T00:55:13.525Z,GVS Ravage ,Week 6 - Day 2 - Torso A,Cable Crossover,0,15,15,0,10,10,1,20,lb,20,lb,0,2026-05-30T01:47:03.882Z,Pectoralis Major Sternal Head,"Deltoid Anterior,Latissimus Dorsi,Levator Scapulae,Pectoralis Major Clavicular Head",RPE 10
2026-05-30T00:55:13.525Z,GVS Ravage ,Week 6 - Day 2 - Torso A,Bent Over One Arm Row,0,15,7,0,10,9.5,1,37.5,lb,55,lb,0,2026-05-30T01:38:00.663Z,"Latissimus Dorsi,Trapezius Lower Fibers,Trapezius Middle Fibers","Infraspinatus,Teres Major,Teres Minor,Brachialis,Brachioradialis,Deltoid Posterior,Pectoralis Major Sternal Head",
2026-05-30T00:55:13.525Z,GVS Ravage ,Week 6 - Day 2 - Torso A,Bent Over One Arm Row,0,15,13,0,10,10,1,37.5,lb,55,lb,0,2026-05-30T01:49:13.034Z,"Latissimus Dorsi,Trapezius Lower Fibers,Trapezius Middle Fibers","Infraspinatus,Teres Major,Teres Minor,Brachialis,Brachioradialis,Deltoid Posterior,Pectoralis Major Sternal Head",
2026-05-30T00:55:13.525Z,GVS Ravage ,Week 6 - Day 2 - Torso A,"Pullover, Cable",0,20,16,0,10,10,1,22.5,lb,40,lb,0,2026-05-30T01:52:18.854Z,Latissimus Dorsi,"Deltoid Posterior,Levator Scapulae,Pectoralis Major Sternal Head,Serratus Anterior,Teres Major,Trapezius Middle Fibers,Triceps Brachii",
2026-05-30T00:55:13.525Z,GVS Ravage ,Week 6 - Day 2 - Torso A,"Pullover, Cable",0,20,11,0,10,10,1,27.5,lb,40,lb,0,2026-05-30T01:54:31.717Z,Latissimus Dorsi,"Deltoid Posterior,Levator Scapulae,Pectoralis Major Sternal Head,Serratus Anterior,Teres Major,Trapezius Middle Fibers,Triceps Brachii",
2026-05-29T00:14:18.686Z,GVS Ravage ,Week 6 - Day 1 - Legs A,"Hack Squat, Smith Machine",1,5,3,0,,,0,62.5,lb,105,lb,0,2026-05-29T00:16:25.258Z,Quadriceps,"Adductor Magnus,Gluteus Maximus,Soleus",
2026-05-29T00:14:18.686Z,GVS Ravage ,Week 6 - Day 1 - Legs A,"Hack Squat, Smith Machine",1,3,2,0,,,0,105,lb,125,lb,0,2026-05-29T00:18:15.129Z,Quadriceps,"Adductor Magnus,Gluteus Maximus,Soleus",
2026-05-29T00:14:18.686Z,GVS Ravage ,Week 6 - Day 1 - Legs A,"Hack Squat, Smith Machine",0,10,9,0,9,8,1,80,lb,135,lb,0,2026-05-29T00:23:22.604Z,Quadriceps,"Adductor Magnus,Gluteus Maximus,Soleus",
2026-05-29T00:14:18.686Z,GVS Ravage ,Week 6 - Day 1 - Legs A,"Hack Squat, Smith Machine",0,15,10,0,8,8,1,57.5,lb,95,lb,0,2026-05-29T00:30:57.124Z,Quadriceps,"Adductor Magnus,Gluteus Maximus,Soleus",
2026-05-29T00:14:18.686Z,GVS Ravage ,Week 6 - Day 1 - Legs A,"Hack Squat, Smith Machine",0,15,13,0,8,8,1,57.5,lb,95,lb,0,2026-05-29T00:39:57.433Z,Quadriceps,"Adductor Magnus,Gluteus Maximus,Soleus",
2026-05-29T00:14:18.686Z,GVS Ravage ,Week 6 - Day 1 - Legs A,"Stiff Leg Deadlift, Dumbbell",1,,2,0,,,0,,,65,lb,0,2026-05-29T00:41:52.297Z,Erector Spinae,"Adductor Magnus,Gluteus Maximus,Hamstrings",
2026-05-29T00:14:18.686Z,GVS Ravage ,Week 6 - Day 1 - Legs A,"Stiff Leg Deadlift, Dumbbell",0,15,6,0,9,9,1,65,lb,65,lb,0,2026-05-29T00:44:54.031Z,Erector Spinae,"Adductor Magnus,Gluteus Maximus,Hamstrings",
2026-05-29T00:14:18.686Z,GVS Ravage ,Week 6 - Day 1 - Legs A,"Stiff Leg Deadlift, Dumbbell",0,15,5,0,9,9.5,1,65,lb,65,lb,0,2026-05-29T00:53:25.827Z,Erector Spinae,"Adductor Magnus,Gluteus Maximus,Hamstrings",
2026-05-29T00:14:18.686Z,GVS Ravage ,Week 6 - Day 1 - Legs A,Walking Lunge,0,30,10,0,9,10,1,15,lb,20,lb,0,2026-05-29T00:54:52.125Z,Quadriceps,"Gastrocnemius,Gluteus Maximus,Hamstrings,Soleus",
2026-05-29T00:14:18.686Z,GVS Ravage ,Week 6 - Day 1 - Legs A,Walking Lunge,0,30,14,0,9,10,1,15,lb,20,lb,0,2026-05-29T00:59:41.272Z,Quadriceps,"Gastrocnemius,Gluteus Maximus,Hamstrings,Soleus",
2026-05-29T00:14:18.686Z,GVS Ravage ,Week 6 - Day 1 - Legs A,Lying Leg Curl,0,12,13,0,10,10,1,40,lb,90,lb,0,2026-05-29T01:01:44.623Z,Hamstrings,"Gastrocnemius,Sartorius",
2026-05-29T00:14:18.686Z,GVS Ravage ,Week 6 - Day 1 - Legs A,Lying Leg Curl,0,12,8,0,10,10,1,40,lb,40,lb,0,2026-05-29T01:06:43.160Z,Hamstrings,"Gastrocnemius,Sartorius",
2026-05-28T00:09:56.834Z,GVS Ravage ,Week 5 - Day 6 - Bro Day B,Hammer Curl,1,5,2,0,,,0,10,lb,25,lb,0,2026-05-28T00:12:18.938Z,Brachioradialis,"Biceps Brachii,Brachialis",
2026-05-28T00:09:56.834Z,GVS Ravage ,Week 5 - Day 6 - Bro Day B,Hammer Curl,0,20,16,0,10,10,1,12.5,lb,25,lb,0,2026-05-28T00:15:28.918Z,Brachioradialis,"Biceps Brachii,Brachialis",
2026-05-28T00:09:56.834Z,GVS Ravage ,Week 5 - Day 6 - Bro Day B,Hammer Curl,0,20,10,0,10,10,1,12.5,lb,25,lb,0,2026-05-28T00:20:31.084Z,Brachioradialis,"Biceps Brachii,Brachialis",
2026-05-28T00:09:56.834Z,GVS Ravage ,Week 5 - Day 6 - Bro Day B,"Triceps Extension, Cable",1,,2,0,,,0,,,52.5,lb,0,2026-05-28T00:13:12.589Z,Triceps Brachii,,
2026-05-28T00:09:56.834Z,GVS Ravage ,Week 5 - Day 6 - Bro Day B,"Triceps Extension, Cable",0,15,14,0,10,10,1,10,lb,52.5,lb,0,2026-05-28T00:16:55.440Z,Triceps Brachii,,
2026-05-28T00:09:56.834Z,GVS Ravage ,Week 5 - Day 6 - Bro Day B,"Triceps Extension, Cable",0,15,10,0,10,10,1,10,lb,52.5,lb,0,2026-05-28T00:21:37.331Z,Triceps Brachii,,
2026-05-28T00:09:56.834Z,GVS Ravage ,Week 5 - Day 6 - Bro Day B,Bicep Curl,0,12,7,0,10,10,1,12.5,lb,25,lb,0,2026-05-28T00:24:06.767Z,Biceps Brachii,"Brachialis,Brachioradialis",
2026-05-28T00:09:56.834Z,GVS Ravage ,Week 5 - Day 6 - Bro Day B,Bicep Curl,0,12,10,0,10,10,1,12.5,lb,25,lb,0,2026-05-28T00:33:19.182Z,Biceps Brachii,"Brachialis,Brachioradialis",
2026-05-28T00:09:56.834Z,GVS Ravage ,Week 5 - Day 6 - Bro Day B,Triceps Pushdown,0,15,6,0,10,10,1,22.5,lb,60,lb,0,2026-05-28T00:24:53.489Z,Triceps Brachii,,
2026-05-28T00:09:56.834Z,GVS Ravage ,Week 5 - Day 6 - Bro Day B,Triceps Pushdown,0,15,11,0,10,10,1,22.5,lb,60,lb,0,2026-05-28T00:34:08.408Z,Triceps Brachii,,
2026-05-28T00:09:56.834Z,GVS Ravage ,Week 5 - Day 6 - Bro Day B,Lateral Raise,1,,2,0,,,0,,,25,lb,0,2026-05-28T00:34:52.594Z,Deltoid Lateral,"Deltoid Anterior,Serratus Anterior,Trapezius Lower Fibers,Trapezius Middle Fibers",
2026-05-28T00:09:56.834Z,GVS Ravage ,Week 5 - Day 6 - Bro Day B,Lateral Raise,0,20,10,0,10,10,1,10,lb,20,lb,0,2026-05-28T00:37:37.269Z,Deltoid Lateral,"Deltoid Anterior,Serratus Anterior,Trapezius Lower Fibers,Trapezius Middle Fibers",
2026-05-28T00:09:56.834Z,GVS Ravage ,Week 5 - Day 6 - Bro Day B,Lateral Raise,0,20,10,0,10,10,1,10,lb,20,lb,0,2026-05-28T00:43:50.008Z,Deltoid Lateral,"Deltoid Anterior,Serratus Anterior,Trapezius Lower Fibers,Trapezius Middle Fibers",
2026-05-28T00:09:56.834Z,GVS Ravage ,Week 5 - Day 6 - Bro Day B,Lu Lateral Raise,0,15,11,0,10,10,1,10,lb,10,lb,0,2026-05-28T00:48:32.001Z,Deltoid Lateral,"Deltoid Anterior,Deltoid Posterior,Serratus Anterior,Trapezius Middle Fibers,Trapezius Lower Fibers",
2026-05-28T00:09:56.834Z,GVS Ravage ,Week 5 - Day 6 - Bro Day B,Lu Lateral Raise,0,15,6,0,10,10,1,10,lb,10,lb,0,2026-05-28T00:50:22.111Z,Deltoid Lateral,"Deltoid Anterior,Deltoid Posterior,Serratus Anterior,Trapezius Middle Fibers,Trapezius Lower Fibers",
2026-05-28T00:09:56.834Z,GVS Ravage ,Week 5 - Day 6 - Bro Day B,Cable Rear Delt One-Arm Row,0,20,12,0,10,10,1,15,lb,15,lb,0,2026-05-28T00:53:51.059Z,,,
2026-05-28T00:09:56.834Z,GVS Ravage ,Week 5 - Day 6 - Bro Day B,Cable Rear Delt One-Arm Row,0,20,11,0,10,10,1,15,lb,15,lb,0,2026-05-28T00:56:36.636Z,,,
2026-05-28T00:09:56.834Z,GVS Ravage ,Week 5 - Day 6 - Bro Day B,Neck Flexion,0,20,5,0,10,10,1,5,lb,5,lb,0,2026-05-28T00:57:33.974Z,Sternocleidomastoid,,
2026-05-28T00:09:56.834Z,GVS Ravage ,Week 5 - Day 6 - Bro Day B,"Wrist Curl, Dumbbell",0,20,20,0,10,10,1,15,lb,20,lb,0,2026-05-28T00:59:07.466Z,Wrist Flexors,,
2026-05-25T21:03:11.545Z,GVS Ravage ,Week 5 - Day 5 - Torso B,"Bench Press, Dumbbell",1,5,2,0,,,0,50,lb,65,lb,0,2026-05-25T21:13:22.527Z,Pectoralis Major Sternal Head,"Deltoid Anterior,Pectoralis Major Clavicular Head,Triceps Brachii",
2026-05-25T21:03:11.545Z,GVS Ravage ,Week 5 - Day 5 - Torso B,"Bench Press, Dumbbell",0,12,9,0,9,9,1,65,lb,65,lb,0,2026-05-25T21:19:32.174Z,Pectoralis Major Sternal Head,"Deltoid Anterior,Pectoralis Major Clavicular Head,Triceps Brachii",
2026-05-25T21:03:11.545Z,GVS Ravage ,Week 5 - Day 5 - Torso B,"Bench Press, Dumbbell",0,12,7,0,9,9,1,65,lb,65,lb,0,2026-05-25T21:31:49.211Z,Pectoralis Major Sternal Head,"Deltoid Anterior,Pectoralis Major Clavicular Head,Triceps Brachii",
2026-05-25T21:03:11.545Z,GVS Ravage ,Week 5 - Day 5 - Torso B,Neutral Grip Pull-Up,1,,1,0,,,0,,,,,0,2026-05-25T21:19:42.543Z,Latissimus Dorsi,"Biceps Brachii,Brachialis,Brachioradialis,Trapezius Middle Fibers,Trapezius Lower Fibers,Teres Major,Deltoid Posterior",
2026-05-25T21:03:11.545Z,GVS Ravage ,Week 5 - Day 5 - Torso B,Neutral Grip Pull-Up,0,15,2,0,10,10,1,0,lb,0,lb,0,2026-05-25T21:21:46.259Z,Latissimus Dorsi,"Biceps Brachii,Brachialis,Brachioradialis,Trapezius Middle Fibers,Trapezius Lower Fibers,Teres Major,Deltoid Posterior",
2026-05-25T21:03:11.545Z,GVS Ravage ,Week 5 - Day 5 - Torso B,Neutral Grip Pull-Up,0,15,3,0,10,10,1,0,lb,0,lb,0,2026-05-25T21:35:37.402Z,Latissimus Dorsi,"Biceps Brachii,Brachialis,Brachioradialis,Trapezius Middle Fibers,Trapezius Lower Fibers,Teres Major,Deltoid Posterior",
2026-05-25T21:03:11.545Z,GVS Ravage ,Week 5 - Day 5 - Torso B,"Chest Press, Leverage Machine",1,,2,0,,,0,,,142.5,lb,0,2026-05-25T21:38:32.637Z,Pectoralis Major Sternal Head,"Deltoid Anterior,Pectoralis Major Clavicular Head,Triceps Brachii",
2026-05-25T21:03:11.545Z,GVS Ravage ,Week 5 - Day 5 - Torso B,"Chest Press, Leverage Machine",0,12,8,0,9,10,1,18.75,lb,142.5,lb,0,2026-05-25T21:43:40.670Z,Pectoralis Major Sternal Head,"Deltoid Anterior,Pectoralis Major Clavicular Head,Triceps Brachii",
2026-05-25T21:03:11.545Z,GVS Ravage ,Week 5 - Day 5 - Torso B,"Chest Press, Leverage Machine",0,12,11,0,9,10,1,18.75,lb,142.5,lb,0,2026-05-25T21:53:39.072Z,Pectoralis Major Sternal Head,"Deltoid Anterior,Pectoralis Major Clavicular Head,Triceps Brachii",
2026-05-25T21:03:11.545Z,GVS Ravage ,Week 5 - Day 5 - Torso B,Helms Row,1,,2,0,,,0,,,40,lb,0,2026-05-25T21:39:31.771Z,"Latissimus Dorsi,Trapezius Middle Fibers","Deltoid Posterior,Biceps Brachii,Brachialis,Brachioradialis",
2026-05-25T21:03:11.545Z,GVS Ravage ,Week 5 - Day 5 - Torso B,Helms Row,0,20,8,0,10,10,1,45,lb,40,lb,0,2026-05-25T21:45:42.631Z,"Latissimus Dorsi,Trapezius Middle Fibers","Deltoid Posterior,Biceps Brachii,Brachialis,Brachioradialis",
2026-05-25T21:03:11.545Z,GVS Ravage ,Week 5 - Day 5 - Torso B,Helms Row,0,20,13,0,10,10,1,45,lb,40,lb,0,2026-05-25T21:56:45.211Z,"Latissimus Dorsi,Trapezius Middle Fibers","Deltoid Posterior,Biceps Brachii,Brachialis,Brachioradialis",
2026-05-25T21:03:11.545Z,GVS Ravage ,Week 5 - Day 5 - Torso B,Shoulder Press,1,5,2,0,,,0,17.5,lb,45,lb,0,2026-05-25T22:00:46.165Z,Deltoid Anterior,"Deltoid Lateral,Pectoralis Major Clavicular Head,Serratus Anterior,Trapezius Lower Fibers,Trapezius Middle Fibers,Triceps Brachii",
2026-05-25T21:03:11.545Z,GVS Ravage ,Week 5 - Day 5 - Torso B,Shoulder Press,0,12,8,0,9,10,1,22.5,lb,45,lb,0,2026-05-25T22:05:49.704Z,Deltoid Anterior,"Deltoid Lateral,Pectoralis Major Clavicular Head,Serratus Anterior,Trapezius Lower Fibers,Trapezius Middle Fibers,Triceps Brachii",
2026-05-25T21:03:11.545Z,GVS Ravage ,Week 5 - Day 5 - Torso B,Shoulder Press,0,12,10,0,9,10,1,22.5,lb,45,lb,0,2026-05-25T22:18:32.523Z,Deltoid Anterior,"Deltoid Lateral,Pectoralis Major Clavicular Head,Serratus Anterior,Trapezius Lower Fibers,Trapezius Middle Fibers,Triceps Brachii",
2026-05-25T21:03:11.545Z,GVS Ravage ,Week 5 - Day 5 - Torso B,Seated Row,1,5,2,0,,,0,60,lb,85,lb,0,2026-05-25T22:05:54.362Z,"Latissimus Dorsi,Trapezius Lower Fibers,Trapezius Middle Fibers","Brachialis,Brachioradialis,Deltoid Posterior,Erector Spinae,Infraspinatus,Pectoralis Major Sternal Head,Teres Major,Teres Minor",
2026-05-25T21:03:11.545Z,GVS Ravage ,Week 5 - Day 5 - Torso B,Seated Row,0,20,20,0,10,10,1,77.5,lb,85,lb,0,2026-05-25T22:08:27.240Z,"Latissimus Dorsi,Trapezius Lower Fibers,Trapezius Middle Fibers","Brachialis,Brachioradialis,Deltoid Posterior,Erector Spinae,Infraspinatus,Pectoralis Major Sternal Head,Teres Major,Teres Minor",
2026-05-25T21:03:11.545Z,GVS Ravage ,Week 5 - Day 5 - Torso B,Seated Row,0,20,18,0,10,10,1,80,lb,85,lb,0,2026-05-25T22:20:39.196Z,"Latissimus Dorsi,Trapezius Lower Fibers,Trapezius Middle Fibers","Brachialis,Brachioradialis,Deltoid Posterior,Erector Spinae,Infraspinatus,Pectoralis Major Sternal Head,Teres Major,Teres Minor",
2026-05-24T21:25:05.036Z,GVS Ravage ,Week 5 - Day 4 - Legs B,"Squat, Smith Machine",1,5,3,0,,,0,102.5,lb,55,lb,0,2026-05-24T21:26:55.861Z,Quadriceps,"Adductor Magnus,Gluteus Maximus,Soleus",RPE 9
2026-05-24T21:25:05.036Z,GVS Ravage ,Week 5 - Day 4 - Legs B,"Squat, Smith Machine",1,5,2,0,,,0,155,lb,105,lb,0,2026-05-24T21:32:30.811Z,Quadriceps,"Adductor Magnus,Gluteus Maximus,Soleus",RPE 9
2026-05-24T21:25:05.036Z,GVS Ravage ,Week 5 - Day 4 - Legs B,"Squat, Smith Machine",1,5,1,0,,,0,105,lb,155,lb,0,2026-05-24T21:33:47.748Z,Quadriceps,"Adductor Magnus,Gluteus Maximus,Soleus",RPE 9
2026-05-24T21:25:05.036Z,GVS Ravage ,Week 5 - Day 4 - Legs B,"Squat, Smith Machine",0,8,7,0,9,9,1,130,lb,155,lb,0,2026-05-24T21:42:53.214Z,Quadriceps,"Adductor Magnus,Gluteus Maximus,Soleus",RPE 9
2026-05-24T21:25:05.036Z,GVS Ravage ,Week 5 - Day 4 - Legs B,"Squat, Smith Machine",0,8,6,0,9,7.5,1,130,lb,155,lb,0,2026-05-24T21:50:03.866Z,Quadriceps,"Adductor Magnus,Gluteus Maximus,Soleus",RPE 9
2026-05-24T21:25:05.036Z,GVS Ravage ,Week 5 - Day 4 - Legs B,Romanian Deadlift,1,5,2,0,,,0,55,lb,70,lb,0,2026-05-24T21:52:46.371Z,Gluteus Maximus,"Adductor Magnus,Erector Spinae,Hamstrings",
2026-05-24T21:25:05.036Z,GVS Ravage ,Week 5 - Day 4 - Legs B,Romanian Deadlift,0,12,5,0,9,10,1,70,lb,70,lb,0,2026-05-24T22:00:21.526Z,Gluteus Maximus,"Adductor Magnus,Erector Spinae,Hamstrings",
2026-05-24T21:25:05.036Z,GVS Ravage ,Week 5 - Day 4 - Legs B,Romanian Deadlift,0,12,3,0,9,9.5,1,70,lb,70,lb,0,2026-05-24T22:05:41.562Z,Gluteus Maximus,"Adductor Magnus,Erector Spinae,Hamstrings",
2026-05-24T21:25:05.036Z,GVS Ravage ,Week 5 - Day 4 - Legs B,Lying Leg Curl,0,15,10,0,10,10,1,35,lb,90,lb,0,2026-05-24T22:09:34.619Z,Hamstrings,"Gastrocnemius,Sartorius",
2026-05-24T21:25:05.036Z,GVS Ravage ,Week 5 - Day 4 - Legs B,Lying Leg Curl,0,15,8,0,10,10,1,35,lb,90,lb,0,2026-05-24T22:19:15.962Z,Hamstrings,"Gastrocnemius,Sartorius",
2026-05-24T21:25:05.036Z,GVS Ravage ,Week 5 - Day 4 - Legs B,Leg Extension,0,20,9,0,10,10,1,30,lb,90,lb,0,2026-05-24T22:11:14.486Z,Quadriceps,,
2026-05-24T21:25:05.036Z,GVS Ravage ,Week 5 - Day 4 - Legs B,Leg Extension,0,20,11,0,10,10,1,30,lb,90,lb,0,2026-05-24T22:21:16.354Z,Quadriceps,,
2026-05-24T21:25:05.036Z,GVS Ravage ,Week 5 - Day 4 - Legs B,"Standing Calf Raise, Barbell",0,20,20,0,10,6.5,1,70,lb,115,lb,0,2026-05-24T22:27:41.144Z,Gastrocnemius,Soleus,
2026-05-24T21:25:05.036Z,GVS Ravage ,Week 5 - Day 4 - Legs B,"Standing Calf Raise, Barbell",0,20,20,0,10,8.5,1,70,lb,135,lb,0,2026-05-24T22:32:17.158Z,Gastrocnemius,Soleus,
2026-05-24T01:11:19.432Z,GVS Ravage ,Week 5 - Day 3 - Bro Day A,Hammer Curl,1,5,2,0,,,0,10,lb,25,lb,0,2026-05-24T01:13:13.815Z,Brachioradialis,"Biceps Brachii,Brachialis",
2026-05-24T01:11:19.432Z,GVS Ravage ,Week 5 - Day 3 - Bro Day A,Hammer Curl,0,20,15,0,10,10,1,12.5,lb,25,lb,0,2026-05-24T01:20:08.072Z,Brachioradialis,"Biceps Brachii,Brachialis",
2026-05-24T01:11:19.432Z,GVS Ravage ,Week 5 - Day 3 - Bro Day A,Hammer Curl,0,20,13,0,10,10,1,12.5,lb,25,lb,0,2026-05-24T01:29:00.394Z,Brachioradialis,"Biceps Brachii,Brachialis",
2026-05-24T01:11:19.432Z,GVS Ravage ,Week 5 - Day 3 - Bro Day A,"Triceps Extension, Cable",1,5,2,0,,,0,37.5,lb,50,lb,0,2026-05-24T01:14:16.822Z,Triceps Brachii,,
2026-05-24T01:11:19.432Z,GVS Ravage ,Week 5 - Day 3 - Bro Day A,"Triceps Extension, Cable",0,15,15,0,10,9.5,1,47.5,lb,50,lb,0,2026-05-24T01:22:06.238Z,Triceps Brachii,,
2026-05-24T01:11:19.432Z,GVS Ravage ,Week 5 - Day 3 - Bro Day A,"Triceps Extension, Cable",0,15,12,0,10,10,1,47.5,lb,52.5,lb,0,2026-05-24T01:30:12.349Z,Triceps Brachii,,
2026-05-24T01:11:19.432Z,GVS Ravage ,Week 5 - Day 3 - Bro Day A,Incline Curl,0,10,8,0,10,10,1,12.5,lb,25,lb,0,2026-05-24T01:34:12.785Z,Biceps Brachii,"Brachialis,Brachioradialis",
2026-05-24T01:11:19.432Z,GVS Ravage ,Week 5 - Day 3 - Bro Day A,Incline Curl,0,10,6,0,10,10,1,12.5,lb,25,lb,0,2026-05-24T01:40:00.499Z,Biceps Brachii,"Brachialis,Brachioradialis",
2026-05-24T01:11:19.432Z,GVS Ravage ,Week 5 - Day 3 - Bro Day A,Triceps Pushdown,0,15,12,0,10,10,1,22.5,lb,60,lb,0,2026-05-24T01:35:08.481Z,Triceps Brachii,,
2026-05-24T01:11:19.432Z,GVS Ravage ,Week 5 - Day 3 - Bro Day A,Triceps Pushdown,0,15,13,0,10,10,1,22.5,lb,60,lb,0,2026-05-24T01:42:33.398Z,Triceps Brachii,,
2026-05-24T01:11:19.432Z,GVS Ravage ,Week 5 - Day 3 - Bro Day A,Lateral Raise,1,,2,0,,,0,,,20,lb,0,2026-05-24T01:43:49.660Z,Deltoid Lateral,"Deltoid Anterior,Serratus Anterior,Trapezius Lower Fibers,Trapezius Middle Fibers",
2026-05-24T01:11:19.432Z,GVS Ravage ,Week 5 - Day 3 - Bro Day A,Lateral Raise,0,15,12,0,10,10,1,25,lb,20,lb,0,2026-05-24T01:50:09.930Z,Deltoid Lateral,"Deltoid Anterior,Serratus Anterior,Trapezius Lower Fibers,Trapezius Middle Fibers",
2026-05-24T01:11:19.432Z,GVS Ravage ,Week 5 - Day 3 - Bro Day A,Lateral Raise,0,15,11,0,10,10,1,25,lb,20,lb,0,2026-05-24T02:00:27.574Z,Deltoid Lateral,"Deltoid Anterior,Serratus Anterior,Trapezius Lower Fibers,Trapezius Middle Fibers",
2026-05-24T01:11:19.432Z,GVS Ravage ,Week 5 - Day 3 - Bro Day A,Upright Row,0,20,12,0,10,10,1,10,lb,25,lb,0,2026-05-24T02:03:07.111Z,Deltoid Lateral,"Biceps Brachii,Brachialis,Brachioradialis,Deltoid Anterior,Infraspinatus,Serratus Anterior,Teres Minor,Trapezius Lower Fibers,Trapezius Middle Fibers",
2026-05-24T01:11:19.432Z,GVS Ravage ,Week 5 - Day 3 - Bro Day A,Upright Row,0,20,14,0,10,10,1,10,lb,25,lb,0,2026-05-24T02:09:10.145Z,Deltoid Lateral,"Biceps Brachii,Brachialis,Brachioradialis,Deltoid Anterior,Infraspinatus,Serratus Anterior,Teres Minor,Trapezius Lower Fibers,Trapezius Middle Fibers",
2026-05-22T00:30:32.547Z,GVS Ravage ,Week 5 - Day 2 - Torso A,Smith Machine Close Grip Larsen Press,1,5,3,0,,,0,60,lb,75,lb,0,2026-05-22T00:30:40.510Z,"Triceps Brachii,Pectoralis Major Sternal Head","Pectoralis Major Clavicular Head,Deltoid Anterior,Serratus Anterior",
2026-05-22T00:30:32.547Z,GVS Ravage ,Week 5 - Day 2 - Torso A,Smith Machine Close Grip Larsen Press,1,5,2,0,,,0,95,lb,155,lb,0,2026-05-22T00:36:10.565Z,"Triceps Brachii,Pectoralis Major Sternal Head","Pectoralis Major Clavicular Head,Deltoid Anterior,Serratus Anterior",
2026-05-22T00:30:32.547Z,GVS Ravage ,Week 5 - Day 2 - Torso A,Smith Machine Close Grip Larsen Press,0,8,5,0,8,9,1,120,lb,155,lb,0,2026-05-22T00:40:22.264Z,"Triceps Brachii,Pectoralis Major Sternal Head","Pectoralis Major Clavicular Head,Deltoid Anterior,Serratus Anterior",
2026-05-22T00:30:32.547Z,GVS Ravage ,Week 5 - Day 2 - Torso A,Smith Machine Close Grip Larsen Press,0,8,6,0,8,9,1,130,lb,155,lb,0,2026-05-22T00:50:15.002Z,"Triceps Brachii,Pectoralis Major Sternal Head","Pectoralis Major Clavicular Head,Deltoid Anterior,Serratus Anterior",
2026-05-22T00:30:32.547Z,GVS Ravage ,Week 5 - Day 2 - Torso A,Smith Machine Close Grip Larsen Press,0,8,5,0,8,9,1,130,lb,155,lb,0,2026-05-22T00:58:22.731Z,"Triceps Brachii,Pectoralis Major Sternal Head","Pectoralis Major Clavicular Head,Deltoid Anterior,Serratus Anterior",
2026-05-22T00:30:32.547Z,GVS Ravage ,Week 5 - Day 2 - Torso A,Neutral Grip Pull-Up,1,5,1,0,,,0,80,lb,0,lb,0,2026-05-22T00:36:51.302Z,Latissimus Dorsi,"Biceps Brachii,Brachialis,Brachioradialis,Trapezius Middle Fibers,Trapezius Lower Fibers,Teres Major,Deltoid Posterior",
2026-05-22T00:30:32.547Z,GVS Ravage ,Week 5 - Day 2 - Torso A,Neutral Grip Pull-Up,0,15,3,1,9,10,1,100,lb,0,lb,0,2026-05-22T00:41:27.446Z,Latissimus Dorsi,"Biceps Brachii,Brachialis,Brachioradialis,Trapezius Middle Fibers,Trapezius Lower Fibers,Teres Major,Deltoid Posterior",
2026-05-22T00:30:32.547Z,GVS Ravage ,Week 5 - Day 2 - Torso A,Neutral Grip Pull-Up,0,15,3,1,9,10,1,100,lb,0,lb,0,2026-05-22T00:52:29.194Z,Latissimus Dorsi,"Biceps Brachii,Brachialis,Brachioradialis,Trapezius Middle Fibers,Trapezius Lower Fibers,Teres Major,Deltoid Posterior",
2026-05-22T00:30:32.547Z,GVS Ravage ,Week 5 - Day 2 - Torso A,Neutral Grip Pull-Up,0,15,2,1,9,9.5,1,100,lb,0,lb,0,2026-05-22T00:58:59.683Z,Latissimus Dorsi,"Biceps Brachii,Brachialis,Brachioradialis,Trapezius Middle Fibers,Trapezius Lower Fibers,Teres Major,Deltoid Posterior",
2026-05-22T00:30:32.547Z,GVS Ravage ,Week 5 - Day 2 - Torso A,Smith Reverse Grip Bench,0,12,10,0,9,9,1,90,lb,95,lb,0,2026-05-22T01:02:22.208Z,"Pectoralis Major Clavicular Head,Triceps Brachii","Deltoid Anterior,Pectoralis Major Sternal Head",RPE 9
2026-05-22T00:30:32.547Z,GVS Ravage ,Week 5 - Day 2 - Torso A,Smith Reverse Grip Bench,0,12,8,0,9,9,1,90,lb,95,lb,0,2026-05-22T01:09:03.461Z,"Pectoralis Major Clavicular Head,Triceps Brachii","Deltoid Anterior,Pectoralis Major Sternal Head",RPE 9
2026-05-22T00:30:32.547Z,GVS Ravage ,Week 5 - Day 2 - Torso A,Machine Pulldown,0,15,10,0,9,10,1,135,lb,120,lb,0,2026-05-22T01:04:39.073Z,Latissimus Dorsi,"Trapezius Middle Fibers,Trapezius Lower Fibers,Deltoid Posterior,Biceps Brachii,Brachialis,Brachioradialis",
2026-05-22T00:30:32.547Z,GVS Ravage ,Week 5 - Day 2 - Torso A,Machine Pulldown,0,15,8,0,9,10,1,130,lb,120,lb,0,2026-05-22T01:12:43.516Z,Latissimus Dorsi,"Trapezius Middle Fibers,Trapezius Lower Fibers,Deltoid Posterior,Biceps Brachii,Brachialis,Brachioradialis",
2026-05-22T00:30:32.547Z,GVS Ravage ,Week 5 - Day 2 - Torso A,Cable Crossover,0,15,13,0,10,10,1,17.5,lb,20,lb,0,2026-05-22T01:17:52.412Z,Pectoralis Major Sternal Head,"Deltoid Anterior,Latissimus Dorsi,Levator Scapulae,Pectoralis Major Clavicular Head",
2026-05-22T00:30:32.547Z,GVS Ravage ,Week 5 - Day 2 - Torso A,Cable Crossover,0,15,12,0,10,10,1,20,lb,20,lb,0,2026-05-22T01:34:12.913Z,Pectoralis Major Sternal Head,"Deltoid Anterior,Latissimus Dorsi,Levator Scapulae,Pectoralis Major Clavicular Head",
2026-05-22T00:30:32.547Z,GVS Ravage ,Week 5 - Day 2 - Torso A,Bent Over One Arm Row,0,15,6,0,10,10,1,37.5,lb,55,lb,0,2026-05-22T01:20:08.983Z,"Latissimus Dorsi,Trapezius Lower Fibers,Trapezius Middle Fibers","Infraspinatus,Teres Major,Teres Minor,Brachialis,Brachioradialis,Deltoid Posterior,Pectoralis Major Sternal Head",
2026-05-22T00:30:32.547Z,GVS Ravage ,Week 5 - Day 2 - Torso A,Bent Over One Arm Row,0,15,6,0,10,10,1,37.5,lb,55,lb,0,2026-05-22T01:36:40.516Z,"Latissimus Dorsi,Trapezius Lower Fibers,Trapezius Middle Fibers","Infraspinatus,Teres Major,Teres Minor,Brachialis,Brachioradialis,Deltoid Posterior,Pectoralis Major Sternal Head",
2026-05-22T00:30:32.547Z,GVS Ravage ,Week 5 - Day 2 - Torso A,"Pullover, Cable",0,20,20,0,10,9.5,1,22.5,lb,37.5,lb,0,2026-05-22T01:39:47.423Z,Latissimus Dorsi,"Deltoid Posterior,Levator Scapulae,Pectoralis Major Sternal Head,Serratus Anterior,Teres Major,Trapezius Middle Fibers,Triceps Brachii",
2026-05-22T00:30:32.547Z,GVS Ravage ,Week 5 - Day 2 - Torso A,"Pullover, Cable",0,20,18,0,10,10,1,27.5,lb,37.5,lb,0,2026-05-22T01:43:44.384Z,Latissimus Dorsi,"Deltoid Posterior,Levator Scapulae,Pectoralis Major Sternal Head,Serratus Anterior,Teres Major,Trapezius Middle Fibers,Triceps Brachii",
2026-05-21T00:42:56.752Z,GVS Ravage ,Week 5 - Day 1 - Legs A,"Hack Squat, Smith Machine",1,5,3,0,,,0,62.5,lb,65,lb,0,2026-05-21T00:46:47.469Z,Quadriceps,"Adductor Magnus,Gluteus Maximus,Soleus",
2026-05-21T00:42:56.752Z,GVS Ravage ,Week 5 - Day 1 - Legs A,"Hack Squat, Smith Machine",1,3,2,0,,,0,65,lb,125,lb,0,2026-05-21T00:47:32.437Z,Quadriceps,"Adductor Magnus,Gluteus Maximus,Soleus",
2026-05-21T00:42:56.752Z,GVS Ravage ,Week 5 - Day 1 - Legs A,"Hack Squat, Smith Machine",0,10,10,0,9,9,1,80,lb,125,lb,0,2026-05-21T00:54:33.565Z,Quadriceps,"Adductor Magnus,Gluteus Maximus,Soleus",
2026-05-21T00:42:56.752Z,GVS Ravage ,Week 5 - Day 1 - Legs A,"Hack Squat, Smith Machine",0,15,10,0,8,10,1,57.5,lb,85,lb,0,2026-05-21T01:10:48.985Z,Quadriceps,"Adductor Magnus,Gluteus Maximus,Soleus",
2026-05-21T00:42:56.752Z,GVS Ravage ,Week 5 - Day 1 - Legs A,"Hack Squat, Smith Machine",0,15,8,0,8,8,1,57.5,lb,85,lb,0,2026-05-21T01:10:51.603Z,Quadriceps,"Adductor Magnus,Gluteus Maximus,Soleus",
2026-05-21T00:42:56.752Z,GVS Ravage ,Week 5 - Day 1 - Legs A,"Stiff Leg Deadlift, Dumbbell",1,,2,0,,,0,,,65,lb,0,2026-05-21T01:10:44.470Z,Erector Spinae,"Adductor Magnus,Gluteus Maximus,Hamstrings",
2026-05-21T00:42:56.752Z,GVS Ravage ,Week 5 - Day 1 - Legs A,"Stiff Leg Deadlift, Dumbbell",0,15,8,0,9,9.5,1,65,lb,65,lb,0,2026-05-21T01:15:24.028Z,Erector Spinae,"Adductor Magnus,Gluteus Maximus,Hamstrings",
2026-05-21T00:42:56.752Z,GVS Ravage ,Week 5 - Day 1 - Legs A,"Stiff Leg Deadlift, Dumbbell",0,15,6,0,9,10,1,65,lb,65,lb,0,2026-05-21T01:21:57.162Z,Erector Spinae,"Adductor Magnus,Gluteus Maximus,Hamstrings",
2026-05-21T00:42:56.752Z,GVS Ravage ,Week 5 - Day 1 - Legs A,Walking Lunge,0,30,12,0,9,10,1,15,lb,20,lb,0,2026-05-21T01:23:50.785Z,Quadriceps,"Gastrocnemius,Gluteus Maximus,Hamstrings,Soleus",
2026-05-21T00:42:56.752Z,GVS Ravage ,Week 5 - Day 1 - Legs A,Walking Lunge,0,30,14,0,9,10,1,15,lb,20,lb,0,2026-05-21T01:28:10.508Z,Quadriceps,"Gastrocnemius,Gluteus Maximus,Hamstrings,Soleus",
2026-05-21T00:42:56.752Z,GVS Ravage ,Week 5 - Day 1 - Legs A,Lying Leg Curl,0,12,13,0,10,10,1,40,lb,90,lb,0,2026-05-21T01:30:59.655Z,Hamstrings,"Gastrocnemius,Sartorius",
2026-05-21T00:42:56.752Z,GVS Ravage ,Week 5 - Day 1 - Legs A,Lying Leg Curl,0,12,9,0,10,10,1,40,lb,90,lb,0,2026-05-21T01:35:10.968Z,Hamstrings,"Gastrocnemius,Sartorius",
2026-05-20T00:53:51.522Z,GVS Ravage ,Week 4 - Day 6 - Bro Day B,Hammer Curl,1,5,2,0,,,0,10,lb,25,lb,0,2026-05-20T00:54:47.202Z,Brachioradialis,"Biceps Brachii,Brachialis",
2026-05-20T00:53:51.522Z,GVS Ravage ,Week 4 - Day 6 - Bro Day B,Hammer Curl,0,20,14,0,10,10,1,12.5,lb,25,lb,0,2026-05-20T00:58:56.612Z,Brachioradialis,"Biceps Brachii,Brachialis",
2026-05-20T00:53:51.522Z,GVS Ravage ,Week 4 - Day 6 - Bro Day B,Hammer Curl,0,20,11,0,10,10,1,12.5,lb,25,lb,0,2026-05-20T01:05:25.775Z,Brachioradialis,"Biceps Brachii,Brachialis",
2026-05-20T00:53:51.522Z,GVS Ravage ,Week 4 - Day 6 - Bro Day B,"Triceps Extension, Cable",1,,2,0,,,0,,,47.5,lb,0,2026-05-20T00:55:26.925Z,Triceps Brachii,,
2026-05-20T00:53:51.522Z,GVS Ravage ,Week 4 - Day 6 - Bro Day B,"Triceps Extension, Cable",0,15,15,0,10,10,1,10,lb,47.5,lb,0,2026-05-20T01:00:22.361Z,Triceps Brachii,,
2026-05-20T00:53:51.522Z,GVS Ravage ,Week 4 - Day 6 - Bro Day B,"Triceps Extension, Cable",0,15,13,0,10,10,1,10,lb,47.5,lb,0,2026-05-20T01:07:58.782Z,Triceps Brachii,,
2026-05-20T00:53:51.522Z,GVS Ravage ,Week 4 - Day 6 - Bro Day B,Bicep Curl,0,12,8,0,10,10,1,12.5,lb,25,lb,0,2026-05-20T01:10:48.829Z,Biceps Brachii,"Brachialis,Brachioradialis",
2026-05-20T00:53:51.522Z,GVS Ravage ,Week 4 - Day 6 - Bro Day B,Bicep Curl,0,12,9,0,10,10,1,12.5,lb,25,lb,0,2026-05-20T01:17:18.982Z,Biceps Brachii,"Brachialis,Brachioradialis",
2026-05-20T00:53:51.522Z,GVS Ravage ,Week 4 - Day 6 - Bro Day B,Triceps Pushdown,0,15,10,0,10,10,1,22.5,lb,60,lb,0,2026-05-20T01:11:51.334Z,Triceps Brachii,,
2026-05-20T00:53:51.522Z,GVS Ravage ,Week 4 - Day 6 - Bro Day B,Triceps Pushdown,0,15,8,0,10,10,1,22.5,lb,60,lb,0,2026-05-20T01:18:31.438Z,Triceps Brachii,,
2026-05-20T00:53:51.522Z,GVS Ravage ,Week 4 - Day 6 - Bro Day B,Lateral Raise,0,20,12,0,10,10,1,10,lb,20,lb,0,2026-05-20T01:20:44.331Z,Deltoid Lateral,"Deltoid Anterior,Serratus Anterior,Trapezius Lower Fibers,Trapezius Middle Fibers",
2026-05-20T00:53:51.522Z,GVS Ravage ,Week 4 - Day 6 - Bro Day B,Lateral Raise,0,20,11,0,10,10,1,10,lb,20,lb,0,2026-05-20T01:23:31.644Z,Deltoid Lateral,"Deltoid Anterior,Serratus Anterior,Trapezius Lower Fibers,Trapezius Middle Fibers",
2026-05-20T00:53:51.522Z,GVS Ravage ,Week 4 - Day 6 - Bro Day B,Lu Lateral Raise,0,15,8,0,10,10,1,10,lb,10,lb,0,2026-05-20T01:26:39.931Z,Deltoid Lateral,"Deltoid Anterior,Deltoid Posterior,Serratus Anterior,Trapezius Middle Fibers,Trapezius Lower Fibers",
2026-05-20T00:53:51.522Z,GVS Ravage ,Week 4 - Day 6 - Bro Day B,Lu Lateral Raise,0,15,8,0,10,10,1,10,lb,10,lb,0,2026-05-20T01:30:24.854Z,Deltoid Lateral,"Deltoid Anterior,Deltoid Posterior,Serratus Anterior,Trapezius Middle Fibers,Trapezius Lower Fibers",
2026-05-20T00:53:51.522Z,GVS Ravage ,Week 4 - Day 6 - Bro Day B,Cable Rear Delt One-Arm Row,0,20,12,0,10,10,1,15,lb,15,lb,0,2026-05-20T01:33:26.523Z,,,
2026-05-20T00:53:51.522Z,GVS Ravage ,Week 4 - Day 6 - Bro Day B,Cable Rear Delt One-Arm Row,0,20,12,0,10,10,1,15,lb,15,lb,0,2026-05-20T01:34:16.508Z,,,
2026-05-20T00:53:51.522Z,GVS Ravage ,Week 4 - Day 6 - Bro Day B,Neck Flexion,0,20,6,0,10,9,1,5,lb,5,lb,0,2026-05-20T01:36:01.323Z,Sternocleidomastoid,,
2026-05-20T00:53:51.522Z,GVS Ravage ,Week 4 - Day 6 - Bro Day B,"Wrist Curl, Dumbbell",0,20,16,0,10,10,1,15,lb,20,lb,0,2026-05-20T01:37:47.833Z,Wrist Flexors,,
2026-05-19T00:45:27.827Z,GVS Ravage ,Week 4 - Day 5 - Torso B,"Bench Press, Dumbbell",1,5,2,0,,,0,70,lb,60,lb,0,2026-05-19T00:47:33.716Z,Pectoralis Major Sternal Head,"Deltoid Anterior,Pectoralis Major Clavicular Head,Triceps Brachii","RPE 9 - slight pause, Legs Up"
2026-05-19T00:45:27.827Z,GVS Ravage ,Week 4 - Day 5 - Torso B,"Bench Press, Dumbbell",0,12,12,0,9,9,1,87.5,lb,60,lb,0,2026-05-19T00:53:18.074Z,Pectoralis Major Sternal Head,"Deltoid Anterior,Pectoralis Major Clavicular Head,Triceps Brachii","RPE 9 - slight pause, Legs Up"
2026-05-19T00:45:27.827Z,GVS Ravage ,Week 4 - Day 5 - Torso B,"Bench Press, Dumbbell",0,12,12,0,9,9,1,87.5,lb,60,lb,0,2026-05-19T00:59:32.779Z,Pectoralis Major Sternal Head,"Deltoid Anterior,Pectoralis Major Clavicular Head,Triceps Brachii","RPE 9 - slight pause, Legs Up"
2026-05-19T00:45:27.827Z,GVS Ravage ,Week 4 - Day 5 - Torso B,Neutral Grip Pull-Up,0,15,2,0,10,10,1,0,lb,0,lb,0,2026-05-19T01:07:03.634Z,Latissimus Dorsi,"Biceps Brachii,Brachialis,Brachioradialis,Trapezius Middle Fibers,Trapezius Lower Fibers,Teres Major,Deltoid Posterior",
2026-05-19T00:45:27.827Z,GVS Ravage ,Week 4 - Day 5 - Torso B,Neutral Grip Pull-Up,0,15,2,0,10,10,1,0,lb,0,lb,0,2026-05-19T01:11:11.039Z,Latissimus Dorsi,"Biceps Brachii,Brachialis,Brachioradialis,Trapezius Middle Fibers,Trapezius Lower Fibers,Teres Major,Deltoid Posterior",
2026-05-19T00:45:27.827Z,GVS Ravage ,Week 4 - Day 5 - Torso B,"Chest Press, Leverage Machine",0,12,6,0,9,10,1,18.75,lb,142.5,lb,0,2026-05-19T01:04:35.854Z,Pectoralis Major Sternal Head,"Deltoid Anterior,Pectoralis Major Clavicular Head,Triceps Brachii",
2026-05-19T00:45:27.827Z,GVS Ravage ,Week 4 - Day 5 - Torso B,"Chest Press, Leverage Machine",0,12,8,0,9,9.5,1,18.75,lb,142.5,lb,0,2026-05-19T01:10:16.943Z,Pectoralis Major Sternal Head,"Deltoid Anterior,Pectoralis Major Clavicular Head,Triceps Brachii",
2026-05-19T00:45:27.827Z,GVS Ravage ,Week 4 - Day 5 - Torso B,Helms Row,1,,2,0,,,0,,,40,lb,0,2026-05-19T00:49:26.502Z,"Latissimus Dorsi,Trapezius Middle Fibers","Deltoid Posterior,Biceps Brachii,Brachialis,Brachioradialis",
2026-05-19T00:45:27.827Z,GVS Ravage ,Week 4 - Day 5 - Torso B,Helms Row,0,20,12,0,10,10,1,45,lb,40,lb,0,2026-05-19T00:55:30.290Z,"Latissimus Dorsi,Trapezius Middle Fibers","Deltoid Posterior,Biceps Brachii,Brachialis,Brachioradialis",
2026-05-19T00:45:27.827Z,GVS Ravage ,Week 4 - Day 5 - Torso B,Helms Row,0,20,10,0,10,10,1,45,lb,10,lb,0,2026-05-19T01:00:48.163Z,"Latissimus Dorsi,Trapezius Middle Fibers","Deltoid Posterior,Biceps Brachii,Brachialis,Brachioradialis",
2026-05-19T00:45:27.827Z,GVS Ravage ,Week 4 - Day 5 - Torso B,Shoulder Press,1,,2,0,,,0,,,45,lb,0,2026-05-19T01:21:05.274Z,Deltoid Anterior,"Deltoid Lateral,Pectoralis Major Clavicular Head,Serratus Anterior,Trapezius Lower Fibers,Trapezius Middle Fibers,Triceps Brachii",
2026-05-19T00:45:27.827Z,GVS Ravage ,Week 4 - Day 5 - Torso B,Shoulder Press,0,12,7,0,9,10,1,22.5,lb,45,lb,0,2026-05-19T01:24:31.665Z,Deltoid Anterior,"Deltoid Lateral,Pectoralis Major Clavicular Head,Serratus Anterior,Trapezius Lower Fibers,Trapezius Middle Fibers,Triceps Brachii",
2026-05-19T00:45:27.827Z,GVS Ravage ,Week 4 - Day 5 - Torso B,Shoulder Press,0,12,6,0,9,10,1,22.5,lb,45,lb,0,2026-05-19T01:37:42.091Z,Deltoid Anterior,"Deltoid Lateral,Pectoralis Major Clavicular Head,Serratus Anterior,Trapezius Lower Fibers,Trapezius Middle Fibers,Triceps Brachii",
2026-05-19T00:45:27.827Z,GVS Ravage ,Week 4 - Day 5 - Torso B,Seated Row,0,20,17,0,10,10,1,77.5,lb,85,lb,0,2026-05-19T01:32:36.798Z,"Latissimus Dorsi,Trapezius Lower Fibers,Trapezius Middle Fibers","Brachialis,Brachioradialis,Deltoid Posterior,Erector Spinae,Infraspinatus,Pectoralis Major Sternal Head,Teres Major,Teres Minor",
2026-05-19T00:45:27.827Z,GVS Ravage ,Week 4 - Day 5 - Torso B,Seated Row,0,20,13,0,10,10,1,80,lb,85,lb,0,2026-05-19T01:38:26.990Z,"Latissimus Dorsi,Trapezius Lower Fibers,Trapezius Middle Fibers","Brachialis,Brachioradialis,Deltoid Posterior,Erector Spinae,Infraspinatus,Pectoralis Major Sternal Head,Teres Major,Teres Minor",
2026-05-17T22:40:21.095Z,GVS Ravage ,Week 4 - Day 4 - Legs B,"Squat, Smith Machine",1,5,3,0,,,0,102.5,lb,105,lb,0,2026-05-17T22:45:02.833Z,Quadriceps,"Adductor Magnus,Gluteus Maximus,Soleus",
2026-05-17T22:40:21.095Z,GVS Ravage ,Week 4 - Day 4 - Legs B,"Squat, Smith Machine",1,3,2,0,,,0,105,lb,145,lb,0,2026-05-17T22:46:29.683Z,Quadriceps,"Adductor Magnus,Gluteus Maximus,Soleus",
2026-05-17T22:40:21.095Z,GVS Ravage ,Week 4 - Day 4 - Legs B,"Squat, Smith Machine",0,8,8,0,9,9,1,130,lb,145,lb,0,2026-05-17T22:50:49.533Z,Quadriceps,"Adductor Magnus,Gluteus Maximus,Soleus",
2026-05-17T22:40:21.095Z,GVS Ravage ,Week 4 - Day 4 - Legs B,"Squat, Smith Machine",0,8,6,0,9,9,1,130,lb,155,lb,0,2026-05-17T22:57:25.536Z,Quadriceps,"Adductor Magnus,Gluteus Maximus,Soleus",
2026-05-17T22:40:21.095Z,GVS Ravage ,Week 4 - Day 4 - Legs B,Romanian Deadlift,1,5,2,0,,,0,55,lb,70,lb,0,2026-05-17T22:59:12.476Z,Gluteus Maximus,"Adductor Magnus,Erector Spinae,Hamstrings",
2026-05-17T22:40:21.095Z,GVS Ravage ,Week 4 - Day 4 - Legs B,Romanian Deadlift,0,12,7,0,9,9.5,1,70,lb,70,lb,0,2026-05-17T23:02:12.189Z,Gluteus Maximus,"Adductor Magnus,Erector Spinae,Hamstrings",
2026-05-17T22:40:21.095Z,GVS Ravage ,Week 4 - Day 4 - Legs B,Romanian Deadlift,0,12,4,0,9,9.5,1,70,lb,70,lb,0,2026-05-17T23:05:06.890Z,Gluteus Maximus,"Adductor Magnus,Erector Spinae,Hamstrings",
2026-05-17T22:40:21.095Z,GVS Ravage ,Week 4 - Day 4 - Legs B,Machine Hip Abductor,0,20,20,0,10,8.5,1,70,lb,77.5,lb,0,2026-05-17T23:09:54.167Z,"Gluteus Medius,Tensor Fasciae Latae",Gluteus Maximus,
2026-05-17T22:40:21.095Z,GVS Ravage ,Week 4 - Day 4 - Legs B,Machine Hip Adductor,0,,9,0,,,0,,,67.5,lb,0,2026-05-17T23:11:33.029Z,,,
2026-05-17T22:40:21.095Z,GVS Ravage ,Week 4 - Day 4 - Legs B,Lying Leg Curl,0,15,9,0,10,10,1,35,lb,90,lb,0,2026-05-17T23:14:18.340Z,Hamstrings,"Gastrocnemius,Sartorius",
2026-05-17T22:40:21.095Z,GVS Ravage ,Week 4 - Day 4 - Legs B,Lying Leg Curl,0,15,7,0,10,10,1,35,lb,90,lb,0,2026-05-17T23:19:31.139Z,Hamstrings,"Gastrocnemius,Sartorius",
2026-05-17T22:40:21.095Z,GVS Ravage ,Week 4 - Day 4 - Legs B,Leg Extension,0,20,11,0,10,9.5,1,30,lb,90,lb,0,2026-05-17T23:16:46.954Z,Quadriceps,,
2026-05-17T22:40:21.095Z,GVS Ravage ,Week 4 - Day 4 - Legs B,Leg Extension,0,20,7,0,10,10,1,30,lb,90,lb,0,2026-05-17T23:20:59.808Z,Quadriceps,,
2026-05-17T00:09:57.326Z,GVS Ravage ,Week 4 - Day 3 - Bro Day A,Hammer Curl,1,5,2,0,,,0,10,lb,25,lb,0,2026-05-17T00:11:40.304Z,Brachioradialis,"Biceps Brachii,Brachialis",
2026-05-17T00:09:57.326Z,GVS Ravage ,Week 4 - Day 3 - Bro Day A,Hammer Curl,0,20,13,0,10,10,1,12.5,lb,25,lb,0,2026-05-17T00:19:06.866Z,Brachioradialis,"Biceps Brachii,Brachialis",
2026-05-17T00:09:57.326Z,GVS Ravage ,Week 4 - Day 3 - Bro Day A,Hammer Curl,0,20,9,0,10,10,1,12.5,lb,25,lb,0,2026-05-17T00:28:34.003Z,Brachioradialis,"Biceps Brachii,Brachialis",
2026-05-17T00:09:57.326Z,GVS Ravage ,Week 4 - Day 3 - Bro Day A,"Triceps Extension, Cable",1,5,2,0,,,0,37.5,lb,47.5,lb,0,2026-05-17T00:12:51.854Z,Triceps Brachii,,
2026-05-17T00:09:57.326Z,GVS Ravage ,Week 4 - Day 3 - Bro Day A,"Triceps Extension, Cable",0,15,11,0,10,10,1,47.5,lb,47.5,lb,0,2026-05-17T00:24:40.740Z,Triceps Brachii,,
2026-05-17T00:09:57.326Z,GVS Ravage ,Week 4 - Day 3 - Bro Day A,"Triceps Extension, Cable",0,15,12,0,10,10,1,47.5,lb,47.5,lb,0,2026-05-17T00:29:43.814Z,Triceps Brachii,,
2026-05-17T00:09:57.326Z,GVS Ravage ,Week 4 - Day 3 - Bro Day A,Incline Curl,0,10,9,0,10,9.5,1,12.5,lb,25,lb,0,2026-05-17T00:34:19.858Z,Biceps Brachii,"Brachialis,Brachioradialis",
2026-05-17T00:09:57.326Z,GVS Ravage ,Week 4 - Day 3 - Bro Day A,Incline Curl,0,10,8,0,10,9.5,1,12.5,lb,25,lb,0,2026-05-17T00:39:50.183Z,Biceps Brachii,"Brachialis,Brachioradialis",
2026-05-17T00:09:57.326Z,GVS Ravage ,Week 4 - Day 3 - Bro Day A,Triceps Pushdown,0,15,10,0,10,10,1,22.5,lb,60,lb,0,2026-05-17T00:35:51.824Z,Triceps Brachii,,
2026-05-17T00:09:57.326Z,GVS Ravage ,Week 4 - Day 3 - Bro Day A,Triceps Pushdown,0,15,11,0,10,10,1,22.5,lb,60,lb,0,2026-05-17T00:41:44.832Z,Triceps Brachii,,
2026-05-17T00:09:57.326Z,GVS Ravage ,Week 4 - Day 3 - Bro Day A,Lateral Raise,0,15,13,0,10,10,1,25,lb,20,lb,0,2026-05-17T00:45:18.881Z,Deltoid Lateral,"Deltoid Anterior,Serratus Anterior,Trapezius Lower Fibers,Trapezius Middle Fibers",
2026-05-17T00:09:57.326Z,GVS Ravage ,Week 4 - Day 3 - Bro Day A,Lateral Raise,0,15,11,0,10,10,1,25,lb,20,lb,0,2026-05-17T00:48:00.427Z,Deltoid Lateral,"Deltoid Anterior,Serratus Anterior,Trapezius Lower Fibers,Trapezius Middle Fibers",
2026-05-17T00:09:57.326Z,GVS Ravage ,Week 4 - Day 3 - Bro Day A,Upright Row,0,20,13,0,10,10,1,10,lb,25,lb,0,2026-05-17T00:57:32.278Z,Deltoid Lateral,"Biceps Brachii,Brachialis,Brachioradialis,Deltoid Anterior,Infraspinatus,Serratus Anterior,Teres Minor,Trapezius Lower Fibers,Trapezius Middle Fibers",
2026-05-17T00:09:57.326Z,GVS Ravage ,Week 4 - Day 3 - Bro Day A,Upright Row,0,20,11,0,10,10,1,10,lb,25,lb,0,2026-05-17T01:05:10.269Z,Deltoid Lateral,"Biceps Brachii,Brachialis,Brachioradialis,Deltoid Anterior,Infraspinatus,Serratus Anterior,Teres Minor,Trapezius Lower Fibers,Trapezius Middle Fibers",
2026-05-16T01:43:37.404Z,GVS Ravage ,Week 4 - Day 2 - Torso A,Smith Machine Close Grip Larsen Press,1,5,3,0,,,0,95,lb,105,lb,0,2026-05-16T01:47:20.910Z,"Triceps Brachii,Pectoralis Major Sternal Head","Pectoralis Major Clavicular Head,Deltoid Anterior,Serratus Anterior",
2026-05-16T01:43:37.404Z,GVS Ravage ,Week 4 - Day 2 - Torso A,Smith Machine Close Grip Larsen Press,1,5,2,0,,,0,95,lb,155,lb,0,2026-05-16T01:49:37.738Z,"Triceps Brachii,Pectoralis Major Sternal Head","Pectoralis Major Clavicular Head,Deltoid Anterior,Serratus Anterior",
2026-05-16T01:43:37.404Z,GVS Ravage ,Week 4 - Day 2 - Torso A,Smith Machine Close Grip Larsen Press,0,8,6,0,8,9,1,120,lb,155,lb,0,2026-05-16T01:53:30.360Z,"Triceps Brachii,Pectoralis Major Sternal Head","Pectoralis Major Clavicular Head,Deltoid Anterior,Serratus Anterior",
2026-05-16T01:43:37.404Z,GVS Ravage ,Week 4 - Day 2 - Torso A,Smith Machine Close Grip Larsen Press,0,8,4,0,8,9.5,1,130,lb,155,lb,0,2026-05-16T01:58:41.836Z,"Triceps Brachii,Pectoralis Major Sternal Head","Pectoralis Major Clavicular Head,Deltoid Anterior,Serratus Anterior",
2026-05-16T01:43:37.404Z,GVS Ravage ,Week 4 - Day 2 - Torso A,Smith Machine Close Grip Larsen Press,0,8,5,0,8,9,1,130,lb,155,lb,0,2026-05-16T02:06:50.884Z,"Triceps Brachii,Pectoralis Major Sternal Head","Pectoralis Major Clavicular Head,Deltoid Anterior,Serratus Anterior",
2026-05-16T01:43:37.404Z,GVS Ravage ,Week 4 - Day 2 - Torso A,Neutral Grip Pull-Up,1,5,1,0,,,0,80,lb,0,lb,0,2026-05-16T01:48:06.409Z,Latissimus Dorsi,"Biceps Brachii,Brachialis,Brachioradialis,Trapezius Middle Fibers,Trapezius Lower Fibers,Teres Major,Deltoid Posterior",
2026-05-16T01:43:37.404Z,GVS Ravage ,Week 4 - Day 2 - Torso A,Neutral Grip Pull-Up,0,15,2,1,9,10,1,100,lb,0,lb,0,2026-05-16T01:54:11.218Z,Latissimus Dorsi,"Biceps Brachii,Brachialis,Brachioradialis,Trapezius Middle Fibers,Trapezius Lower Fibers,Teres Major,Deltoid Posterior",
2026-05-16T01:43:37.404Z,GVS Ravage ,Week 4 - Day 2 - Torso A,Neutral Grip Pull-Up,0,15,2,1,9,10,1,100,lb,0,lb,0,2026-05-16T01:59:36.512Z,Latissimus Dorsi,"Biceps Brachii,Brachialis,Brachioradialis,Trapezius Middle Fibers,Trapezius Lower Fibers,Teres Major,Deltoid Posterior",
2026-05-16T01:43:37.404Z,GVS Ravage ,Week 4 - Day 2 - Torso A,Neutral Grip Pull-Up,0,15,1,1,9,10,1,100,lb,0,lb,0,2026-05-16T02:07:21.979Z,Latissimus Dorsi,"Biceps Brachii,Brachialis,Brachioradialis,Trapezius Middle Fibers,Trapezius Lower Fibers,Teres Major,Deltoid Posterior",
2026-05-16T01:43:37.404Z,GVS Ravage ,Week 4 - Day 2 - Torso A,Smith Reverse Grip Bench,0,12,9,0,9,10,1,90,lb,95,lb,0,2026-05-16T02:11:12.627Z,"Pectoralis Major Clavicular Head,Triceps Brachii","Deltoid Anterior,Pectoralis Major Sternal Head",
2026-05-16T01:43:37.404Z,GVS Ravage ,Week 4 - Day 2 - Torso A,Smith Reverse Grip Bench,0,12,10,0,9,9,1,90,lb,95,lb,0,2026-05-16T02:19:58.254Z,"Pectoralis Major Clavicular Head,Triceps Brachii","Deltoid Anterior,Pectoralis Major Sternal Head",
2026-05-16T01:43:37.404Z,GVS Ravage ,Week 4 - Day 2 - Torso A,Machine Pulldown,0,15,6,0,9,10,1,0,lb,135,lb,0,2026-05-16T02:12:46.762Z,Latissimus Dorsi,"Trapezius Middle Fibers,Trapezius Lower Fibers,Deltoid Posterior,Biceps Brachii,Brachialis,Brachioradialis",
2026-05-16T01:43:37.404Z,GVS Ravage ,Week 4 - Day 2 - Torso A,Machine Pulldown,0,15,7,0,9,10,1,0,lb,127.5,lb,0,2026-05-16T02:21:54.407Z,Latissimus Dorsi,"Trapezius Middle Fibers,Trapezius Lower Fibers,Deltoid Posterior,Biceps Brachii,Brachialis,Brachioradialis",
2026-05-16T01:43:37.404Z,GVS Ravage ,Week 4 - Day 2 - Torso A,Cable Crossover,0,15,13,0,10,10,1,17.5,lb,20,lb,0,2026-05-16T02:24:31.937Z,Pectoralis Major Sternal Head,"Deltoid Anterior,Latissimus Dorsi,Levator Scapulae,Pectoralis Major Clavicular Head",
2026-05-16T01:43:37.404Z,GVS Ravage ,Week 4 - Day 2 - Torso A,Cable Crossover,0,15,9,0,10,10,1,20,lb,20,lb,0,2026-05-16T02:31:49.125Z,Pectoralis Major Sternal Head,"Deltoid Anterior,Latissimus Dorsi,Levator Scapulae,Pectoralis Major Clavicular Head",
2026-05-16T01:43:37.404Z,GVS Ravage ,Week 4 - Day 2 - Torso A,Bent Over One Arm Row,0,15,9,0,10,10,1,37.5,lb,55,lb,0,2026-05-16T02:28:31.502Z,"Latissimus Dorsi,Trapezius Lower Fibers,Trapezius Middle Fibers","Infraspinatus,Teres Major,Teres Minor,Brachialis,Brachioradialis,Deltoid Posterior,Pectoralis Major Sternal Head",
2026-05-16T01:43:37.404Z,GVS Ravage ,Week 4 - Day 2 - Torso A,Bent Over One Arm Row,0,15,6,0,10,10,1,37.5,lb,55,lb,0,2026-05-16T02:35:47.516Z,"Latissimus Dorsi,Trapezius Lower Fibers,Trapezius Middle Fibers","Infraspinatus,Teres Major,Teres Minor,Brachialis,Brachioradialis,Deltoid Posterior,Pectoralis Major Sternal Head",
2026-05-16T01:43:37.404Z,GVS Ravage ,Week 4 - Day 2 - Torso A,"Pullover, Cable",0,20,18,0,10,10,1,22.5,lb,37.5,lb,0,2026-05-16T02:37:22.367Z,Latissimus Dorsi,"Deltoid Posterior,Levator Scapulae,Pectoralis Major Sternal Head,Serratus Anterior,Teres Major,Trapezius Middle Fibers,Triceps Brachii",
2026-05-16T01:43:37.404Z,GVS Ravage ,Week 4 - Day 2 - Torso A,"Pullover, Cable",0,20,12,0,10,10,1,27.5,lb,37.5,lb,0,2026-05-16T02:43:41.172Z,Latissimus Dorsi,"Deltoid Posterior,Levator Scapulae,Pectoralis Major Sternal Head,Serratus Anterior,Teres Major,Trapezius Middle Fibers,Triceps Brachii",
2026-05-14T23:55:08.724Z,GVS Ravage ,Week 4 - Day 1 - Legs A,"Hack Squat, Smith Machine",1,5,2,0,,,0,62.5,lb,125,lb,0,2026-05-14T23:59:20.150Z,Quadriceps,"Adductor Magnus,Gluteus Maximus,Soleus",
2026-05-14T23:55:08.724Z,GVS Ravage ,Week 4 - Day 1 - Legs A,"Hack Squat, Smith Machine",0,10,6,0,9,8,1,80,lb,125,lb,0,2026-05-15T00:07:33.910Z,Quadriceps,"Adductor Magnus,Gluteus Maximus,Soleus",
2026-05-14T23:55:08.724Z,GVS Ravage ,Week 4 - Day 1 - Legs A,"Hack Squat, Smith Machine",0,15,10,0,8,8,1,57.5,lb,85,lb,0,2026-05-15T00:12:29.219Z,Quadriceps,"Adductor Magnus,Gluteus Maximus,Soleus",
2026-05-14T23:55:08.724Z,GVS Ravage ,Week 4 - Day 1 - Legs A,"Hack Squat, Smith Machine",0,15,10,0,8,8,1,57.5,lb,85,lb,0,2026-05-15T00:18:56.840Z,Quadriceps,"Adductor Magnus,Gluteus Maximus,Soleus",
2026-05-14T23:55:08.724Z,GVS Ravage ,Week 4 - Day 1 - Legs A,"Stiff Leg Deadlift, Dumbbell",1,,2,0,,,0,,,65,lb,0,2026-05-15T00:23:32.179Z,Erector Spinae,"Adductor Magnus,Gluteus Maximus,Hamstrings",
2026-05-14T23:55:08.724Z,GVS Ravage ,Week 4 - Day 1 - Legs A,"Stiff Leg Deadlift, Dumbbell",0,15,7,0,9,9.5,1,65,lb,65,lb,0,2026-05-15T00:27:21.047Z,Erector Spinae,"Adductor Magnus,Gluteus Maximus,Hamstrings",
2026-05-14T23:55:08.724Z,GVS Ravage ,Week 4 - Day 1 - Legs A,"Stiff Leg Deadlift, Dumbbell",0,15,5,0,9,9.5,1,65,lb,65,lb,0,2026-05-15T00:40:02.844Z,Erector Spinae,"Adductor Magnus,Gluteus Maximus,Hamstrings",
2026-05-14T23:55:08.724Z,GVS Ravage ,Week 4 - Day 1 - Legs A,Walking Lunge,0,30,13,0,9,10,1,15,lb,20,lb,0,2026-05-15T00:43:09.335Z,Quadriceps,"Gastrocnemius,Gluteus Maximus,Hamstrings,Soleus",
2026-05-14T23:55:08.724Z,GVS Ravage ,Week 4 - Day 1 - Legs A,Walking Lunge,0,30,9,0,9,10,1,15,lb,20,lb,0,2026-05-15T00:50:04.098Z,Quadriceps,"Gastrocnemius,Gluteus Maximus,Hamstrings,Soleus",
2026-05-14T23:55:08.724Z,GVS Ravage ,Week 4 - Day 1 - Legs A,Lying Leg Curl,0,12,9,0,10,10,1,40,lb,90,lb,0,2026-05-15T00:54:48.311Z,Hamstrings,"Gastrocnemius,Sartorius",
2026-05-14T23:55:08.724Z,GVS Ravage ,Week 4 - Day 1 - Legs A,Lying Leg Curl,0,12,6,0,10,10,1,40,lb,90,lb,0,2026-05-15T00:57:59.770Z,Hamstrings,"Gastrocnemius,Sartorius",
2026-05-14T00:50:16.242Z,GVS Ravage ,Week 3 - Day 6 - Bro Day B,Hammer Curl,1,5,2,0,,,0,10,lb,25,lb,0,2026-05-14T00:51:08.250Z,Brachioradialis,"Biceps Brachii,Brachialis",
2026-05-14T00:50:16.242Z,GVS Ravage ,Week 3 - Day 6 - Bro Day B,Hammer Curl,0,20,13,0,10,10,1,12.5,lb,25,lb,0,2026-05-14T00:56:52.729Z,Brachioradialis,"Biceps Brachii,Brachialis",
2026-05-14T00:50:16.242Z,GVS Ravage ,Week 3 - Day 6 - Bro Day B,Hammer Curl,0,20,13,0,10,10,1,12.5,lb,25,lb,0,2026-05-14T01:05:40.419Z,Brachioradialis,"Biceps Brachii,Brachialis",
2026-05-14T00:50:16.242Z,GVS Ravage ,Week 3 - Day 6 - Bro Day B,"Triceps Extension, Cable",1,,2,0,,,0,,,47.5,lb,0,2026-05-14T00:52:39.158Z,Triceps Brachii,,
2026-05-14T00:50:16.242Z,GVS Ravage ,Week 3 - Day 6 - Bro Day B,"Triceps Extension, Cable",0,15,9,0,10,10,1,10,lb,47.5,lb,0,2026-05-14T00:57:58.039Z,Triceps Brachii,,
2026-05-14T00:50:16.242Z,GVS Ravage ,Week 3 - Day 6 - Bro Day B,"Triceps Extension, Cable",0,15,9,0,10,10,1,10,lb,47.5,lb,0,2026-05-14T01:06:56.388Z,Triceps Brachii,,
2026-05-14T00:50:16.242Z,GVS Ravage ,Week 3 - Day 6 - Bro Day B,Bicep Curl,0,12,9,0,10,10,1,12.5,lb,25,lb,0,2026-05-14T01:11:05.427Z,Biceps Brachii,"Brachialis,Brachioradialis",
2026-05-14T00:50:16.242Z,GVS Ravage ,Week 3 - Day 6 - Bro Day B,Bicep Curl,0,12,8,0,10,10,1,12.5,lb,25,lb,0,2026-05-14T01:18:16.132Z,Biceps Brachii,"Brachialis,Brachioradialis",
2026-05-14T00:50:16.242Z,GVS Ravage ,Week 3 - Day 6 - Bro Day B,Triceps Pushdown,0,15,10,0,10,10,1,22.5,lb,60,lb,0,2026-05-14T01:12:44.402Z,Triceps Brachii,,
2026-05-14T00:50:16.242Z,GVS Ravage ,Week 3 - Day 6 - Bro Day B,Triceps Pushdown,0,15,7,0,10,10,1,22.5,lb,60,lb,0,2026-05-14T01:20:53.290Z,Triceps Brachii,,
2026-05-14T00:50:16.242Z,GVS Ravage ,Week 3 - Day 6 - Bro Day B,Lateral Raise,0,20,16,0,10,10,1,10,lb,25,lb,0,2026-05-14T01:23:13.105Z,Deltoid Lateral,"Deltoid Anterior,Serratus Anterior,Trapezius Lower Fibers,Trapezius Middle Fibers",
2026-05-14T00:50:16.242Z,GVS Ravage ,Week 3 - Day 6 - Bro Day B,Lateral Raise,0,20,11,0,10,10,1,10,lb,25,lb,0,2026-05-14T01:25:18.022Z,Deltoid Lateral,"Deltoid Anterior,Serratus Anterior,Trapezius Lower Fibers,Trapezius Middle Fibers",
2026-05-14T00:50:16.242Z,GVS Ravage ,Week 3 - Day 6 - Bro Day B,Lu Lateral Raise,0,15,13,0,10,10,1,10,lb,10,lb,0,2026-05-14T01:34:51.199Z,Deltoid Lateral,"Deltoid Anterior,Deltoid Posterior,Serratus Anterior,Trapezius Middle Fibers,Trapezius Lower Fibers",
2026-05-14T00:50:16.242Z,GVS Ravage ,Week 3 - Day 6 - Bro Day B,Lu Lateral Raise,0,15,9,0,10,10,1,10,lb,10,lb,0,2026-05-14T01:41:27.698Z,Deltoid Lateral,"Deltoid Anterior,Deltoid Posterior,Serratus Anterior,Trapezius Middle Fibers,Trapezius Lower Fibers",
2026-05-14T00:50:16.242Z,GVS Ravage ,Week 3 - Day 6 - Bro Day B,Cable Rear Delt One-Arm Row,0,20,10,0,10,10,1,12.5,lb,12.5,lb,0,2026-05-14T01:47:40.338Z,,,Failure + Partials. Big Stretch.
2026-05-14T00:50:16.242Z,GVS Ravage ,Week 3 - Day 6 - Bro Day B,Cable Rear Delt One-Arm Row,0,20,12,0,10,10,1,12.5,lb,12.5,lb,0,2026-05-14T01:51:14.134Z,,,Failure + Partials. Big Stretch.
2026-05-14T00:50:16.242Z,GVS Ravage ,Week 3 - Day 6 - Bro Day B,Neck Flexion,0,20,8,0,10,9,1,5,lb,5,lb,0,2026-05-14T01:29:00.935Z,Sternocleidomastoid,,
2026-05-14T00:50:16.242Z,GVS Ravage ,Week 3 - Day 6 - Bro Day B,"Wrist Curl, Dumbbell",0,20,12,0,10,10,1,15,lb,20,lb,0,2026-05-14T01:32:15.453Z,Wrist Flexors,,
2026-05-06T00:35:08.475Z,GVS Ravage ,Week 3 - Day 5 - Torso B,"Bench Press, Dumbbell",1,5,2,0,,,0,70,lb,60,lb,0,2026-05-06T00:39:15.758Z,Pectoralis Major Sternal Head,"Deltoid Anterior,Pectoralis Major Clavicular Head,Triceps Brachii",
2026-05-06T00:35:08.475Z,GVS Ravage ,Week 3 - Day 5 - Torso B,"Bench Press, Dumbbell",0,12,12,0,9,9,1,87.5,lb,60,lb,0,2026-05-06T00:44:26.698Z,Pectoralis Major Sternal Head,"Deltoid Anterior,Pectoralis Major Clavicular Head,Triceps Brachii",
2026-05-06T00:35:08.475Z,GVS Ravage ,Week 3 - Day 5 - Torso B,"Bench Press, Dumbbell",0,12,9,0,9,9,1,87.5,lb,60,lb,0,2026-05-06T00:54:00.516Z,Pectoralis Major Sternal Head,"Deltoid Anterior,Pectoralis Major Clavicular Head,Triceps Brachii",
2026-05-06T00:35:08.475Z,GVS Ravage ,Week 3 - Day 5 - Torso B,Neutral Grip Pull-Up,1,,1,0,,,0,,,0,lb,0,2026-05-06T00:40:44.968Z,Latissimus Dorsi,"Biceps Brachii,Brachialis,Brachioradialis,Trapezius Middle Fibers,Trapezius Lower Fibers,Teres Major,Deltoid Posterior",
2026-05-06T00:35:08.475Z,GVS Ravage ,Week 3 - Day 5 - Torso B,Neutral Grip Pull-Up,0,15,3,0,10,10,1,0,lb,0,lb,0,2026-05-06T00:45:08.075Z,Latissimus Dorsi,"Biceps Brachii,Brachialis,Brachioradialis,Trapezius Middle Fibers,Trapezius Lower Fibers,Teres Major,Deltoid Posterior",
2026-05-06T00:35:08.475Z,GVS Ravage ,Week 3 - Day 5 - Torso B,Neutral Grip Pull-Up,0,15,2,0,10,10,1,0,lb,0,lb,0,2026-05-06T00:54:44.627Z,Latissimus Dorsi,"Biceps Brachii,Brachialis,Brachioradialis,Trapezius Middle Fibers,Trapezius Lower Fibers,Teres Major,Deltoid Posterior",
2026-05-06T00:35:08.475Z,GVS Ravage ,Week 3 - Day 5 - Torso B,"Chest Press, Leverage Machine",0,12,12,0,9,9.5,1,18.75,lb,135,lb,0,2026-05-06T01:23:38.692Z,Pectoralis Major Sternal Head,"Deltoid Anterior,Pectoralis Major Clavicular Head,Triceps Brachii",
2026-05-06T00:35:08.475Z,GVS Ravage ,Week 3 - Day 5 - Torso B,"Chest Press, Leverage Machine",0,12,12,0,9,9.5,1,18.75,lb,135,lb,0,2026-05-06T01:23:35.194Z,Pectoralis Major Sternal Head,"Deltoid Anterior,Pectoralis Major Clavicular Head,Triceps Brachii",
2026-05-06T00:35:08.475Z,GVS Ravage ,Week 3 - Day 5 - Torso B,Helms Row,0,20,13,0,10,10,1,45,lb,45,lb,0,2026-05-06T01:15:03.173Z,"Latissimus Dorsi,Trapezius Middle Fibers","Deltoid Posterior,Biceps Brachii,Brachialis,Brachioradialis",
2026-05-06T00:35:08.475Z,GVS Ravage ,Week 3 - Day 5 - Torso B,Helms Row,0,20,17,0,10,10,1,45,lb,45,lb,0,2026-05-06T01:25:13.098Z,"Latissimus Dorsi,Trapezius Middle Fibers","Deltoid Posterior,Biceps Brachii,Brachialis,Brachioradialis",
2026-05-06T00:35:08.475Z,GVS Ravage ,Week 3 - Day 5 - Torso B,Shoulder Press,1,5,2,0,,,0,17.5,lb,45,lb,0,2026-05-06T01:28:17.160Z,Deltoid Anterior,"Deltoid Lateral,Pectoralis Major Clavicular Head,Serratus Anterior,Trapezius Lower Fibers,Trapezius Middle Fibers,Triceps Brachii",
2026-05-06T00:35:08.475Z,GVS Ravage ,Week 3 - Day 5 - Torso B,Shoulder Press,0,12,10,0,9,10,1,22.5,lb,45,lb,0,2026-05-06T01:33:36.005Z,Deltoid Anterior,"Deltoid Lateral,Pectoralis Major Clavicular Head,Serratus Anterior,Trapezius Lower Fibers,Trapezius Middle Fibers,Triceps Brachii",
2026-05-06T00:35:08.475Z,GVS Ravage ,Week 3 - Day 5 - Torso B,Shoulder Press,0,12,8,0,9,10,1,22.5,lb,45,lb,0,2026-05-06T01:38:44.442Z,Deltoid Anterior,"Deltoid Lateral,Pectoralis Major Clavicular Head,Serratus Anterior,Trapezius Lower Fibers,Trapezius Middle Fibers,Triceps Brachii",
2026-05-06T00:35:08.475Z,GVS Ravage ,Week 3 - Day 5 - Torso B,Seated Row,0,20,16,0,10,10,1,77.5,lb,85,lb,0,2026-05-06T01:34:22.598Z,"Latissimus Dorsi,Trapezius Lower Fibers,Trapezius Middle Fibers","Brachialis,Brachioradialis,Deltoid Posterior,Erector Spinae,Infraspinatus,Pectoralis Major Sternal Head,Teres Major,Teres Minor",
2026-05-06T00:35:08.475Z,GVS Ravage ,Week 3 - Day 5 - Torso B,Seated Row,0,20,14,0,10,10,1,80,lb,85,lb,0,2026-05-06T01:39:43.803Z,"Latissimus Dorsi,Trapezius Lower Fibers,Trapezius Middle Fibers","Brachialis,Brachioradialis,Deltoid Posterior,Erector Spinae,Infraspinatus,Pectoralis Major Sternal Head,Teres Major,Teres Minor",
2026-05-03T22:15:14.961Z,GVS Ravage ,Week 3 - Day 4 - Legs B,"Squat, Smith Machine",1,5,3,0,,,0,65,lb,105,lb,0,2026-05-03T22:26:28.588Z,Quadriceps,"Adductor Magnus,Gluteus Maximus,Soleus",
2026-05-03T22:15:14.961Z,GVS Ravage ,Week 3 - Day 4 - Legs B,"Squat, Smith Machine",1,5,2,0,,,0,102.5,lb,135,lb,0,2026-05-03T22:27:39.947Z,Quadriceps,"Adductor Magnus,Gluteus Maximus,Soleus",
2026-05-03T22:15:14.961Z,GVS Ravage ,Week 3 - Day 4 - Legs B,"Squat, Smith Machine",0,8,8,0,9,6.5,1,130,lb,135,lb,0,2026-05-03T22:30:59.110Z,Quadriceps,"Adductor Magnus,Gluteus Maximus,Soleus",
2026-05-03T22:15:14.961Z,GVS Ravage ,Week 3 - Day 4 - Legs B,"Squat, Smith Machine",0,8,7,0,9,9,1,130,lb,145,lb,0,2026-05-03T22:35:58.842Z,Quadriceps,"Adductor Magnus,Gluteus Maximus,Soleus",
2026-05-03T22:15:14.961Z,GVS Ravage ,Week 3 - Day 4 - Legs B,Romanian Deadlift,1,5,2,0,,,0,20,lb,60,lb,0,2026-05-03T22:16:55.483Z,Gluteus Maximus,"Adductor Magnus,Erector Spinae,Hamstrings",
2026-05-03T22:15:14.961Z,GVS Ravage ,Week 3 - Day 4 - Legs B,Romanian Deadlift,0,12,10,0,9,10,1,25,lb,60,lb,0,2026-05-03T22:41:13.875Z,Gluteus Maximus,"Adductor Magnus,Erector Spinae,Hamstrings",
2026-05-03T22:15:14.961Z,GVS Ravage ,Week 3 - Day 4 - Legs B,Romanian Deadlift,0,12,7,0,9,10,1,25,lb,60,lb,0,2026-05-03T22:47:44.117Z,Gluteus Maximus,"Adductor Magnus,Erector Spinae,Hamstrings",
2026-05-03T22:15:14.961Z,GVS Ravage ,Week 3 - Day 4 - Legs B,Glute Bridge,0,20,20,0,10,10,1,17.5,lb,65,lb,0,2026-05-03T22:53:25.701Z,Gluteus Maximus,Quadriceps,
2026-05-03T22:15:14.961Z,GVS Ravage ,Week 3 - Day 4 - Legs B,Glute Bridge,0,20,20,0,10,10,1,17.5,lb,65,lb,0,2026-05-03T23:01:47.579Z,Gluteus Maximus,Quadriceps,
2026-05-03T22:15:14.961Z,GVS Ravage ,Week 3 - Day 4 - Legs B,Lying Leg Curl,0,15,15,0,10,10,1,35,lb,82.5,lb,0,2026-05-03T23:05:58.038Z,Hamstrings,"Gastrocnemius,Sartorius",
2026-05-03T22:15:14.961Z,GVS Ravage ,Week 3 - Day 4 - Legs B,Lying Leg Curl,0,15,14,0,10,10,1,35,lb,82.5,lb,0,2026-05-03T23:18:12.266Z,Hamstrings,"Gastrocnemius,Sartorius",
2026-05-03T22:15:14.961Z,GVS Ravage ,Week 3 - Day 4 - Legs B,Leg Extension,0,20,12,0,10,10,1,30,lb,82.5,lb,0,2026-05-03T23:07:11.665Z,Quadriceps,,
2026-05-03T22:15:14.961Z,GVS Ravage ,Week 3 - Day 4 - Legs B,Leg Extension,0,20,10,0,10,10,1,30,lb,82.5,lb,0,2026-05-03T23:20:29.493Z,Quadriceps,,
2026-05-03T00:24:59.337Z,GVS Ravage ,Week 3 - Day 3 - Bro Day A,Hammer Curl,1,5,2,0,,,0,10,lb,25,lb,0,2026-05-03T00:25:53.921Z,Brachioradialis,"Biceps Brachii,Brachialis",
2026-05-03T00:24:59.337Z,GVS Ravage ,Week 3 - Day 3 - Bro Day A,Hammer Curl,0,20,12,0,10,10,1,12.5,lb,25,lb,0,2026-05-03T00:30:49.534Z,Brachioradialis,"Biceps Brachii,Brachialis",
2026-05-03T00:24:59.337Z,GVS Ravage ,Week 3 - Day 3 - Bro Day A,Hammer Curl,0,20,11,0,10,10,1,12.5,lb,25,lb,0,2026-05-03T00:37:53.529Z,Brachioradialis,"Biceps Brachii,Brachialis",
2026-05-03T00:24:59.337Z,GVS Ravage ,Week 3 - Day 3 - Bro Day A,"Triceps Extension, Cable",1,,2,0,,,0,,,45,lb,0,2026-05-03T00:27:22.550Z,Triceps Brachii,,
2026-05-03T00:24:59.337Z,GVS Ravage ,Week 3 - Day 3 - Bro Day A,"Triceps Extension, Cable",1,2,2,0,,,0,45,lb,45,lb,0,2026-05-03T00:30:52.206Z,Triceps Brachii,,
2026-05-03T00:24:59.337Z,GVS Ravage ,Week 3 - Day 3 - Bro Day A,"Triceps Extension, Cable",0,15,15,0,10,10,1,10,lb,45,lb,0,2026-05-03T00:31:55.403Z,Triceps Brachii,,
2026-05-03T00:24:59.337Z,GVS Ravage ,Week 3 - Day 3 - Bro Day A,"Triceps Extension, Cable",0,15,15,0,10,10,1,10,lb,45,lb,0,2026-05-03T00:40:01.992Z,Triceps Brachii,,
2026-05-03T00:24:59.337Z,GVS Ravage ,Week 3 - Day 3 - Bro Day A,Incline Curl,0,10,7,0,10,10,1,12.5,lb,25,lb,0,2026-05-03T00:43:05.980Z,Biceps Brachii,"Brachialis,Brachioradialis",
2026-05-03T00:24:59.337Z,GVS Ravage ,Week 3 - Day 3 - Bro Day A,Incline Curl,0,10,8,0,10,10,1,12.5,lb,25,lb,0,2026-05-03T00:48:05.045Z,Biceps Brachii,"Brachialis,Brachioradialis",
2026-05-03T00:24:59.337Z,GVS Ravage ,Week 3 - Day 3 - Bro Day A,Triceps Pushdown,0,15,15,0,10,9,1,22.5,lb,57.5,lb,0,2026-05-03T00:45:31.582Z,Triceps Brachii,,
2026-05-03T00:24:59.337Z,GVS Ravage ,Week 3 - Day 3 - Bro Day A,Triceps Pushdown,0,15,11,0,10,10,1,22.5,lb,57.5,lb,0,2026-05-03T00:49:10.630Z,Triceps Brachii,,
2026-05-03T00:24:59.337Z,GVS Ravage ,Week 3 - Day 3 - Bro Day A,Lateral Raise,1,,2,0,,,0,,,25,lb,0,2026-05-03T00:50:18.462Z,Deltoid Lateral,"Deltoid Anterior,Serratus Anterior,Trapezius Lower Fibers,Trapezius Middle Fibers",
2026-05-03T00:24:59.337Z,GVS Ravage ,Week 3 - Day 3 - Bro Day A,Lateral Raise,0,15,15,0,10,10,1,10,lb,25,lb,0,2026-05-03T00:52:28.486Z,Deltoid Lateral,"Deltoid Anterior,Serratus Anterior,Trapezius Lower Fibers,Trapezius Middle Fibers",
2026-05-03T00:24:59.337Z,GVS Ravage ,Week 3 - Day 3 - Bro Day A,Lateral Raise,0,15,15,0,10,10,1,10,lb,25,lb,0,2026-05-03T00:55:27.674Z,Deltoid Lateral,"Deltoid Anterior,Serratus Anterior,Trapezius Lower Fibers,Trapezius Middle Fibers",
2026-05-03T00:24:59.337Z,GVS Ravage ,Week 3 - Day 3 - Bro Day A,Upright Row,0,20,11,0,10,10,1,10,lb,25,lb,0,2026-05-03T00:58:32.445Z,Deltoid Lateral,"Biceps Brachii,Brachialis,Brachioradialis,Deltoid Anterior,Infraspinatus,Serratus Anterior,Teres Minor,Trapezius Lower Fibers,Trapezius Middle Fibers",
2026-05-03T00:24:59.337Z,GVS Ravage ,Week 3 - Day 3 - Bro Day A,Upright Row,0,20,11,0,10,10,1,10,lb,25,lb,0,2026-05-03T01:02:02.562Z,Deltoid Lateral,"Biceps Brachii,Brachialis,Brachioradialis,Deltoid Anterior,Infraspinatus,Serratus Anterior,Teres Minor,Trapezius Lower Fibers,Trapezius Middle Fibers",
2026-05-02T00:25:33.613Z,GVS Ravage ,Week 3 - Day 2 - Torso A,Smith Machine Close Grip Larsen Press,1,5,3,0,,,0,95,lb,105,lb,0,2026-05-02T00:35:14.375Z,"Triceps Brachii,Pectoralis Major Sternal Head","Pectoralis Major Clavicular Head,Deltoid Anterior,Serratus Anterior","RPE 9- shoulder width, controlled lowering. Tuck elbows slightly on descent, pausing at the bottom and exploding upwards"
2026-05-02T00:25:33.613Z,GVS Ravage ,Week 3 - Day 2 - Torso A,Smith Machine Close Grip Larsen Press,1,3,5,0,,,0,105,lb,105,lb,0,2026-05-02T00:36:59.611Z,"Triceps Brachii,Pectoralis Major Sternal Head","Pectoralis Major Clavicular Head,Deltoid Anterior,Serratus Anterior","RPE 9- shoulder width, controlled lowering. Tuck elbows slightly on descent, pausing at the bottom and exploding upwards"
2026-05-02T00:25:33.613Z,GVS Ravage ,Week 3 - Day 2 - Torso A,Smith Machine Close Grip Larsen Press,1,5,2,0,,,0,105,lb,145,lb,0,2026-05-02T00:38:07.485Z,"Triceps Brachii,Pectoralis Major Sternal Head","Pectoralis Major Clavicular Head,Deltoid Anterior,Serratus Anterior","RPE 9- shoulder width, controlled lowering. Tuck elbows slightly on descent, pausing at the bottom and exploding upwards"
2026-05-02T00:25:33.613Z,GVS Ravage ,Week 3 - Day 2 - Torso A,Smith Machine Close Grip Larsen Press,0,8,8,0,8,9,1,120,lb,145,lb,0,2026-05-02T00:45:24.084Z,"Triceps Brachii,Pectoralis Major Sternal Head","Pectoralis Major Clavicular Head,Deltoid Anterior,Serratus Anterior","RPE 9- shoulder width, controlled lowering. Tuck elbows slightly on descent, pausing at the bottom and exploding upwards"
2026-05-02T00:25:33.613Z,GVS Ravage ,Week 3 - Day 2 - Torso A,Smith Machine Close Grip Larsen Press,0,8,6,0,8,9,1,130,lb,155,lb,0,2026-05-02T00:55:37.615Z,"Triceps Brachii,Pectoralis Major Sternal Head","Pectoralis Major Clavicular Head,Deltoid Anterior,Serratus Anterior","RPE 9- shoulder width, controlled lowering. Tuck elbows slightly on descent, pausing at the bottom and exploding upwards"
2026-05-02T00:25:33.613Z,GVS Ravage ,Week 3 - Day 2 - Torso A,Smith Machine Close Grip Larsen Press,0,8,4,0,8,10,1,130,lb,155,lb,0,2026-05-02T00:58:12.515Z,"Triceps Brachii,Pectoralis Major Sternal Head","Pectoralis Major Clavicular Head,Deltoid Anterior,Serratus Anterior","RPE 9- shoulder width, controlled lowering. Tuck elbows slightly on descent, pausing at the bottom and exploding upwards"
2026-05-02T00:25:33.613Z,GVS Ravage ,Week 3 - Day 2 - Torso A,Neutral Grip Pull-Up,1,,1,0,,,0,,,0,lb,0,2026-05-02T00:39:53.526Z,Latissimus Dorsi,"Biceps Brachii,Brachialis,Brachioradialis,Trapezius Middle Fibers,Trapezius Lower Fibers,Teres Major,Deltoid Posterior",
2026-05-02T00:25:33.613Z,GVS Ravage ,Week 3 - Day 2 - Torso A,Neutral Grip Pull-Up,0,15,4,1,9,10,1,100,lb,0,lb,0,2026-05-02T00:47:05.684Z,Latissimus Dorsi,"Biceps Brachii,Brachialis,Brachioradialis,Trapezius Middle Fibers,Trapezius Lower Fibers,Teres Major,Deltoid Posterior",
2026-05-02T00:25:33.613Z,GVS Ravage ,Week 3 - Day 2 - Torso A,Neutral Grip Pull-Up,0,15,3,1,9,10,1,100,lb,0,lb,0,2026-05-02T00:55:41.074Z,Latissimus Dorsi,"Biceps Brachii,Brachialis,Brachioradialis,Trapezius Middle Fibers,Trapezius Lower Fibers,Teres Major,Deltoid Posterior",
2026-05-02T00:25:33.613Z,GVS Ravage ,Week 3 - Day 2 - Torso A,Neutral Grip Pull-Up,0,15,2,1,9,10,1,100,lb,0,lb,0,2026-05-02T00:59:01.563Z,Latissimus Dorsi,"Biceps Brachii,Brachialis,Brachioradialis,Trapezius Middle Fibers,Trapezius Lower Fibers,Teres Major,Deltoid Posterior",
2026-05-02T00:25:33.613Z,GVS Ravage ,Week 3 - Day 2 - Torso A,Smith Reverse Grip Bench,0,12,9,0,9,9,1,90,lb,95,lb,0,2026-05-02T01:02:20.333Z,"Pectoralis Major Clavicular Head,Triceps Brachii","Deltoid Anterior,Pectoralis Major Sternal Head",
2026-05-02T00:25:33.613Z,GVS Ravage ,Week 3 - Day 2 - Torso A,Smith Reverse Grip Bench,0,12,11,0,9,9,1,90,lb,95,lb,0,2026-05-02T01:14:05.781Z,"Pectoralis Major Clavicular Head,Triceps Brachii","Deltoid Anterior,Pectoralis Major Sternal Head",
2026-05-02T00:25:33.613Z,GVS Ravage ,Week 3 - Day 2 - Torso A,Wide Pull Up,0,15,2,0,9,10,1,0,lb,0,lb,0,2026-05-02T01:02:57.489Z,Latissimus Dorsi,"Brachialis,Brachioradialis,Deltoid Posterior,Infraspinatus,Levator Scapulae,Serratus Anterior,Teres Major,Teres Minor,Trapezius Lower Fibers,Trapezius Middle Fibers",
2026-05-02T00:25:33.613Z,GVS Ravage ,Week 3 - Day 2 - Torso A,Wide Pull Up,0,15,2,0,9,10,1,0,lb,0,lb,0,2026-05-02T01:16:08.803Z,Latissimus Dorsi,"Brachialis,Brachioradialis,Deltoid Posterior,Infraspinatus,Levator Scapulae,Serratus Anterior,Teres Major,Teres Minor,Trapezius Lower Fibers,Trapezius Middle Fibers",
2026-05-02T00:25:33.613Z,GVS Ravage ,Week 3 - Day 2 - Torso A,Cable Crossover,1,5,3,0,,,0,12.5,lb,3,lb,0,2026-05-02T00:27:41.625Z,Pectoralis Major Sternal Head,"Deltoid Anterior,Latissimus Dorsi,Levator Scapulae,Pectoralis Major Clavicular Head",
2026-05-02T00:25:33.613Z,GVS Ravage ,Week 3 - Day 2 - Torso A,Cable Crossover,1,3,2,0,,,0,12.5,lb,20,lb,0,2026-05-02T01:17:46.251Z,Pectoralis Major Sternal Head,"Deltoid Anterior,Latissimus Dorsi,Levator Scapulae,Pectoralis Major Clavicular Head",
2026-05-02T00:25:33.613Z,GVS Ravage ,Week 3 - Day 2 - Torso A,Cable Crossover,0,15,11,0,10,10,1,17.5,lb,20,lb,0,2026-05-02T01:20:02.182Z,Pectoralis Major Sternal Head,"Deltoid Anterior,Latissimus Dorsi,Levator Scapulae,Pectoralis Major Clavicular Head",
2026-05-02T00:25:33.613Z,GVS Ravage ,Week 3 - Day 2 - Torso A,Cable Crossover,0,15,10,0,10,10,1,20,lb,20,lb,0,2026-05-02T01:26:21.616Z,Pectoralis Major Sternal Head,"Deltoid Anterior,Latissimus Dorsi,Levator Scapulae,Pectoralis Major Clavicular Head",
2026-05-02T00:25:33.613Z,GVS Ravage ,Week 3 - Day 2 - Torso A,Bent Over One Arm Row,0,15,7,0,10,10,1,37.5,lb,55,lb,0,2026-05-02T01:22:12.737Z,"Latissimus Dorsi,Trapezius Lower Fibers,Trapezius Middle Fibers","Infraspinatus,Teres Major,Teres Minor,Brachialis,Brachioradialis,Deltoid Posterior,Pectoralis Major Sternal Head",
2026-05-02T00:25:33.613Z,GVS Ravage ,Week 3 - Day 2 - Torso A,Bent Over One Arm Row,0,15,9,0,10,10,1,37.5,lb,55,lb,0,2026-05-02T01:28:20.916Z,"Latissimus Dorsi,Trapezius Lower Fibers,Trapezius Middle Fibers","Infraspinatus,Teres Major,Teres Minor,Brachialis,Brachioradialis,Deltoid Posterior,Pectoralis Major Sternal Head",
2026-05-02T00:25:33.613Z,GVS Ravage ,Week 3 - Day 2 - Torso A,"Pullover, Cable",0,20,20,0,10,6.5,1,22.5,lb,32.5,lb,0,2026-05-02T01:33:01.673Z,Latissimus Dorsi,"Deltoid Posterior,Levator Scapulae,Pectoralis Major Sternal Head,Serratus Anterior,Teres Major,Trapezius Middle Fibers,Triceps Brachii",
2026-05-02T00:25:33.613Z,GVS Ravage ,Week 3 - Day 2 - Torso A,"Pullover, Cable",0,20,11,0,10,10,1,27.5,lb,32.5,lb,0,2026-05-02T01:35:46.603Z,Latissimus Dorsi,"Deltoid Posterior,Levator Scapulae,Pectoralis Major Sternal Head,Serratus Anterior,Teres Major,Trapezius Middle Fibers,Triceps Brachii",
2026-05-01T00:39:44.260Z,GVS Ravage ,Week 3 - Day 1 - Legs A,"Hack Squat, Smith Machine",1,5,5,0,,,0,62.5,lb,55,lb,0,2026-05-01T00:40:58.011Z,Quadriceps,"Adductor Magnus,Gluteus Maximus,Soleus",
2026-05-01T00:39:44.260Z,GVS Ravage ,Week 3 - Day 1 - Legs A,"Hack Squat, Smith Machine",1,5,3,0,,,0,55,lb,85,lb,0,2026-05-01T00:48:30.305Z,Quadriceps,"Adductor Magnus,Gluteus Maximus,Soleus",
2026-05-01T00:39:44.260Z,GVS Ravage ,Week 3 - Day 1 - Legs A,"Hack Squat, Smith Machine",1,3,2,0,,,0,85,lb,115,lb,0,2026-05-01T00:49:03.152Z,Quadriceps,"Adductor Magnus,Gluteus Maximus,Soleus",
2026-05-01T00:39:44.260Z,GVS Ravage ,Week 3 - Day 1 - Legs A,"Hack Squat, Smith Machine",0,10,10,0,9,8,1,80,lb,115,lb,0,2026-05-01T00:53:12.695Z,Quadriceps,"Adductor Magnus,Gluteus Maximus,Soleus",
2026-05-01T00:39:44.260Z,GVS Ravage ,Week 3 - Day 1 - Legs A,"Hack Squat, Smith Machine",0,15,13,0,8,8,1,57.5,lb,85,lb,0,2026-05-01T01:00:03.846Z,Quadriceps,"Adductor Magnus,Gluteus Maximus,Soleus",
2026-05-01T00:39:44.260Z,GVS Ravage ,Week 3 - Day 1 - Legs A,"Hack Squat, Smith Machine",0,15,13,0,8,8,1,57.5,lb,85,lb,0,2026-05-01T01:08:50.876Z,Quadriceps,"Adductor Magnus,Gluteus Maximus,Soleus",
2026-05-01T00:39:44.260Z,GVS Ravage ,Week 3 - Day 1 - Legs A,"Stiff Leg Deadlift, Dumbbell",1,,2,0,,,0,,,65,lb,0,2026-05-01T01:10:57.337Z,Erector Spinae,"Adductor Magnus,Gluteus Maximus,Hamstrings",
2026-05-01T00:39:44.260Z,GVS Ravage ,Week 3 - Day 1 - Legs A,"Stiff Leg Deadlift, Dumbbell",1,2,2,0,,,0,65,lb,65,lb,0,2026-05-01T01:10:57.337Z,Erector Spinae,"Adductor Magnus,Gluteus Maximus,Hamstrings",
2026-05-01T00:39:44.260Z,GVS Ravage ,Week 3 - Day 1 - Legs A,"Stiff Leg Deadlift, Dumbbell",0,15,12,1,9,10,1,65,lb,50,lb,0,2026-05-01T01:14:10.561Z,Erector Spinae,"Adductor Magnus,Gluteus Maximus,Hamstrings",
2026-05-01T00:39:44.260Z,GVS Ravage ,Week 3 - Day 1 - Legs A,"Stiff Leg Deadlift, Dumbbell",0,15,7,0,9,10,1,65,lb,50,lb,0,2026-05-01T01:22:17.268Z,Erector Spinae,"Adductor Magnus,Gluteus Maximus,Hamstrings",
2026-05-01T00:39:44.260Z,GVS Ravage ,Week 3 - Day 1 - Legs A,Walking Lunge,0,30,20,0,9,10,1,15,lb,15,lb,0,2026-05-01T01:27:01.830Z,Quadriceps,"Gastrocnemius,Gluteus Maximus,Hamstrings,Soleus",
2026-05-01T00:39:44.260Z,GVS Ravage ,Week 3 - Day 1 - Legs A,Walking Lunge,0,30,8,0,9,10,1,15,lb,15,lb,0,2026-05-01T01:32:24.866Z,Quadriceps,"Gastrocnemius,Gluteus Maximus,Hamstrings,Soleus",
2026-05-01T00:39:44.260Z,GVS Ravage ,Week 3 - Day 1 - Legs A,Lying Leg Curl,0,12,12,0,10,10,1,40,lb,82.5,lb,0,2026-05-01T01:34:36.000Z,Hamstrings,"Gastrocnemius,Sartorius",
2026-05-01T00:39:44.260Z,GVS Ravage ,Week 3 - Day 1 - Legs A,Lying Leg Curl,0,12,11,0,10,10,1,40,lb,82.5,lb,0,2026-05-01T01:43:35.227Z,Hamstrings,"Gastrocnemius,Sartorius",
2026-04-28T00:58:18.038Z,GVS Ravage ,Week 2 - Day 6 - Bro Day B,Hammer Curl,1,5,2,0,,,0,10,lb,25,lb,0,2026-04-28T00:59:57.441Z,Brachioradialis,"Biceps Brachii,Brachialis",
2026-04-28T00:58:18.038Z,GVS Ravage ,Week 2 - Day 6 - Bro Day B,Hammer Curl,0,20,13,0,10,10,1,12.5,lb,25,lb,0,2026-04-28T01:03:54.021Z,Brachioradialis,"Biceps Brachii,Brachialis",
2026-04-28T00:58:18.038Z,GVS Ravage ,Week 2 - Day 6 - Bro Day B,Hammer Curl,0,20,8,0,10,9.5,1,12.5,lb,25,lb,0,2026-04-28T01:08:16.909Z,Brachioradialis,"Biceps Brachii,Brachialis",
2026-04-28T00:58:18.038Z,GVS Ravage ,Week 2 - Day 6 - Bro Day B,"Triceps Extension, Cable",1,,2,0,,,0,,,45,lb,0,2026-04-28T01:00:47.000Z,Triceps Brachii,,
2026-04-28T00:58:18.038Z,GVS Ravage ,Week 2 - Day 6 - Bro Day B,"Triceps Extension, Cable",0,15,11,0,10,10,1,10,lb,45,lb,0,2026-04-28T01:05:34.974Z,Triceps Brachii,,
2026-04-28T00:58:18.038Z,GVS Ravage ,Week 2 - Day 6 - Bro Day B,"Triceps Extension, Cable",0,15,8,0,10,10,1,10,lb,45,lb,0,2026-04-28T01:10:13.457Z,Triceps Brachii,,
2026-04-28T00:58:18.038Z,GVS Ravage ,Week 2 - Day 6 - Bro Day B,Bicep Curl,0,12,9,0,10,10,1,12.5,lb,25,lb,0,2026-04-28T01:13:45.423Z,Biceps Brachii,"Brachialis,Brachioradialis",
2026-04-28T00:58:18.038Z,GVS Ravage ,Week 2 - Day 6 - Bro Day B,Bicep Curl,0,12,7,0,10,10,1,12.5,lb,25,lb,0,2026-04-28T01:19:07.865Z,Biceps Brachii,"Brachialis,Brachioradialis",
2026-04-28T00:58:18.038Z,GVS Ravage ,Week 2 - Day 6 - Bro Day B,Triceps Pushdown,0,15,10,0,10,10,1,22.5,lb,57.5,lb,0,2026-04-28T01:15:27.814Z,Triceps Brachii,,
2026-04-28T00:58:18.038Z,GVS Ravage ,Week 2 - Day 6 - Bro Day B,Triceps Pushdown,0,15,11,0,10,10,1,22.5,lb,57.5,lb,0,2026-04-28T01:20:31.278Z,Triceps Brachii,,
2026-04-28T00:58:18.038Z,GVS Ravage ,Week 2 - Day 6 - Bro Day B,Lateral Raise,1,,2,0,,,0,,,25,lb,0,2026-04-28T01:21:12.518Z,Deltoid Lateral,"Deltoid Anterior,Serratus Anterior,Trapezius Lower Fibers,Trapezius Middle Fibers",
2026-04-28T00:58:18.038Z,GVS Ravage ,Week 2 - Day 6 - Bro Day B,Lateral Raise,0,20,9,0,10,10,1,10,lb,25,lb,0,2026-04-28T01:23:49.011Z,Deltoid Lateral,"Deltoid Anterior,Serratus Anterior,Trapezius Lower Fibers,Trapezius Middle Fibers",
2026-04-28T00:58:18.038Z,GVS Ravage ,Week 2 - Day 6 - Bro Day B,Lateral Raise,0,20,12,0,10,10,1,10,lb,25,lb,0,2026-04-28T01:26:28.697Z,Deltoid Lateral,"Deltoid Anterior,Serratus Anterior,Trapezius Lower Fibers,Trapezius Middle Fibers",
2026-04-28T00:58:18.038Z,GVS Ravage ,Week 2 - Day 6 - Bro Day B,Lu Lateral Raise,0,15,6,0,10,10,1,10,lb,10,lb,0,2026-04-28T01:40:47.104Z,Deltoid Lateral,"Deltoid Anterior,Deltoid Posterior,Serratus Anterior,Trapezius Middle Fibers,Trapezius Lower Fibers",
2026-04-28T00:58:18.038Z,GVS Ravage ,Week 2 - Day 6 - Bro Day B,Lu Lateral Raise,0,15,11,0,10,10,1,10,lb,10,lb,0,2026-04-28T01:46:26.779Z,Deltoid Lateral,"Deltoid Anterior,Deltoid Posterior,Serratus Anterior,Trapezius Middle Fibers,Trapezius Lower Fibers",
2026-04-28T00:58:18.038Z,GVS Ravage ,Week 2 - Day 6 - Bro Day B,Standing Row Rear Delt With Rope,0,20,11,0,10,10,1,12.5,lb,12.5,lb,0,2026-04-28T01:31:31.564Z,Deltoid Posterior,"Brachialis,Brachioradialis,Deltoid Lateral,Infraspinatus,Teres Minor,Trapezius Lower Fibers,Trapezius Middle Fibers",
2026-04-28T00:58:18.038Z,GVS Ravage ,Week 2 - Day 6 - Bro Day B,Standing Row Rear Delt With Rope,0,20,10,0,10,10,1,12.5,lb,12.5,lb,0,2026-04-28T01:33:52.017Z,Deltoid Posterior,"Brachialis,Brachioradialis,Deltoid Lateral,Infraspinatus,Teres Minor,Trapezius Lower Fibers,Trapezius Middle Fibers",
2026-04-28T00:58:18.038Z,GVS Ravage ,Week 2 - Day 6 - Bro Day B,Neck Flexion,0,20,20,0,10,6.5,1,5,lb,2.5,lb,0,2026-04-28T01:37:06.442Z,Sternocleidomastoid,,
2026-04-28T00:58:18.038Z,GVS Ravage ,Week 2 - Day 6 - Bro Day B,"Wrist Curl, Dumbbell",0,20,16,0,10,10,1,15,lb,20,lb,0,2026-04-28T01:39:10.747Z,Wrist Flexors,,
2026-04-27T00:36:46.004Z,GVS Ravage ,Week 2 - Day 5 - Torso B,"Bench Press, Dumbbell",1,5,2,0,,,0,70,lb,60,lb,0,2026-04-27T00:39:18.235Z,Pectoralis Major Sternal Head,"Deltoid Anterior,Pectoralis Major Clavicular Head,Triceps Brachii",
2026-04-27T00:36:46.004Z,GVS Ravage ,Week 2 - Day 5 - Torso B,"Bench Press, Dumbbell",0,12,9,0,9,9,1,87.5,lb,60,lb,0,2026-04-27T00:44:25.181Z,Pectoralis Major Sternal Head,"Deltoid Anterior,Pectoralis Major Clavicular Head,Triceps Brachii",
2026-04-27T00:36:46.004Z,GVS Ravage ,Week 2 - Day 5 - Torso B,"Bench Press, Dumbbell",0,12,8,0,9,9,1,87.5,lb,60,lb,0,2026-04-27T00:53:17.867Z,Pectoralis Major Sternal Head,"Deltoid Anterior,Pectoralis Major Clavicular Head,Triceps Brachii",
2026-04-27T00:36:46.004Z,GVS Ravage ,Week 2 - Day 5 - Torso B,Neutral Grip Pull-Up,1,,1,0,,,0,,,0,lb,0,2026-04-27T00:40:12.223Z,Latissimus Dorsi,"Biceps Brachii,Brachialis,Brachioradialis,Trapezius Middle Fibers,Trapezius Lower Fibers,Teres Major,Deltoid Posterior",
2026-04-27T00:36:46.004Z,GVS Ravage ,Week 2 - Day 5 - Torso B,Neutral Grip Pull-Up,0,15,4,0,10,10,1,0,lb,0,lb,0,2026-04-27T00:46:48.941Z,Latissimus Dorsi,"Biceps Brachii,Brachialis,Brachioradialis,Trapezius Middle Fibers,Trapezius Lower Fibers,Teres Major,Deltoid Posterior",
2026-04-27T00:36:46.004Z,GVS Ravage ,Week 2 - Day 5 - Torso B,Neutral Grip Pull-Up,0,15,3,0,10,10,1,0,lb,0,lb,0,2026-04-27T00:54:07.969Z,Latissimus Dorsi,"Biceps Brachii,Brachialis,Brachioradialis,Trapezius Middle Fibers,Trapezius Lower Fibers,Teres Major,Deltoid Posterior",
2026-04-27T00:36:46.004Z,GVS Ravage ,Week 2 - Day 5 - Torso B,"Chest Press, Leverage Machine",0,12,9,0,9,10,1,18.75,lb,135,lb,0,2026-04-27T00:58:18.457Z,Pectoralis Major Sternal Head,"Deltoid Anterior,Pectoralis Major Clavicular Head,Triceps Brachii",
2026-04-27T00:36:46.004Z,GVS Ravage ,Week 2 - Day 5 - Torso B,"Chest Press, Leverage Machine",0,12,11,0,9,10,1,18.75,lb,135,lb,0,2026-04-27T01:07:56.324Z,Pectoralis Major Sternal Head,"Deltoid Anterior,Pectoralis Major Clavicular Head,Triceps Brachii",
2026-04-27T00:36:46.004Z,GVS Ravage ,Week 2 - Day 5 - Torso B,Helms Row,0,20,12,0,10,10,1,45,lb,45,lb,0,2026-04-27T01:00:06.207Z,"Latissimus Dorsi,Trapezius Middle Fibers","Deltoid Posterior,Biceps Brachii,Brachialis,Brachioradialis",
2026-04-27T00:36:46.004Z,GVS Ravage ,Week 2 - Day 5 - Torso B,Helms Row,0,20,15,0,10,10,1,45,lb,45,lb,0,2026-04-27T01:09:33.835Z,"Latissimus Dorsi,Trapezius Middle Fibers","Deltoid Posterior,Biceps Brachii,Brachialis,Brachioradialis",
2026-04-27T00:36:46.004Z,GVS Ravage ,Week 2 - Day 5 - Torso B,Shoulder Press,1,,2,0,,,0,,,45,lb,0,2026-04-27T01:12:59.239Z,Deltoid Anterior,"Deltoid Lateral,Pectoralis Major Clavicular Head,Serratus Anterior,Trapezius Lower Fibers,Trapezius Middle Fibers,Triceps Brachii",
2026-04-27T00:36:46.004Z,GVS Ravage ,Week 2 - Day 5 - Torso B,Shoulder Press,0,12,8,0,9,9.5,1,22.5,lb,45,lb,0,2026-04-27T01:19:47.584Z,Deltoid Anterior,"Deltoid Lateral,Pectoralis Major Clavicular Head,Serratus Anterior,Trapezius Lower Fibers,Trapezius Middle Fibers,Triceps Brachii",
2026-04-27T00:36:46.004Z,GVS Ravage ,Week 2 - Day 5 - Torso B,Shoulder Press,0,12,10,0,9,10,1,22.5,lb,45,lb,0,2026-04-27T01:28:41.421Z,Deltoid Anterior,"Deltoid Lateral,Pectoralis Major Clavicular Head,Serratus Anterior,Trapezius Lower Fibers,Trapezius Middle Fibers,Triceps Brachii",
2026-04-27T00:36:46.004Z,GVS Ravage ,Week 2 - Day 5 - Torso B,Seated Row,1,,2,0,,,0,,,82.5,lb,0,2026-04-27T01:13:04.540Z,"Latissimus Dorsi,Trapezius Lower Fibers,Trapezius Middle Fibers","Brachialis,Brachioradialis,Deltoid Posterior,Erector Spinae,Infraspinatus,Pectoralis Major Sternal Head,Teres Major,Teres Minor",
2026-04-27T00:36:46.004Z,GVS Ravage ,Week 2 - Day 5 - Torso B,Seated Row,0,20,15,0,10,10,1,77.5,lb,82.5,lb,0,2026-04-27T01:20:58.663Z,"Latissimus Dorsi,Trapezius Lower Fibers,Trapezius Middle Fibers","Brachialis,Brachioradialis,Deltoid Posterior,Erector Spinae,Infraspinatus,Pectoralis Major Sternal Head,Teres Major,Teres Minor",
2026-04-27T00:36:46.004Z,GVS Ravage ,Week 2 - Day 5 - Torso B,Seated Row,0,20,20,0,10,6.5,1,80,lb,82.5,lb,0,2026-04-27T01:31:56.528Z,"Latissimus Dorsi,Trapezius Lower Fibers,Trapezius Middle Fibers","Brachialis,Brachioradialis,Deltoid Posterior,Erector Spinae,Infraspinatus,Pectoralis Major Sternal Head,Teres Major,Teres Minor",
2026-04-26T01:58:30.538Z,GVS Ravage ,Week 2 - Day 4 - Legs B,"Squat, Smith Machine",1,5,10,0,,,0,80,lb,35,lb,0,2026-04-26T02:04:41.546Z,Quadriceps,"Adductor Magnus,Gluteus Maximus,Soleus",
2026-04-26T01:58:30.538Z,GVS Ravage ,Week 2 - Day 4 - Legs B,"Squat, Smith Machine",1,5,2,0,,,0,125,lb,125,lb,0,2026-04-26T02:07:00.189Z,Quadriceps,"Adductor Magnus,Gluteus Maximus,Soleus",
2026-04-26T01:58:30.538Z,GVS Ravage ,Week 2 - Day 4 - Legs B,"Squat, Smith Machine",0,8,8,0,9,9,1,102.5,lb,125,lb,0,2026-04-26T02:13:37.528Z,Quadriceps,"Adductor Magnus,Gluteus Maximus,Soleus",
2026-04-26T01:58:30.538Z,GVS Ravage ,Week 2 - Day 4 - Legs B,"Squat, Smith Machine",0,8,8,0,9,9,1,102.5,lb,125,lb,0,2026-04-26T02:19:00.653Z,Quadriceps,"Adductor Magnus,Gluteus Maximus,Soleus",
2026-04-26T01:58:30.538Z,GVS Ravage ,Week 2 - Day 4 - Legs B,Romanian Deadlift,1,5,2,0,,,0,20,lb,60,lb,0,2026-04-26T02:22:21.867Z,Gluteus Maximus,"Adductor Magnus,Erector Spinae,Hamstrings",
2026-04-26T01:58:30.538Z,GVS Ravage ,Week 2 - Day 4 - Legs B,Romanian Deadlift,0,12,9,0,9,9.5,1,25,lb,60,lb,0,2026-04-26T02:26:05.949Z,Gluteus Maximus,"Adductor Magnus,Erector Spinae,Hamstrings",
2026-04-26T01:58:30.538Z,GVS Ravage ,Week 2 - Day 4 - Legs B,Romanian Deadlift,0,12,8,0,9,10,1,25,lb,60,lb,0,2026-04-26T02:30:28.005Z,Gluteus Maximus,"Adductor Magnus,Erector Spinae,Hamstrings",
2026-04-26T01:58:30.538Z,GVS Ravage ,Week 2 - Day 4 - Legs B,Glute Bridge,0,20,18,0,10,10,1,17.5,lb,65,lb,0,2026-04-26T02:38:20.200Z,Gluteus Maximus,Quadriceps,
2026-04-26T01:58:30.538Z,GVS Ravage ,Week 2 - Day 4 - Legs B,Glute Bridge,0,20,18,0,10,10,1,17.5,lb,65,lb,0,2026-04-26T02:44:40.168Z,Gluteus Maximus,Quadriceps,
2026-04-26T01:58:30.538Z,GVS Ravage ,Week 2 - Day 4 - Legs B,Lying Leg Curl,0,15,11,0,10,10,1,35,lb,82.5,lb,0,2026-04-26T02:54:38.281Z,Hamstrings,"Gastrocnemius,Sartorius",
2026-04-26T01:58:30.538Z,GVS Ravage ,Week 2 - Day 4 - Legs B,Lying Leg Curl,0,15,7,0,10,10,1,35,lb,82.5,lb,0,2026-04-26T02:57:22.326Z,Hamstrings,"Gastrocnemius,Sartorius",
2026-04-26T01:58:30.538Z,GVS Ravage ,Week 2 - Day 4 - Legs B,Leg Extension,0,20,15,0,10,10,1,30,lb,75,lb,0,2026-04-26T03:00:09.950Z,Quadriceps,,
2026-04-26T01:58:30.538Z,GVS Ravage ,Week 2 - Day 4 - Legs B,Leg Extension,0,20,13,0,10,10,1,30,lb,75,lb,0,2026-04-26T03:06:11.796Z,Quadriceps,,
2026-04-24T01:30:44.841Z,GVS Ravage ,Week 2 - Day 3 - Bro Day A,Hammer Curl,1,5,2,0,,,0,10,lb,25,lb,0,2026-04-24T01:31:57.729Z,Brachioradialis,"Biceps Brachii,Brachialis",
2026-04-24T01:30:44.841Z,GVS Ravage ,Week 2 - Day 3 - Bro Day A,Hammer Curl,0,20,14,0,10,10,1,12.5,lb,25,lb,0,2026-04-24T01:35:23.800Z,Brachioradialis,"Biceps Brachii,Brachialis",
2026-04-24T01:30:44.841Z,GVS Ravage ,Week 2 - Day 3 - Bro Day A,Hammer Curl,0,20,12,0,10,10,1,12.5,lb,25,lb,0,2026-04-24T01:47:14.802Z,Brachioradialis,"Biceps Brachii,Brachialis",
2026-04-24T01:30:44.841Z,GVS Ravage ,Week 2 - Day 3 - Bro Day A,"Triceps Extension, Cable",1,,2,0,,,0,,,45,lb,0,2026-04-24T01:38:38.507Z,Triceps Brachii,,
2026-04-24T01:30:44.841Z,GVS Ravage ,Week 2 - Day 3 - Bro Day A,"Triceps Extension, Cable",0,15,12,0,10,10,1,10,lb,45,lb,0,2026-04-24T01:40:57.729Z,Triceps Brachii,,
2026-04-24T01:30:44.841Z,GVS Ravage ,Week 2 - Day 3 - Bro Day A,"Triceps Extension, Cable",0,15,11,0,10,10,1,10,lb,45,lb,0,2026-04-24T01:48:49.343Z,Triceps Brachii,,
2026-04-24T01:30:44.841Z,GVS Ravage ,Week 2 - Day 3 - Bro Day A,Incline Curl,0,10,5,0,10,10,1,12.5,lb,25,lb,0,2026-04-24T01:52:38.639Z,Biceps Brachii,"Brachialis,Brachioradialis",
2026-04-24T01:30:44.841Z,GVS Ravage ,Week 2 - Day 3 - Bro Day A,Incline Curl,0,10,7,0,10,10,1,12.5,lb,25,lb,0,2026-04-24T02:01:10.120Z,Biceps Brachii,"Brachialis,Brachioradialis",
2026-04-24T01:30:44.841Z,GVS Ravage ,Week 2 - Day 3 - Bro Day A,Triceps Pushdown,0,15,8,0,10,10,1,22.5,lb,57.5,lb,0,2026-04-24T01:53:36.786Z,Triceps Brachii,,
2026-04-24T01:30:44.841Z,GVS Ravage ,Week 2 - Day 3 - Bro Day A,Triceps Pushdown,0,15,9,0,10,10,1,22.5,lb,57.5,lb,0,2026-04-24T02:02:57.951Z,Triceps Brachii,,
2026-04-24T01:30:44.841Z,GVS Ravage ,Week 2 - Day 3 - Bro Day A,Lateral Raise,1,,2,0,,,0,,,25,lb,0,2026-04-24T01:36:04.116Z,Deltoid Lateral,"Deltoid Anterior,Serratus Anterior,Trapezius Lower Fibers,Trapezius Middle Fibers","RPE 10+ - failure + partials, slightly cheat up once needed but always control lowering. Slight lean forward with dumbbells in hammer hold. Push out don’t lift the weight"
2026-04-24T01:30:44.841Z,GVS Ravage ,Week 2 - Day 3 - Bro Day A,Lateral Raise,0,15,12,0,10,10,1,10,lb,25,lb,0,2026-04-24T02:04:58.214Z,Deltoid Lateral,"Deltoid Anterior,Serratus Anterior,Trapezius Lower Fibers,Trapezius Middle Fibers","RPE 10+ - failure + partials, slightly cheat up once needed but always control lowering. Slight lean forward with dumbbells in hammer hold. Push out don’t lift the weight"
2026-04-24T01:30:44.841Z,GVS Ravage ,Week 2 - Day 3 - Bro Day A,Lateral Raise,0,15,13,0,10,10,1,10,lb,25,lb,0,2026-04-24T02:06:51.772Z,Deltoid Lateral,"Deltoid Anterior,Serratus Anterior,Trapezius Lower Fibers,Trapezius Middle Fibers","RPE 10+ - failure + partials, slightly cheat up once needed but always control lowering. Slight lean forward with dumbbells in hammer hold. Push out don’t lift the weight"
2026-04-24T01:30:44.841Z,GVS Ravage ,Week 2 - Day 3 - Bro Day A,Upright Row,0,20,13,0,10,10,1,10,lb,25,lb,0,2026-04-24T02:08:43.400Z,Deltoid Lateral,"Biceps Brachii,Brachialis,Brachioradialis,Deltoid Anterior,Infraspinatus,Serratus Anterior,Teres Minor,Trapezius Lower Fibers,Trapezius Middle Fibers",
2026-04-24T01:30:44.841Z,GVS Ravage ,Week 2 - Day 3 - Bro Day A,Upright Row,0,20,10,0,10,10,1,10,lb,25,lb,0,2026-04-24T02:11:51.341Z,Deltoid Lateral,"Biceps Brachii,Brachialis,Brachioradialis,Deltoid Anterior,Infraspinatus,Serratus Anterior,Teres Minor,Trapezius Lower Fibers,Trapezius Middle Fibers",
2026-04-22T14:23:04.450Z,GVS Ravage ,Week 2 - Day 2 - Torso A,Smith Machine Close Grip Larsen Press,1,5,2,0,,,0,95,lb,135,lb,0,2026-04-22T14:27:39.875Z,"Triceps Brachii,Pectoralis Major Sternal Head","Pectoralis Major Clavicular Head,Deltoid Anterior,Serratus Anterior",
2026-04-22T14:23:04.450Z,GVS Ravage ,Week 2 - Day 2 - Torso A,Smith Machine Close Grip Larsen Press,0,8,8,0,8,7,1,120,lb,135,lb,0,2026-04-22T14:30:55.738Z,"Triceps Brachii,Pectoralis Major Sternal Head","Pectoralis Major Clavicular Head,Deltoid Anterior,Serratus Anterior",
2026-04-22T14:23:04.450Z,GVS Ravage ,Week 2 - Day 2 - Torso A,Smith Machine Close Grip Larsen Press,0,8,7,0,8,9,1,130,lb,145,lb,0,2026-04-22T14:35:13.715Z,"Triceps Brachii,Pectoralis Major Sternal Head","Pectoralis Major Clavicular Head,Deltoid Anterior,Serratus Anterior",
2026-04-22T14:23:04.450Z,GVS Ravage ,Week 2 - Day 2 - Torso A,Smith Machine Close Grip Larsen Press,0,8,4,0,8,9,1,130,lb,145,lb,0,2026-04-22T14:39:50.758Z,"Triceps Brachii,Pectoralis Major Sternal Head","Pectoralis Major Clavicular Head,Deltoid Anterior,Serratus Anterior",
2026-04-22T14:23:04.450Z,GVS Ravage ,Week 2 - Day 2 - Torso A,Neutral Grip Pull-Up,1,5,1,0,,,0,80,lb,0,lb,0,2026-04-22T14:33:49.675Z,Latissimus Dorsi,"Biceps Brachii,Brachialis,Brachioradialis,Trapezius Middle Fibers,Trapezius Lower Fibers,Teres Major,Deltoid Posterior",
2026-04-22T14:23:04.450Z,GVS Ravage ,Week 2 - Day 2 - Torso A,Neutral Grip Pull-Up,0,15,4,1,9,10,1,100,lb,0,lb,0,2026-04-22T14:32:06.345Z,Latissimus Dorsi,"Biceps Brachii,Brachialis,Brachioradialis,Trapezius Middle Fibers,Trapezius Lower Fibers,Teres Major,Deltoid Posterior",
2026-04-22T14:23:04.450Z,GVS Ravage ,Week 2 - Day 2 - Torso A,Neutral Grip Pull-Up,0,15,2,1,9,10,1,100,lb,0,lb,0,2026-04-22T14:36:37.309Z,Latissimus Dorsi,"Biceps Brachii,Brachialis,Brachioradialis,Trapezius Middle Fibers,Trapezius Lower Fibers,Teres Major,Deltoid Posterior",
2026-04-22T14:23:04.450Z,GVS Ravage ,Week 2 - Day 2 - Torso A,Neutral Grip Pull-Up,0,15,2,1,9,10,1,100,lb,0,lb,0,2026-04-22T14:40:51.953Z,Latissimus Dorsi,"Biceps Brachii,Brachialis,Brachioradialis,Trapezius Middle Fibers,Trapezius Lower Fibers,Teres Major,Deltoid Posterior",
2026-04-22T14:23:04.450Z,GVS Ravage ,Week 2 - Day 2 - Torso A,Smith Reverse Grip Bench,0,12,8,0,9,9,1,90,lb,95,lb,0,2026-04-22T14:43:51.154Z,"Pectoralis Major Clavicular Head,Triceps Brachii","Deltoid Anterior,Pectoralis Major Sternal Head",
2026-04-22T14:23:04.450Z,GVS Ravage ,Week 2 - Day 2 - Torso A,Smith Reverse Grip Bench,0,12,8,0,9,9,1,90,lb,95,lb,0,2026-04-22T14:47:45.781Z,"Pectoralis Major Clavicular Head,Triceps Brachii","Deltoid Anterior,Pectoralis Major Sternal Head",
2026-04-22T14:23:04.450Z,GVS Ravage ,Week 2 - Day 2 - Torso A,Wide Pull Up,0,15,2,0,9,10,1,0,lb,0,lb,0,2026-04-22T14:44:38.562Z,Latissimus Dorsi,"Brachialis,Brachioradialis,Deltoid Posterior,Infraspinatus,Levator Scapulae,Serratus Anterior,Teres Major,Teres Minor,Trapezius Lower Fibers,Trapezius Middle Fibers",
2026-04-22T14:23:04.450Z,GVS Ravage ,Week 2 - Day 2 - Torso A,Wide Pull Up,0,15,1,0,9,10,1,0,lb,0,lb,0,2026-04-22T14:49:14.000Z,Latissimus Dorsi,"Brachialis,Brachioradialis,Deltoid Posterior,Infraspinatus,Levator Scapulae,Serratus Anterior,Teres Major,Teres Minor,Trapezius Lower Fibers,Trapezius Middle Fibers",
2026-04-22T14:23:04.450Z,GVS Ravage ,Week 2 - Day 2 - Torso A,Cable Crossover,0,15,11,0,10,10,1,17.5,lb,20,lb,0,2026-04-22T14:52:03.926Z,Pectoralis Major Sternal Head,"Deltoid Anterior,Latissimus Dorsi,Levator Scapulae,Pectoralis Major Clavicular Head",
2026-04-22T14:23:04.450Z,GVS Ravage ,Week 2 - Day 2 - Torso A,Cable Crossover,0,15,9,0,10,10,1,20,lb,20,lb,0,2026-04-22T14:58:24.063Z,Pectoralis Major Sternal Head,"Deltoid Anterior,Latissimus Dorsi,Levator Scapulae,Pectoralis Major Clavicular Head",
2026-04-22T14:23:04.450Z,GVS Ravage ,Week 2 - Day 2 - Torso A,Bent Over One Arm Row,0,15,15,0,10,10,1,37.5,lb,50,lb,0,2026-04-22T14:54:30.685Z,"Latissimus Dorsi,Trapezius Lower Fibers,Trapezius Middle Fibers","Infraspinatus,Teres Major,Teres Minor,Brachialis,Brachioradialis,Deltoid Posterior,Pectoralis Major Sternal Head",
2026-04-22T14:23:04.450Z,GVS Ravage ,Week 2 - Day 2 - Torso A,Bent Over One Arm Row,0,15,5,0,10,10,1,37.5,lb,50,lb,0,2026-04-22T14:59:38.499Z,"Latissimus Dorsi,Trapezius Lower Fibers,Trapezius Middle Fibers","Infraspinatus,Teres Major,Teres Minor,Brachialis,Brachioradialis,Deltoid Posterior,Pectoralis Major Sternal Head",
2026-04-22T14:23:04.450Z,GVS Ravage ,Week 2 - Day 2 - Torso A,"Pullover, Cable",0,20,15,0,10,10,1,22.5,lb,32.5,lb,0,2026-04-22T15:02:19.655Z,Latissimus Dorsi,"Deltoid Posterior,Levator Scapulae,Pectoralis Major Sternal Head,Serratus Anterior,Teres Major,Trapezius Middle Fibers,Triceps Brachii",
2026-04-22T14:23:04.450Z,GVS Ravage ,Week 2 - Day 2 - Torso A,"Pullover, Cable",0,20,12,0,10,10,1,27.5,lb,32.5,lb,0,2026-04-22T15:04:34.650Z,Latissimus Dorsi,"Deltoid Posterior,Levator Scapulae,Pectoralis Major Sternal Head,Serratus Anterior,Teres Major,Trapezius Middle Fibers,Triceps Brachii",
2026-04-21T13:55:23.797Z,GVS Ravage ,Week 2 - Day 1 - Legs A,"Hack Squat, Smith Machine",1,,2,0,,,0,,,115,lb,0,2026-04-21T14:10:07.039Z,Quadriceps,"Adductor Magnus,Gluteus Maximus,Soleus",
2026-04-21T13:55:23.797Z,GVS Ravage ,Week 2 - Day 1 - Legs A,"Hack Squat, Smith Machine",0,10,5,0,9,8,1,80,lb,115,lb,0,2026-04-21T14:14:19.184Z,Quadriceps,"Adductor Magnus,Gluteus Maximus,Soleus",
2026-04-21T13:55:23.797Z,GVS Ravage ,Week 2 - Day 1 - Legs A,"Hack Squat, Smith Machine",0,15,6,0,8,8,1,57.5,lb,85,lb,0,2026-04-21T14:21:00.543Z,Quadriceps,"Adductor Magnus,Gluteus Maximus,Soleus",
2026-04-21T13:55:23.797Z,GVS Ravage ,Week 2 - Day 1 - Legs A,"Hack Squat, Smith Machine",0,15,11,0,8,8.5,1,57.5,lb,85,lb,0,2026-04-21T14:30:25.249Z,Quadriceps,"Adductor Magnus,Gluteus Maximus,Soleus",
2026-04-21T13:55:23.797Z,GVS Ravage ,Week 2 - Day 1 - Legs A,"Stiff Leg Deadlift, Dumbbell",0,15,11,1,9,10,1,65,lb,50,lb,0,2026-04-21T14:00:16.523Z,Erector Spinae,"Adductor Magnus,Gluteus Maximus,Hamstrings","RPE 9 - Controlled lowering, hamstring stretch at bottom, glute squeeze at top"
2026-04-21T13:55:23.797Z,GVS Ravage ,Week 2 - Day 1 - Legs A,"Stiff Leg Deadlift, Dumbbell",0,15,8,1,9,10,1,65,lb,50,lb,0,2026-04-21T14:05:59.787Z,Erector Spinae,"Adductor Magnus,Gluteus Maximus,Hamstrings","RPE 9 - Controlled lowering, hamstring stretch at bottom, glute squeeze at top"
2026-04-21T13:55:23.797Z,GVS Ravage ,Week 2 - Day 1 - Legs A,Walking Lunge,0,30,19,0,9,10,1,15,lb,15,lb,0,2026-04-21T14:37:12.333Z,Quadriceps,"Gastrocnemius,Gluteus Maximus,Hamstrings,Soleus",
2026-04-21T13:55:23.797Z,GVS Ravage ,Week 2 - Day 1 - Legs A,Walking Lunge,0,30,18,0,9,10,1,15,lb,15,lb,0,2026-04-21T14:44:59.867Z,Quadriceps,"Gastrocnemius,Gluteus Maximus,Hamstrings,Soleus",
2026-04-21T13:55:23.797Z,GVS Ravage ,Week 2 - Day 1 - Legs A,Lying Leg Curl,0,12,8,0,10,10,1,40,lb,82.5,lb,0,2026-04-21T14:47:56.242Z,Hamstrings,"Gastrocnemius,Sartorius",
2026-04-21T13:55:23.797Z,GVS Ravage ,Week 2 - Day 1 - Legs A,Lying Leg Curl,0,12,9,0,10,10,1,40,lb,82.5,lb,0,2026-04-21T14:50:39.830Z,Hamstrings,"Gastrocnemius,Sartorius",
2026-04-19T17:21:11.226Z,GVS Ravage ,Week 1 - Day 6 - Bro Day B,Hammer Curl,1,5,2,0,,,0,10,lb,30,lb,0,2026-04-19T17:31:52.617Z,Brachioradialis,"Biceps Brachii,Brachialis",
2026-04-19T17:21:11.226Z,GVS Ravage ,Week 1 - Day 6 - Bro Day B,Hammer Curl,0,20,8,0,10,10,1,12.5,lb,30,lb,0,2026-04-19T17:34:58.959Z,Brachioradialis,"Biceps Brachii,Brachialis",
2026-04-19T17:21:11.226Z,GVS Ravage ,Week 1 - Day 6 - Bro Day B,Hammer Curl,0,20,8,0,10,10,1,12.5,lb,30,lb,0,2026-04-19T17:43:35.337Z,Brachioradialis,"Biceps Brachii,Brachialis",
2026-04-19T17:21:11.226Z,GVS Ravage ,Week 1 - Day 6 - Bro Day B,"Triceps Extension, Cable",1,,2,0,,,0,,,45,lb,0,2026-04-19T17:31:50.782Z,Triceps Brachii,,
2026-04-19T17:21:11.226Z,GVS Ravage ,Week 1 - Day 6 - Bro Day B,"Triceps Extension, Cable",0,15,11,0,10,10,1,10,lb,45,lb,0,2026-04-19T17:36:14.800Z,Triceps Brachii,,
2026-04-19T17:21:11.226Z,GVS Ravage ,Week 1 - Day 6 - Bro Day B,"Triceps Extension, Cable",0,15,11,0,10,10,1,10,lb,45,lb,0,2026-04-19T17:45:00.715Z,Triceps Brachii,,
2026-04-19T17:21:11.226Z,GVS Ravage ,Week 1 - Day 6 - Bro Day B,"Bicep Curl, Cable",0,12,7,0,10,10,1,12.5,lb,40,lb,0,2026-04-19T18:08:49.159Z,Biceps Brachii,"Brachialis,Brachioradialis",
2026-04-19T17:21:11.226Z,GVS Ravage ,Week 1 - Day 6 - Bro Day B,"Bicep Curl, Cable",0,12,7,0,10,9.5,1,12.5,lb,40,lb,0,2026-04-19T18:13:45.385Z,Biceps Brachii,"Brachialis,Brachioradialis",
2026-04-19T17:21:11.226Z,GVS Ravage ,Week 1 - Day 6 - Bro Day B,Triceps Pushdown,0,15,15,0,10,9.5,1,22.5,lb,55,lb,0,2026-04-19T18:10:26.766Z,Triceps Brachii,,
2026-04-19T17:21:11.226Z,GVS Ravage ,Week 1 - Day 6 - Bro Day B,Triceps Pushdown,0,15,6,0,10,10,1,22.5,lb,57.5,lb,0,2026-04-19T18:18:12.830Z,Triceps Brachii,,
2026-04-19T17:21:11.226Z,GVS Ravage ,Week 1 - Day 6 - Bro Day B,"Lateral Raise, Cable",0,20,8,0,10,9.5,1,10,lb,7.5,lb,0,2026-04-19T18:17:30.212Z,Deltoid Lateral,"Deltoid Anterior,Serratus Anterior,Trapezius Lower Fibers,Trapezius Middle Fibers",Strict till Failure + partials
2026-04-19T17:21:11.226Z,GVS Ravage ,Week 1 - Day 6 - Bro Day B,"Lateral Raise, Cable",0,20,12,0,10,10,1,10,lb,17.5,lb,0,2026-04-19T18:22:24.478Z,Deltoid Lateral,"Deltoid Anterior,Serratus Anterior,Trapezius Lower Fibers,Trapezius Middle Fibers",Strict till Failure + partials
2026-04-19T17:21:11.226Z,GVS Ravage ,Week 1 - Day 6 - Bro Day B,Lu Lateral Raise,0,15,9,0,10,10,1,10,lb,10,lb,0,2026-04-19T17:49:46.730Z,Deltoid Lateral,"Deltoid Anterior,Deltoid Posterior,Serratus Anterior,Trapezius Middle Fibers,Trapezius Lower Fibers",
2026-04-19T17:21:11.226Z,GVS Ravage ,Week 1 - Day 6 - Bro Day B,Lu Lateral Raise,0,15,11,0,10,10,1,10,lb,10,lb,0,2026-04-19T17:56:46.554Z,Deltoid Lateral,"Deltoid Anterior,Deltoid Posterior,Serratus Anterior,Trapezius Middle Fibers,Trapezius Lower Fibers",
2026-04-19T17:21:11.226Z,GVS Ravage ,Week 1 - Day 6 - Bro Day B,Standing Row Rear Delt With Rope,0,20,13,0,10,10,1,12.5,lb,12.5,lb,0,2026-04-19T17:59:49.119Z,Deltoid Posterior,"Brachialis,Brachioradialis,Deltoid Lateral,Infraspinatus,Teres Minor,Trapezius Lower Fibers,Trapezius Middle Fibers",
2026-04-19T17:21:11.226Z,GVS Ravage ,Week 1 - Day 6 - Bro Day B,Standing Row Rear Delt With Rope,0,20,10,0,10,10,1,12.5,lb,12.5,lb,0,2026-04-19T18:02:10.788Z,Deltoid Posterior,"Brachialis,Brachioradialis,Deltoid Lateral,Infraspinatus,Teres Minor,Trapezius Lower Fibers,Trapezius Middle Fibers",
2026-04-19T17:21:11.226Z,GVS Ravage ,Week 1 - Day 6 - Bro Day B,Neck Flexion,0,20,4,0,10,10,1,5,lb,5,lb,0,2026-04-19T18:03:46.636Z,Sternocleidomastoid,,
2026-04-19T17:21:11.226Z,GVS Ravage ,Week 1 - Day 6 - Bro Day B,"Wrist Curl, Dumbbell",0,20,20,0,10,10,1,10,lb,15,lb,0,2026-04-19T18:05:25.739Z,Wrist Flexors,,
2026-04-18T23:23:22.018Z,GVS Ravage ,Week 1 - Day 5 - Torso B,"Bench Press, Dumbbell",1,5,2,0,,,0,70,lb,60,lb,0,2026-04-18T23:36:06.933Z,Pectoralis Major Sternal Head,"Deltoid Anterior,Pectoralis Major Clavicular Head,Triceps Brachii",RPE 9 - slight pause
2026-04-18T23:23:22.018Z,GVS Ravage ,Week 1 - Day 5 - Torso B,"Bench Press, Dumbbell",0,12,9,0,9,9,1,87.5,lb,60,lb,0,2026-04-18T23:40:13.224Z,Pectoralis Major Sternal Head,"Deltoid Anterior,Pectoralis Major Clavicular Head,Triceps Brachii",RPE 9 - slight pause
2026-04-18T23:23:22.018Z,GVS Ravage ,Week 1 - Day 5 - Torso B,"Bench Press, Dumbbell",0,12,8,0,9,9,1,87.5,lb,60,lb,0,2026-04-18T23:55:18.876Z,Pectoralis Major Sternal Head,"Deltoid Anterior,Pectoralis Major Clavicular Head,Triceps Brachii",RPE 9 - slight pause
2026-04-18T23:23:22.018Z,GVS Ravage ,Week 1 - Day 5 - Torso B,Neutral Grip Pull-Up,1,5,1,0,,,0,72.5,lb,0,lb,0,2026-04-18T23:36:13.431Z,Latissimus Dorsi,"Biceps Brachii,Brachialis,Brachioradialis,Trapezius Middle Fibers,Trapezius Lower Fibers,Teres Major,Deltoid Posterior",RPE 10
2026-04-18T23:23:22.018Z,GVS Ravage ,Week 1 - Day 5 - Torso B,Neutral Grip Pull-Up,0,15,2,0,10,10,1,0,lb,0,lb,0,2026-04-18T23:42:01.516Z,Latissimus Dorsi,"Biceps Brachii,Brachialis,Brachioradialis,Trapezius Middle Fibers,Trapezius Lower Fibers,Teres Major,Deltoid Posterior",RPE 10
2026-04-18T23:23:22.018Z,GVS Ravage ,Week 1 - Day 5 - Torso B,Neutral Grip Pull-Up,0,15,2,0,10,10,1,0,lb,0,lb,0,2026-04-18T23:57:00.442Z,Latissimus Dorsi,"Biceps Brachii,Brachialis,Brachioradialis,Trapezius Middle Fibers,Trapezius Lower Fibers,Teres Major,Deltoid Posterior",RPE 10
2026-04-18T23:23:22.018Z,GVS Ravage ,Week 1 - Day 5 - Torso B,"Chest Press, Leverage Machine",0,12,12,0,9,10,1,18.75,lb,127.5,lb,0,2026-04-18T23:59:59.557Z,Pectoralis Major Sternal Head,"Deltoid Anterior,Pectoralis Major Clavicular Head,Triceps Brachii",
2026-04-18T23:23:22.018Z,GVS Ravage ,Week 1 - Day 5 - Torso B,"Chest Press, Leverage Machine",0,12,13,0,9,10,1,18.75,lb,127.5,lb,0,2026-04-19T00:18:03.893Z,Pectoralis Major Sternal Head,"Deltoid Anterior,Pectoralis Major Clavicular Head,Triceps Brachii",
2026-04-18T23:23:22.018Z,GVS Ravage ,Week 1 - Day 5 - Torso B,Helms Row,0,20,12,0,10,10,1,45,lb,45,lb,0,2026-04-19T00:11:47.364Z,"Latissimus Dorsi,Trapezius Middle Fibers","Deltoid Posterior,Biceps Brachii,Brachialis,Brachioradialis",
2026-04-18T23:23:22.018Z,GVS Ravage ,Week 1 - Day 5 - Torso B,Helms Row,0,20,12,0,10,10,1,45,lb,45,lb,0,2026-04-19T00:27:29.167Z,"Latissimus Dorsi,Trapezius Middle Fibers","Deltoid Posterior,Biceps Brachii,Brachialis,Brachioradialis",
2026-04-18T23:23:22.018Z,GVS Ravage ,Week 1 - Day 5 - Torso B,Shoulder Press,1,5,2,0,,,0,17.5,lb,40,lb,0,2026-04-19T00:41:30.805Z,Deltoid Anterior,"Deltoid Lateral,Pectoralis Major Clavicular Head,Serratus Anterior,Trapezius Lower Fibers,Trapezius Middle Fibers,Triceps Brachii",
2026-04-18T23:23:22.018Z,GVS Ravage ,Week 1 - Day 5 - Torso B,Shoulder Press,0,12,9,0,9,10,1,22.5,lb,40,lb,0,2026-04-19T00:41:39.578Z,Deltoid Anterior,"Deltoid Lateral,Pectoralis Major Clavicular Head,Serratus Anterior,Trapezius Lower Fibers,Trapezius Middle Fibers,Triceps Brachii",
2026-04-18T23:23:22.018Z,GVS Ravage ,Week 1 - Day 5 - Torso B,Shoulder Press,0,12,10,0,9,10,1,22.5,lb,40,lb,0,2026-04-19T00:48:16.239Z,Deltoid Anterior,"Deltoid Lateral,Pectoralis Major Clavicular Head,Serratus Anterior,Trapezius Lower Fibers,Trapezius Middle Fibers,Triceps Brachii",
2026-04-18T23:23:22.018Z,GVS Ravage ,Week 1 - Day 5 - Torso B,Seated Row,1,5,2,0,,,0,60,lb,77.5,lb,0,2026-04-19T00:31:58.113Z,"Latissimus Dorsi,Trapezius Lower Fibers,Trapezius Middle Fibers","Brachialis,Brachioradialis,Deltoid Posterior,Erector Spinae,Infraspinatus,Pectoralis Major Sternal Head,Teres Major,Teres Minor",
2026-04-18T23:23:22.018Z,GVS Ravage ,Week 1 - Day 5 - Torso B,Seated Row,0,20,20,0,10,6.5,1,77.5,lb,77.5,lb,0,2026-04-19T00:42:58.707Z,"Latissimus Dorsi,Trapezius Lower Fibers,Trapezius Middle Fibers","Brachialis,Brachioradialis,Deltoid Posterior,Erector Spinae,Infraspinatus,Pectoralis Major Sternal Head,Teres Major,Teres Minor",
2026-04-18T23:23:22.018Z,GVS Ravage ,Week 1 - Day 5 - Torso B,Seated Row,0,20,20,0,10,6.5,1,77.5,lb,80,lb,0,2026-04-19T00:51:11.751Z,"Latissimus Dorsi,Trapezius Lower Fibers,Trapezius Middle Fibers","Brachialis,Brachioradialis,Deltoid Posterior,Erector Spinae,Infraspinatus,Pectoralis Major Sternal Head,Teres Major,Teres Minor",
2026-04-17T00:30:00.710Z,GVS Ravage ,Week 1 - Day 4 - Legs B,"Squat, Smith Machine",1,5,2,0,,,0,80,lb,105,lb,0,2026-04-17T00:35:50.422Z,Quadriceps,"Adductor Magnus,Gluteus Maximus,Soleus",
2026-04-17T00:30:00.710Z,GVS Ravage ,Week 1 - Day 4 - Legs B,"Squat, Smith Machine",1,2,1,0,,,0,130,lb,125,lb,0,2026-04-17T00:38:27.147Z,Quadriceps,"Adductor Magnus,Gluteus Maximus,Soleus",
2026-04-17T00:30:00.710Z,GVS Ravage ,Week 1 - Day 4 - Legs B,"Squat, Smith Machine",0,8,7,0,9,9,1,102.5,lb,125,lb,0,2026-04-17T00:43:37.668Z,Quadriceps,"Adductor Magnus,Gluteus Maximus,Soleus",
2026-04-17T00:30:00.710Z,GVS Ravage ,Week 1 - Day 4 - Legs B,"Squat, Smith Machine",0,8,7,0,9,9,1,102.5,lb,125,lb,0,2026-04-17T00:49:54.104Z,Quadriceps,"Adductor Magnus,Gluteus Maximus,Soleus",
2026-04-17T00:30:00.710Z,GVS Ravage ,Week 1 - Day 4 - Legs B,Romanian Deadlift,1,5,2,0,,,0,60,lb,60,lb,0,2026-04-17T00:53:12.495Z,Gluteus Maximus,"Adductor Magnus,Erector Spinae,Hamstrings","RPE 9 - brace core, hips back, trace shins, stand tall to lock out, no leaning."
2026-04-17T00:30:00.710Z,GVS Ravage ,Week 1 - Day 4 - Legs B,Romanian Deadlift,0,12,8,0,9,10,1,25,lb,60,lb,0,2026-04-17T00:56:14.616Z,Gluteus Maximus,"Adductor Magnus,Erector Spinae,Hamstrings","RPE 9 - brace core, hips back, trace shins, stand tall to lock out, no leaning."
2026-04-17T00:30:00.710Z,GVS Ravage ,Week 1 - Day 4 - Legs B,Romanian Deadlift,0,12,7,0,9,9.5,1,25,lb,60,lb,0,2026-04-17T01:02:10.362Z,Gluteus Maximus,"Adductor Magnus,Erector Spinae,Hamstrings","RPE 9 - brace core, hips back, trace shins, stand tall to lock out, no leaning."
2026-04-17T00:30:00.710Z,GVS Ravage ,Week 1 - Day 4 - Legs B,Glute Bridge,0,20,20,0,10,10,1,17.5,lb,60,lb,0,2026-04-17T01:07:01.895Z,Gluteus Maximus,Quadriceps,"
Failure + partials, toes slightly out, squeeze at top"
2026-04-17T00:30:00.710Z,GVS Ravage ,Week 1 - Day 4 - Legs B,Glute Bridge,0,20,20,0,10,9.5,1,17.5,lb,60,lb,0,2026-04-17T01:13:01.766Z,Gluteus Maximus,Quadriceps,"
Failure + partials, toes slightly out, squeeze at top"
2026-04-17T00:30:00.710Z,GVS Ravage ,Week 1 - Day 4 - Legs B,Lying Leg Curl,1,5,2,0,,,0,27.5,lb,82.5,lb,0,2026-04-17T01:20:33.330Z,Hamstrings,"Gastrocnemius,Sartorius",Full ROM 8-12 + 2-3 partials
2026-04-17T00:30:00.710Z,GVS Ravage ,Week 1 - Day 4 - Legs B,Lying Leg Curl,0,15,8,0,10,10,1,35,lb,82.5,lb,0,2026-04-17T01:23:43.506Z,Hamstrings,"Gastrocnemius,Sartorius",Full ROM 8-12 + 2-3 partials
2026-04-17T00:30:00.710Z,GVS Ravage ,Week 1 - Day 4 - Legs B,Lying Leg Curl,0,15,10,0,10,10,1,35,lb,82.5,lb,0,2026-04-17T01:27:22.972Z,Hamstrings,"Gastrocnemius,Sartorius",Full ROM 8-12 + 2-3 partials
2026-04-17T00:30:00.710Z,GVS Ravage ,Week 1 - Day 4 - Legs B,Leg Extension,1,5,2,0,,,0,23.75,lb,75,lb,0,2026-04-17T01:43:12.897Z,Quadriceps,,
2026-04-17T00:30:00.710Z,GVS Ravage ,Week 1 - Day 4 - Legs B,Leg Extension,0,20,13,0,10,9.5,1,30,lb,75,lb,0,2026-04-17T01:46:36.281Z,Quadriceps,,
2026-04-17T00:30:00.710Z,GVS Ravage ,Week 1 - Day 4 - Legs B,Leg Extension,0,20,11,0,10,10,1,30,lb,75,lb,0,2026-04-17T01:51:09.610Z,Quadriceps,,
2026-04-14T00:53:38.326Z,GVS Ravage ,Week 1 - Day 3 - Bro Day A,Hammer Curl,1,5,2,0,,,0,10,lb,25,lb,0,2026-04-14T00:55:35.707Z,Brachioradialis,"Biceps Brachii,Brachialis",
2026-04-14T00:53:38.326Z,GVS Ravage ,Week 1 - Day 3 - Bro Day A,Hammer Curl,0,20,12,0,10,10,1,12.5,lb,25,lb,0,2026-04-14T00:59:01.609Z,Brachioradialis,"Biceps Brachii,Brachialis",
2026-04-14T00:53:38.326Z,GVS Ravage ,Week 1 - Day 3 - Bro Day A,Hammer Curl,0,20,9,0,10,10,1,12.5,lb,25,lb,0,2026-04-14T01:06:37.852Z,Brachioradialis,"Biceps Brachii,Brachialis",
2026-04-14T00:53:38.326Z,GVS Ravage ,Week 1 - Day 3 - Bro Day A,Triceps Pushdown,1,5,2,0,,,0,17.5,lb,55,lb,0,2026-04-14T00:56:25.395Z,Triceps Brachii,,
2026-04-14T00:53:38.326Z,GVS Ravage ,Week 1 - Day 3 - Bro Day A,Triceps Pushdown,0,15,11,0,10,10,1,22.5,lb,52.5,lb,0,2026-04-14T01:01:01.359Z,Triceps Brachii,,
2026-04-14T00:53:38.326Z,GVS Ravage ,Week 1 - Day 3 - Bro Day A,Triceps Pushdown,0,15,7,0,10,10,1,22.5,lb,52.5,lb,0,2026-04-14T01:07:31.997Z,Triceps Brachii,,
2026-04-14T00:53:38.326Z,GVS Ravage ,Week 1 - Day 3 - Bro Day A,Incline Curl,0,10,9,0,10,10,1,12.5,lb,20,lb,0,2026-04-14T01:17:29.917Z,Biceps Brachii,"Brachialis,Brachioradialis",
2026-04-14T00:53:38.326Z,GVS Ravage ,Week 1 - Day 3 - Bro Day A,Incline Curl,0,10,10,0,10,10,1,12.5,lb,20,lb,0,2026-04-14T01:24:43.936Z,Biceps Brachii,"Brachialis,Brachioradialis",
2026-04-14T00:53:38.326Z,GVS Ravage ,Week 1 - Day 3 - Bro Day A,"Triceps Extension, Cable",0,15,14,0,10,10,1,10,lb,45,lb,0,2026-04-14T01:21:23.853Z,Triceps Brachii,,
2026-04-14T00:53:38.326Z,GVS Ravage ,Week 1 - Day 3 - Bro Day A,"Triceps Extension, Cable",0,15,9,0,10,10,1,10,lb,45,lb,0,2026-04-14T01:26:37.791Z,Triceps Brachii,,
2026-04-14T00:53:38.326Z,GVS Ravage ,Week 1 - Day 3 - Bro Day A,Lateral Raise,0,15,13,0,10,10,1,10,lb,25,lb,0,2026-04-14T01:10:42.434Z,Deltoid Lateral,"Deltoid Anterior,Serratus Anterior,Trapezius Lower Fibers,Trapezius Middle Fibers",
2026-04-14T00:53:38.326Z,GVS Ravage ,Week 1 - Day 3 - Bro Day A,Lateral Raise,0,15,12,0,10,10,1,10,lb,25,lb,0,2026-04-14T01:15:12.566Z,Deltoid Lateral,"Deltoid Anterior,Serratus Anterior,Trapezius Lower Fibers,Trapezius Middle Fibers",
2026-04-14T00:53:38.326Z,GVS Ravage ,Week 1 - Day 3 - Bro Day A,Upright Row,0,20,20,0,10,9.5,1,10,lb,20,lb,0,2026-04-14T01:28:19.735Z,Deltoid Lateral,"Biceps Brachii,Brachialis,Brachioradialis,Deltoid Anterior,Infraspinatus,Serratus Anterior,Teres Minor,Trapezius Lower Fibers,Trapezius Middle Fibers",
2026-04-14T00:53:38.326Z,GVS Ravage ,Week 1 - Day 3 - Bro Day A,Upright Row,0,20,9,0,10,10,1,10,lb,20,lb,0,2026-04-14T01:30:58.379Z,Deltoid Lateral,"Biceps Brachii,Brachialis,Brachioradialis,Deltoid Anterior,Infraspinatus,Serratus Anterior,Teres Minor,Trapezius Lower Fibers,Trapezius Middle Fibers",
2026-04-13T00:09:16.545Z,GVS Ravage ,Week 1 - Day 2 - Torso A,Smith Machine Close Grip Larsen Press,1,5,2,0,,,0,105,lb,115,lb,0,2026-04-13T00:14:31.869Z,"Triceps Brachii,Pectoralis Major Sternal Head","Pectoralis Major Clavicular Head,Deltoid Anterior,Serratus Anterior",
2026-04-13T00:09:16.545Z,GVS Ravage ,Week 1 - Day 2 - Torso A,Smith Machine Close Grip Larsen Press,0,8,8,0,9,7,1,130,lb,115,lb,0,2026-04-13T00:20:20.231Z,"Triceps Brachii,Pectoralis Major Sternal Head","Pectoralis Major Clavicular Head,Deltoid Anterior,Serratus Anterior",
2026-04-13T00:09:16.545Z,GVS Ravage ,Week 1 - Day 2 - Torso A,Smith Machine Close Grip Larsen Press,0,8,8,0,9,8,1,130,lb,125,lb,0,2026-04-13T00:26:46.662Z,"Triceps Brachii,Pectoralis Major Sternal Head","Pectoralis Major Clavicular Head,Deltoid Anterior,Serratus Anterior",
2026-04-13T00:09:16.545Z,GVS Ravage ,Week 1 - Day 2 - Torso A,Smith Machine Close Grip Larsen Press,0,8,8,0,9,9,1,120,lb,125,lb,0,2026-04-13T00:34:19.793Z,"Triceps Brachii,Pectoralis Major Sternal Head","Pectoralis Major Clavicular Head,Deltoid Anterior,Serratus Anterior",
2026-04-13T00:09:16.545Z,GVS Ravage ,Week 1 - Day 2 - Torso A,Neutral Grip Pull-Up,1,5,1,0,,,0,80,lb,0,lb,0,2026-04-13T00:16:01.176Z,Latissimus Dorsi,"Biceps Brachii,Brachialis,Brachioradialis,Trapezius Middle Fibers,Trapezius Lower Fibers,Teres Major,Deltoid Posterior",RPE 10
2026-04-13T00:09:16.545Z,GVS Ravage ,Week 1 - Day 2 - Torso A,Neutral Grip Pull-Up,1,1,1,0,,,0,0,lb,0,lb,0,2026-04-13T00:16:01.176Z,Latissimus Dorsi,"Biceps Brachii,Brachialis,Brachioradialis,Trapezius Middle Fibers,Trapezius Lower Fibers,Teres Major,Deltoid Posterior",RPE 10
2026-04-13T00:09:16.545Z,GVS Ravage ,Week 1 - Day 2 - Torso A,Neutral Grip Pull-Up,0,15,5,1,9,9.5,1,100,lb,0,lb,0,2026-04-13T00:21:17.462Z,Latissimus Dorsi,"Biceps Brachii,Brachialis,Brachioradialis,Trapezius Middle Fibers,Trapezius Lower Fibers,Teres Major,Deltoid Posterior",RPE 10
2026-04-13T00:09:16.545Z,GVS Ravage ,Week 1 - Day 2 - Torso A,Neutral Grip Pull-Up,0,15,4,1,9,10,1,100,lb,0,lb,0,2026-04-13T00:26:49.712Z,Latissimus Dorsi,"Biceps Brachii,Brachialis,Brachioradialis,Trapezius Middle Fibers,Trapezius Lower Fibers,Teres Major,Deltoid Posterior",RPE 10
2026-04-13T00:09:16.545Z,GVS Ravage ,Week 1 - Day 2 - Torso A,Neutral Grip Pull-Up,0,15,2,1,9,10,1,100,lb,0,lb,0,2026-04-13T00:37:03.804Z,Latissimus Dorsi,"Biceps Brachii,Brachialis,Brachioradialis,Trapezius Middle Fibers,Trapezius Lower Fibers,Teres Major,Deltoid Posterior",RPE 10
2026-04-13T00:09:16.545Z,GVS Ravage ,Week 1 - Day 2 - Torso A,Smith Reverse Grip Bench,0,12,12,0,9,8.5,1,90,lb,85,lb,0,2026-04-13T00:41:19.695Z,"Pectoralis Major Clavicular Head,Triceps Brachii","Deltoid Anterior,Pectoralis Major Sternal Head",
2026-04-13T00:09:16.545Z,GVS Ravage ,Week 1 - Day 2 - Torso A,Smith Reverse Grip Bench,0,12,12,0,9,8.5,1,80,lb,85,lb,0,2026-04-13T00:47:58.316Z,"Pectoralis Major Clavicular Head,Triceps Brachii","Deltoid Anterior,Pectoralis Major Sternal Head",
2026-04-13T00:09:16.545Z,GVS Ravage ,Week 1 - Day 2 - Torso A,Machine Pulldown,0,15,2,0,9,10,1,0,lb,179.4,lb,0,2026-04-13T00:43:16.707Z,Latissimus Dorsi,"Trapezius Middle Fibers,Trapezius Lower Fibers,Deltoid Posterior,Biceps Brachii,Brachialis,Brachioradialis","RPE 10 - Wide Overhand Grip, controlled eccentric especially at the top"
2026-04-13T00:09:16.545Z,GVS Ravage ,Week 1 - Day 2 - Torso A,Machine Pulldown,0,15,8,0,9,10,1,0,lb,120,lb,0,2026-04-13T00:54:30.788Z,Latissimus Dorsi,"Trapezius Middle Fibers,Trapezius Lower Fibers,Deltoid Posterior,Biceps Brachii,Brachialis,Brachioradialis","RPE 10 - Wide Overhand Grip, controlled eccentric especially at the top"
2026-04-13T00:09:16.545Z,GVS Ravage ,Week 1 - Day 2 - Torso A,Cable Crossover,0,15,8,0,10,10,1,17.5,lb,20,lb,0,2026-04-13T00:56:43.106Z,Pectoralis Major Sternal Head,"Deltoid Anterior,Latissimus Dorsi,Levator Scapulae,Pectoralis Major Clavicular Head",
2026-04-13T00:09:16.545Z,GVS Ravage ,Week 1 - Day 2 - Torso A,Cable Crossover,0,15,9,0,10,10,1,20,lb,20,lb,0,2026-04-13T01:05:29.877Z,Pectoralis Major Sternal Head,"Deltoid Anterior,Latissimus Dorsi,Levator Scapulae,Pectoralis Major Clavicular Head",
2026-04-13T00:09:16.545Z,GVS Ravage ,Week 1 - Day 2 - Torso A,Bent Over One Arm Row,1,,2,0,,,0,,,50,lb,0,2026-04-13T00:59:22.352Z,"Latissimus Dorsi,Trapezius Lower Fibers,Trapezius Middle Fibers","Infraspinatus,Teres Major,Teres Minor,Brachialis,Brachioradialis,Deltoid Posterior,Pectoralis Major Sternal Head","RPE 10 - Slight momentum, let scapula protract and retract"
2026-04-13T00:09:16.545Z,GVS Ravage ,Week 1 - Day 2 - Torso A,Bent Over One Arm Row,0,15,13,0,10,10,1,37.5,lb,50,lb,0,2026-04-13T01:03:28.776Z,"Latissimus Dorsi,Trapezius Lower Fibers,Trapezius Middle Fibers","Infraspinatus,Teres Major,Teres Minor,Brachialis,Brachioradialis,Deltoid Posterior,Pectoralis Major Sternal Head","RPE 10 - Slight momentum, let scapula protract and retract"
2026-04-13T00:09:16.545Z,GVS Ravage ,Week 1 - Day 2 - Torso A,Bent Over One Arm Row,0,15,7,0,10,10,1,37.5,lb,50,lb,0,2026-04-13T01:11:24.740Z,"Latissimus Dorsi,Trapezius Lower Fibers,Trapezius Middle Fibers","Infraspinatus,Teres Major,Teres Minor,Brachialis,Brachioradialis,Deltoid Posterior,Pectoralis Major Sternal Head","RPE 10 - Slight momentum, let scapula protract and retract"
2026-04-13T00:09:16.545Z,GVS Ravage ,Week 1 - Day 2 - Torso A,"Pullover, Cable",1,,3,0,,,0,,,27.5,lb,0,2026-04-13T01:12:57.110Z,Latissimus Dorsi,"Deltoid Posterior,Levator Scapulae,Pectoralis Major Sternal Head,Serratus Anterior,Teres Major,Trapezius Middle Fibers,Triceps Brachii","Failure + partials. Stretch + squeeze. Can bend elbows slightly as I pull, keep chest tilted up while pulling."
2026-04-13T00:09:16.545Z,GVS Ravage ,Week 1 - Day 2 - Torso A,"Pullover, Cable",0,20,20,0,10,6.5,1,22.5,lb,30,lb,0,2026-04-13T01:15:33.309Z,Latissimus Dorsi,"Deltoid Posterior,Levator Scapulae,Pectoralis Major Sternal Head,Serratus Anterior,Teres Major,Trapezius Middle Fibers,Triceps Brachii","Failure + partials. Stretch + squeeze. Can bend elbows slightly as I pull, keep chest tilted up while pulling."
2026-04-13T00:09:16.545Z,GVS Ravage ,Week 1 - Day 2 - Torso A,"Pullover, Cable",0,20,12,0,10,10,1,27.5,lb,32.5,lb,0,2026-04-13T01:18:16.264Z,Latissimus Dorsi,"Deltoid Posterior,Levator Scapulae,Pectoralis Major Sternal Head,Serratus Anterior,Teres Major,Trapezius Middle Fibers,Triceps Brachii","Failure + partials. Stretch + squeeze. Can bend elbows slightly as I pull, keep chest tilted up while pulling."
2026-04-11T23:28:00.933Z,GVS Ravage ,Week 1 - Day 1 - Legs A,"Hack Squat, Smith Machine",1,5,10,0,,,0,60,lb,25,lb,0,2026-04-11T23:28:04.788Z,Quadriceps,"Adductor Magnus,Gluteus Maximus,Soleus",RPE 8 - Controlled with slight pause. 
2026-04-11T23:28:00.933Z,GVS Ravage ,Week 1 - Day 1 - Legs A,"Hack Squat, Smith Machine",1,5,3,0,,,0,60,lb,75,lb,0,2026-04-11T23:30:19.882Z,Quadriceps,"Adductor Magnus,Gluteus Maximus,Soleus",RPE 8 - Controlled with slight pause. 
2026-04-11T23:28:00.933Z,GVS Ravage ,Week 1 - Day 1 - Legs A,"Hack Squat, Smith Machine",0,10,10,0,8,6.5,1,77.5,lb,105,lb,0,2026-04-11T23:35:23.023Z,Quadriceps,"Adductor Magnus,Gluteus Maximus,Soleus",RPE 8 - Controlled with slight pause. 
2026-04-11T23:28:00.933Z,GVS Ravage ,Week 1 - Day 1 - Legs A,"Hack Squat, Smith Machine",0,15,12,0,8,8,1,57.5,lb,85,lb,0,2026-04-11T23:42:40.770Z,Quadriceps,"Adductor Magnus,Gluteus Maximus,Soleus",RPE 8 - Controlled with slight pause. 
2026-04-11T23:28:00.933Z,GVS Ravage ,Week 1 - Day 1 - Legs A,"Hack Squat, Smith Machine",0,15,9,0,8,8,1,57.5,lb,85,lb,0,2026-04-11T23:52:12.948Z,Quadriceps,"Adductor Magnus,Gluteus Maximus,Soleus",RPE 8 - Controlled with slight pause. 
2026-04-11T23:28:00.933Z,GVS Ravage ,Week 1 - Day 1 - Legs A,Romanian Deadlift,1,,2,0,,,0,,,55,lb,0,2026-04-11T23:54:00.428Z,Gluteus Maximus,"Adductor Magnus,Erector Spinae,Hamstrings","RPE 9 - brace core, hips back, trace shins, stand tall to lock out, no leaning. 60 lbs minimum due to grip limitations."
2026-04-11T23:28:00.933Z,GVS Ravage ,Week 1 - Day 1 - Legs A,Romanian Deadlift,0,15,9,0,9,9,1,22.5,lb,55,lb,0,2026-04-12T00:02:02.060Z,Gluteus Maximus,"Adductor Magnus,Erector Spinae,Hamstrings","RPE 9 - brace core, hips back, trace shins, stand tall to lock out, no leaning. 60 lbs minimum due to grip limitations."
2026-04-11T23:28:00.933Z,GVS Ravage ,Week 1 - Day 1 - Legs A,Romanian Deadlift,0,15,11,0,9,9,1,22.5,lb,55,lb,0,2026-04-12T00:05:33.490Z,Gluteus Maximus,"Adductor Magnus,Erector Spinae,Hamstrings","RPE 9 - brace core, hips back, trace shins, stand tall to lock out, no leaning. 60 lbs minimum due to grip limitations."
2026-04-11T23:28:00.933Z,GVS Ravage ,Week 1 - Day 1 - Legs A,Walking Lunge,1,,2,0,,,0,,,15,lb,0,2026-04-12T00:06:49.672Z,Quadriceps,"Gastrocnemius,Gluteus Maximus,Hamstrings,Soleus","To failure. descend with control, stable knee"
2026-04-11T23:28:00.933Z,GVS Ravage ,Week 1 - Day 1 - Legs A,Walking Lunge,0,30,30,0,10,10,1,15,lb,15,lb,0,2026-04-12T00:11:17.006Z,Quadriceps,"Gastrocnemius,Gluteus Maximus,Hamstrings,Soleus","To failure. descend with control, stable knee"
2026-04-11T23:28:00.933Z,GVS Ravage ,Week 1 - Day 1 - Legs A,Walking Lunge,0,30,14,0,10,10,1,15,lb,15,lb,0,2026-04-12T00:15:55.284Z,Quadriceps,"Gastrocnemius,Gluteus Maximus,Hamstrings,Soleus","To failure. descend with control, stable knee"
2026-04-11T23:28:00.933Z,GVS Ravage ,Week 1 - Day 1 - Legs A,Lying Leg Curl,1,5,2,0,,,0,31.25,lb,75,lb,0,2026-04-12T00:17:02.801Z,Hamstrings,"Gastrocnemius,Sartorius",Full ROM 8-12 + 2-3 partials
2026-04-11T23:28:00.933Z,GVS Ravage ,Week 1 - Day 1 - Legs A,Lying Leg Curl,0,12,9,0,10,10,1,40,lb,75,lb,0,2026-04-12T00:21:29.068Z,Hamstrings,"Gastrocnemius,Sartorius",Full ROM 8-12 + 2-3 partials
2026-04-11T23:28:00.933Z,GVS Ravage ,Week 1 - Day 1 - Legs A,Lying Leg Curl,0,12,12,0,10,10,1,40,lb,75,lb,0,2026-04-12T00:30:16.483Z,Hamstrings,"Gastrocnemius,Sartorius",Full ROM 8-12 + 2-3 partials
2026-03-27T13:58:16.001Z,GVS Ravage ,Week 2 - Day 6 - Bro Day B,Hammer Curl,1,5,2,0,,,0,10,lb,25,lb,0,2026-03-27T14:03:17.393Z,Brachioradialis,"Biceps Brachii,Brachialis",
2026-03-27T13:58:16.001Z,GVS Ravage ,Week 2 - Day 6 - Bro Day B,Hammer Curl,0,20,13,0,10,10,1,12.5,lb,25,lb,0,2026-03-27T14:06:15.235Z,Brachioradialis,"Biceps Brachii,Brachialis",
2026-03-27T13:58:16.001Z,GVS Ravage ,Week 2 - Day 6 - Bro Day B,Hammer Curl,0,20,8,0,10,10,1,12.5,lb,25,lb,0,2026-03-27T14:11:44.900Z,Brachioradialis,"Biceps Brachii,Brachialis",
2026-03-27T13:58:16.001Z,GVS Ravage ,Week 2 - Day 6 - Bro Day B,"Triceps Extension, Cable",1,,2,0,,,0,,,50,lb,0,2026-03-27T14:03:52.114Z,Triceps Brachii,,
2026-03-27T13:58:16.001Z,GVS Ravage ,Week 2 - Day 6 - Bro Day B,"Triceps Extension, Cable",0,15,6,0,10,10,1,10,lb,50,lb,0,2026-03-27T14:14:55.972Z,Triceps Brachii,,
2026-03-27T13:58:16.001Z,GVS Ravage ,Week 2 - Day 6 - Bro Day B,"Triceps Extension, Cable",0,15,9,0,10,10,1,10,lb,50,lb,0,2026-03-27T14:14:57.072Z,Triceps Brachii,,
2026-03-27T13:58:16.001Z,GVS Ravage ,Week 2 - Day 6 - Bro Day B,Bicep Curl,0,12,11,0,10,10,1,12.5,lb,20,lb,0,2026-03-27T14:16:48.934Z,Biceps Brachii,"Brachialis,Brachioradialis","Rpe 10 - Minimal cheating, double pause, brace core"
2026-03-27T13:58:16.001Z,GVS Ravage ,Week 2 - Day 6 - Bro Day B,Bicep Curl,0,12,8,0,10,10,1,12.5,lb,20,lb,0,2026-03-27T14:22:34.228Z,Biceps Brachii,"Brachialis,Brachioradialis","Rpe 10 - Minimal cheating, double pause, brace core"
2026-03-27T13:58:16.001Z,GVS Ravage ,Week 2 - Day 6 - Bro Day B,Triceps Pushdown,0,15,13,0,10,10,1,22.5,lb,55,lb,0,2026-03-27T14:19:21.924Z,Triceps Brachii,,
2026-03-27T13:58:16.001Z,GVS Ravage ,Week 2 - Day 6 - Bro Day B,Triceps Pushdown,0,15,12,0,10,10,1,22.5,lb,55,lb,0,2026-03-27T14:23:50.469Z,Triceps Brachii,,
2026-03-27T13:58:16.001Z,GVS Ravage ,Week 2 - Day 6 - Bro Day B,Lateral Raise,0,20,19,0,10,10,1,10,lb,20,lb,0,2026-03-27T14:27:51.422Z,Deltoid Lateral,"Deltoid Anterior,Serratus Anterior,Trapezius Lower Fibers,Trapezius Middle Fibers",
2026-03-27T13:58:16.001Z,GVS Ravage ,Week 2 - Day 6 - Bro Day B,Lateral Raise,0,20,10,0,10,10,1,10,lb,20,lb,0,2026-03-27T14:30:18.335Z,Deltoid Lateral,"Deltoid Anterior,Serratus Anterior,Trapezius Lower Fibers,Trapezius Middle Fibers",
2026-03-27T13:58:16.001Z,GVS Ravage ,Week 2 - Day 6 - Bro Day B,Lu Lateral Raise,0,15,10,0,10,,0,10,lb,10,lb,0,2026-03-27T14:32:39.739Z,Deltoid Lateral,"Deltoid Anterior,Deltoid Posterior,Serratus Anterior,Trapezius Middle Fibers,Trapezius Lower Fibers","Rpe 10 - pause at top, controlled lowering"
2026-03-27T13:58:16.001Z,GVS Ravage ,Week 2 - Day 6 - Bro Day B,Lu Lateral Raise,0,15,7,0,10,10,1,10,lb,10,lb,0,2026-03-27T14:34:52.510Z,Deltoid Lateral,"Deltoid Anterior,Deltoid Posterior,Serratus Anterior,Trapezius Middle Fibers,Trapezius Lower Fibers","Rpe 10 - pause at top, controlled lowering"
2026-03-27T13:58:16.001Z,GVS Ravage ,Week 2 - Day 6 - Bro Day B,Standing Row Rear Delt With Rope,0,20,13,0,10,,0,12.5,lb,12.5,lb,0,2026-03-27T14:37:24.003Z,Deltoid Posterior,"Brachialis,Brachioradialis,Deltoid Lateral,Infraspinatus,Teres Minor,Trapezius Lower Fibers,Trapezius Middle Fibers",Failure + partials
2026-03-27T13:58:16.001Z,GVS Ravage ,Week 2 - Day 6 - Bro Day B,Standing Row Rear Delt With Rope,0,20,10,0,10,10,1,12.5,lb,12.5,lb,0,2026-03-27T14:40:08.336Z,Deltoid Posterior,"Brachialis,Brachioradialis,Deltoid Lateral,Infraspinatus,Teres Minor,Trapezius Lower Fibers,Trapezius Middle Fibers",Failure + partials
2026-03-27T13:58:16.001Z,GVS Ravage ,Week 2 - Day 6 - Bro Day B,Neck Flexion,0,20,15,0,10,8,1,0,lb,5,lb,0,2026-03-27T14:42:51.443Z,Sternocleidomastoid,,Rpe 9 - Controlled
2026-03-27T13:58:16.001Z,GVS Ravage ,Week 2 - Day 6 - Bro Day B,"Wrist Curl, Dumbbell",0,20,20,0,10,6.5,1,12.5,lb,10,lb,0,2026-03-27T14:44:19.338Z,Wrist Flexors,,Failure + partials - strict form 
2026-03-25T13:42:38.732Z,GVS Ravage ,Week 2 - Day 5 - Torso B,"Bench Press, Dumbbell",0,12,7,0,9,9,1,87.5,lb,60,lb,0,2026-03-25T13:52:58.293Z,Pectoralis Major Sternal Head,"Deltoid Anterior,Pectoralis Major Clavicular Head,Triceps Brachii",RPE 9 - slight pause
2026-03-25T13:42:38.732Z,GVS Ravage ,Week 2 - Day 5 - Torso B,"Bench Press, Dumbbell",0,12,12,0,9,9,1,87.5,lb,60,lb,0,2026-03-25T14:02:13.199Z,Pectoralis Major Sternal Head,"Deltoid Anterior,Pectoralis Major Clavicular Head,Triceps Brachii",RPE 9 - slight pause
2026-03-25T13:42:38.732Z,GVS Ravage ,Week 2 - Day 5 - Torso B,Wide Pull Up,0,15,2,0,10,10,1,0,lb,0,lb,0,2026-03-25T14:11:46.165Z,Latissimus Dorsi,"Brachialis,Brachioradialis,Deltoid Posterior,Infraspinatus,Levator Scapulae,Serratus Anterior,Teres Major,Teres Minor,Trapezius Lower Fibers,Trapezius Middle Fibers","RPE 10 - controlled eccentric, minimal swinging"
2026-03-25T13:42:38.732Z,GVS Ravage ,Week 2 - Day 5 - Torso B,Wide Pull Up,0,15,2,0,10,10,1,0,lb,0,lb,0,2026-03-25T14:16:07.464Z,Latissimus Dorsi,"Brachialis,Brachioradialis,Deltoid Posterior,Infraspinatus,Levator Scapulae,Serratus Anterior,Teres Major,Teres Minor,Trapezius Lower Fibers,Trapezius Middle Fibers","RPE 10 - controlled eccentric, minimal swinging"
2026-03-25T13:42:38.732Z,GVS Ravage ,Week 2 - Day 5 - Torso B,"Chest Press, Leverage Machine",0,12,11,0,9,10,1,18.75,lb,127.5,lb,0,2026-03-25T14:10:29.264Z,Pectoralis Major Sternal Head,"Deltoid Anterior,Pectoralis Major Clavicular Head,Triceps Brachii",Rpe 10 - pause at bottom
2026-03-25T13:42:38.732Z,GVS Ravage ,Week 2 - Day 5 - Torso B,"Chest Press, Leverage Machine",0,12,9,0,9,10,1,18.75,lb,127.5,lb,0,2026-03-25T14:14:58.931Z,Pectoralis Major Sternal Head,"Deltoid Anterior,Pectoralis Major Clavicular Head,Triceps Brachii",Rpe 10 - pause at bottom
2026-03-25T13:42:38.732Z,GVS Ravage ,Week 2 - Day 5 - Torso B,Helms Row,0,20,12,0,10,10,1,0,lb,45,lb,0,2026-03-25T13:54:39.183Z,"Latissimus Dorsi,Trapezius Middle Fibers","Deltoid Posterior,Biceps Brachii,Brachialis,Brachioradialis",Failure + partials - row towards hips
2026-03-25T13:42:38.732Z,GVS Ravage ,Week 2 - Day 5 - Torso B,Helms Row,0,20,10,0,10,10,1,0,lb,45,lb,0,2026-03-25T14:04:48.108Z,"Latissimus Dorsi,Trapezius Middle Fibers","Deltoid Posterior,Biceps Brachii,Brachialis,Brachioradialis",Failure + partials - row towards hips
2026-03-25T13:42:38.732Z,GVS Ravage ,Week 2 - Day 5 - Torso B,Shoulder Press,0,12,10,0,9,10,1,22.5,lb,40,lb,0,2026-03-25T14:19:41.819Z,Deltoid Anterior,"Deltoid Lateral,Pectoralis Major Clavicular Head,Serratus Anterior,Trapezius Lower Fibers,Trapezius Middle Fibers,Triceps Brachii",RPE 10
2026-03-25T13:42:38.732Z,GVS Ravage ,Week 2 - Day 5 - Torso B,Shoulder Press,0,12,10,0,9,10,1,22.5,lb,40,lb,0,2026-03-25T14:29:11.515Z,Deltoid Anterior,"Deltoid Lateral,Pectoralis Major Clavicular Head,Serratus Anterior,Trapezius Lower Fibers,Trapezius Middle Fibers,Triceps Brachii",RPE 10
2026-03-25T13:42:38.732Z,GVS Ravage ,Week 2 - Day 5 - Torso B,Seated Row,0,20,16,0,10,10,1,77.5,lb,77.5,lb,0,2026-03-25T14:21:18.010Z,"Latissimus Dorsi,Trapezius Lower Fibers,Trapezius Middle Fibers","Brachialis,Brachioradialis,Deltoid Posterior,Erector Spinae,Infraspinatus,Pectoralis Major Sternal Head,Teres Major,Teres Minor","Failure + partials - brace core, controlled eccentric"
2026-03-25T13:42:38.732Z,GVS Ravage ,Week 2 - Day 5 - Torso B,Seated Row,0,20,19,0,10,10,1,77.5,lb,77.5,lb,0,2026-03-25T14:31:12.197Z,"Latissimus Dorsi,Trapezius Lower Fibers,Trapezius Middle Fibers","Brachialis,Brachioradialis,Deltoid Posterior,Erector Spinae,Infraspinatus,Pectoralis Major Sternal Head,Teres Major,Teres Minor","Failure + partials - brace core, controlled eccentric"
2026-03-24T00:48:11.126Z,GVS Ravage ,Week 2 - Day 4 - Legs B,"Squat, Smith Machine",1,5,2,0,,,0,47.5,lb,90,lb,0,2026-03-24T00:53:40.755Z,Quadriceps,"Adductor Magnus,Gluteus Maximus,Soleus","Rpe 9: let knees go forward, lower slow, slight pause, stand up "
2026-03-24T00:48:11.126Z,GVS Ravage ,Week 2 - Day 4 - Legs B,"Squat, Smith Machine",1,2,1,0,,,0,90,lb,140,lb,0,2026-03-24T00:55:06.228Z,Quadriceps,"Adductor Magnus,Gluteus Maximus,Soleus","Rpe 9: let knees go forward, lower slow, slight pause, stand up "
2026-03-24T00:48:11.126Z,GVS Ravage ,Week 2 - Day 4 - Legs B,"Squat, Smith Machine",0,8,4,0,8,9,1,97.5,lb,140,lb,0,2026-03-24T00:58:35.094Z,Quadriceps,"Adductor Magnus,Gluteus Maximus,Soleus","Rpe 9: let knees go forward, lower slow, slight pause, stand up "
2026-03-24T00:48:11.126Z,GVS Ravage ,Week 2 - Day 4 - Legs B,"Squat, Smith Machine",0,8,8,0,8,9,1,97.5,lb,130,lb,0,2026-03-24T01:04:58.046Z,Quadriceps,"Adductor Magnus,Gluteus Maximus,Soleus","Rpe 9: let knees go forward, lower slow, slight pause, stand up "
2026-03-24T00:48:11.126Z,GVS Ravage ,Week 2 - Day 4 - Legs B,Romanian Deadlift,1,5,2,0,,,0,45,lb,60,lb,0,2026-03-24T01:07:08.127Z,Gluteus Maximus,"Adductor Magnus,Erector Spinae,Hamstrings","RPE 9 - brace core, hips back, trace shins, stand tall to lock out, no leaning"
2026-03-24T00:48:11.126Z,GVS Ravage ,Week 2 - Day 4 - Legs B,Romanian Deadlift,0,10,9,0,8,10,1,25,lb,60,lb,0,2026-03-24T01:12:49.994Z,Gluteus Maximus,"Adductor Magnus,Erector Spinae,Hamstrings","RPE 9 - brace core, hips back, trace shins, stand tall to lock out, no leaning"
2026-03-24T00:48:11.126Z,GVS Ravage ,Week 2 - Day 4 - Legs B,Romanian Deadlift,0,10,8,0,8,9.5,1,25,lb,60,lb,0,2026-03-24T01:17:39.209Z,Gluteus Maximus,"Adductor Magnus,Erector Spinae,Hamstrings","RPE 9 - brace core, hips back, trace shins, stand tall to lock out, no leaning"
2026-03-24T00:48:11.126Z,GVS Ravage ,Week 2 - Day 4 - Legs B,"Hip Thrust, Smith Machine",0,20,10,0,10,10,1,47.5,lb,120,lb,0,2026-03-24T01:28:11.821Z,Gluteus Maximus,Quadriceps,"Failure + partials, toes slightly out, squeeze at top"
2026-03-24T00:48:11.126Z,GVS Ravage ,Week 2 - Day 4 - Legs B,"Hip Thrust, Smith Machine",0,20,13,0,10,10,1,47.5,lb,110,lb,0,2026-03-24T01:32:35.788Z,Gluteus Maximus,Quadriceps,"Failure + partials, toes slightly out, squeeze at top"
2026-03-24T00:48:11.126Z,GVS Ravage ,Week 2 - Day 4 - Legs B,Lying Leg Curl,1,5,2,0,,,0,27.5,lb,60,lb,0,2026-03-24T01:35:34.265Z,Hamstrings,"Gastrocnemius,Sartorius",Full ROM 8-12 + 2-3 partials.
2026-03-24T00:48:11.126Z,GVS Ravage ,Week 2 - Day 4 - Legs B,Lying Leg Curl,0,15,12,0,10,10,1,35,lb,75,lb,0,2026-03-24T01:41:30.242Z,Hamstrings,"Gastrocnemius,Sartorius",Full ROM 8-12 + 2-3 partials.
2026-03-24T00:48:11.126Z,GVS Ravage ,Week 2 - Day 4 - Legs B,Lying Leg Curl,0,15,10,0,10,10,1,35,lb,75,lb,0,2026-03-24T01:47:09.462Z,Hamstrings,"Gastrocnemius,Sartorius",Full ROM 8-12 + 2-3 partials.
2026-03-24T00:48:11.126Z,GVS Ravage ,Week 2 - Day 4 - Legs B,Leg Extension,1,5,2,0,,,0,23.75,lb,75,lb,0,2026-03-24T01:36:27.224Z,Quadriceps,,"RPE 10 - Squeeze quads at top, stay in seat"
2026-03-24T00:48:11.126Z,GVS Ravage ,Week 2 - Day 4 - Legs B,Leg Extension,0,20,13,0,10,10,1,30,lb,75,lb,0,2026-03-24T01:43:14.244Z,Quadriceps,,"RPE 10 - Squeeze quads at top, stay in seat"
2026-03-24T00:48:11.126Z,GVS Ravage ,Week 2 - Day 4 - Legs B,Leg Extension,0,20,13,0,10,10,1,30,lb,67.5,lb,0,2026-03-24T01:48:55.984Z,Quadriceps,,"RPE 10 - Squeeze quads at top, stay in seat"
2026-03-22T23:49:42.209Z,GVS Ravage ,Week 2 - Day 3 - Bro Day A,Hammer Curl,1,5,2,0,,,0,10,lb,20,lb,0,2026-03-22T23:59:56.720Z,Brachioradialis,"Biceps Brachii,Brachialis",RPE 10 - strict until elbows needed to move
2026-03-22T23:49:42.209Z,GVS Ravage ,Week 2 - Day 3 - Bro Day A,Hammer Curl,0,20,20,0,10,9.5,1,12.5,lb,20,lb,0,2026-03-23T00:04:06.218Z,Brachioradialis,"Biceps Brachii,Brachialis",RPE 10 - strict until elbows needed to move
2026-03-22T23:49:42.209Z,GVS Ravage ,Week 2 - Day 3 - Bro Day A,Hammer Curl,0,20,12,0,10,10,1,12.5,lb,20,lb,0,2026-03-23T00:08:50.883Z,Brachioradialis,"Biceps Brachii,Brachialis",RPE 10 - strict until elbows needed to move
2026-03-22T23:49:42.209Z,GVS Ravage ,Week 2 - Day 3 - Bro Day A,"Triceps Extension, Cable",1,,2,0,,,0,,,27.5,lb,0,2026-03-23T00:01:05.241Z,Triceps Brachii,,"RPE 10 - full ROM, hands behind head, big stretch"
2026-03-22T23:49:42.209Z,GVS Ravage ,Week 2 - Day 3 - Bro Day A,"Triceps Extension, Cable",0,15,15,0,10,9.5,1,10,lb,42.5,lb,0,2026-03-23T00:05:11.984Z,Triceps Brachii,,"RPE 10 - full ROM, hands behind head, big stretch"
2026-03-22T23:49:42.209Z,GVS Ravage ,Week 2 - Day 3 - Bro Day A,"Triceps Extension, Cable",0,15,10,0,10,10,1,10,lb,42.5,lb,0,2026-03-23T00:10:07.454Z,Triceps Brachii,,"RPE 10 - full ROM, hands behind head, big stretch"
2026-03-22T23:49:42.209Z,GVS Ravage ,Week 2 - Day 3 - Bro Day A,Incline Curl,1,5,1,0,,,0,10,lb,25,lb,0,2026-03-23T00:15:24.428Z,Biceps Brachii,"Brachialis,Brachioradialis",RPE 10 - commit to each rep and control the lowering. 60 degrees
2026-03-22T23:49:42.209Z,GVS Ravage ,Week 2 - Day 3 - Bro Day A,Incline Curl,0,10,3,0,10,10,1,12.5,lb,25,lb,0,2026-03-23T00:18:53.193Z,Biceps Brachii,"Brachialis,Brachioradialis",RPE 10 - commit to each rep and control the lowering. 60 degrees
2026-03-22T23:49:42.209Z,GVS Ravage ,Week 2 - Day 3 - Bro Day A,Incline Curl,0,10,10,0,10,9.5,1,12.5,lb,20,lb,0,2026-03-23T00:23:47.778Z,Biceps Brachii,"Brachialis,Brachioradialis",RPE 10 - commit to each rep and control the lowering. 60 degrees
2026-03-22T23:49:42.209Z,GVS Ravage ,Week 2 - Day 3 - Bro Day A,Triceps Pushdown,1,5,2,0,,,0,17.5,lb,52.5,lb,0,2026-03-23T00:15:57.000Z,Triceps Brachii,,RPE 10 - can use elbows slightly
2026-03-22T23:49:42.209Z,GVS Ravage ,Week 2 - Day 3 - Bro Day A,Triceps Pushdown,0,15,9,0,10,10,1,22.5,lb,52.5,lb,0,2026-03-23T00:20:05.019Z,Triceps Brachii,,RPE 10 - can use elbows slightly
2026-03-22T23:49:42.209Z,GVS Ravage ,Week 2 - Day 3 - Bro Day A,Triceps Pushdown,0,15,8,0,10,10,1,22.5,lb,52.5,lb,0,2026-03-23T00:26:45.376Z,Triceps Brachii,,RPE 10 - can use elbows slightly
2026-03-22T23:49:42.209Z,GVS Ravage ,Week 2 - Day 3 - Bro Day A,Lateral Raise,1,,2,0,,,0,,,25,lb,0,2026-03-23T00:28:10.351Z,Deltoid Lateral,"Deltoid Anterior,Serratus Anterior,Trapezius Lower Fibers,Trapezius Middle Fibers","RPE 10+ - failure + partials, slightly cheat up once needed but always control lowering. Slight lean forward once needed with dumbbells in hammer hold. Push out don’t lift the weight"
2026-03-22T23:49:42.209Z,GVS Ravage ,Week 2 - Day 3 - Bro Day A,Lateral Raise,0,15,9,0,10,10,1,10,lb,25,lb,0,2026-03-23T00:30:11.179Z,Deltoid Lateral,"Deltoid Anterior,Serratus Anterior,Trapezius Lower Fibers,Trapezius Middle Fibers","RPE 10+ - failure + partials, slightly cheat up once needed but always control lowering. Slight lean forward once needed with dumbbells in hammer hold. Push out don’t lift the weight"
2026-03-22T23:49:42.209Z,GVS Ravage ,Week 2 - Day 3 - Bro Day A,Lateral Raise,0,15,15,0,10,10,1,10,lb,20,lb,0,2026-03-23T00:33:03.556Z,Deltoid Lateral,"Deltoid Anterior,Serratus Anterior,Trapezius Lower Fibers,Trapezius Middle Fibers","RPE 10+ - failure + partials, slightly cheat up once needed but always control lowering. Slight lean forward once needed with dumbbells in hammer hold. Push out don’t lift the weight"
2026-03-22T23:49:42.209Z,GVS Ravage ,Week 2 - Day 3 - Bro Day A,Upright Row,1,5,2,0,,,0,45,lb,15,lb,0,2026-03-23T00:35:22.871Z,Deltoid Lateral,"Biceps Brachii,Brachialis,Brachioradialis,Deltoid Anterior,Infraspinatus,Serratus Anterior,Teres Minor,Trapezius Lower Fibers,Trapezius Middle Fibers",RPE 10
2026-03-22T23:49:42.209Z,GVS Ravage ,Week 2 - Day 3 - Bro Day A,Upright Row,0,20,10,0,10,9.5,1,10,lb,25,lb,0,2026-03-23T00:38:28.986Z,Deltoid Lateral,"Biceps Brachii,Brachialis,Brachioradialis,Deltoid Anterior,Infraspinatus,Serratus Anterior,Teres Minor,Trapezius Lower Fibers,Trapezius Middle Fibers",RPE 10
2026-03-22T23:49:42.209Z,GVS Ravage ,Week 2 - Day 3 - Bro Day A,Upright Row,0,20,16,0,10,10,1,10,lb,20,lb,0,2026-03-23T00:41:10.776Z,Deltoid Lateral,"Biceps Brachii,Brachialis,Brachioradialis,Deltoid Anterior,Infraspinatus,Serratus Anterior,Teres Minor,Trapezius Lower Fibers,Trapezius Middle Fibers",RPE 10
2026-03-22T01:08:13.636Z,GVS Ravage ,Week 2 - Day 2 - Torso A,Smith Machine Close Grip Larsen Press,1,,3,0,,,0,,,90,lb,0,2026-03-22T01:29:14.805Z,"Triceps Brachii,Pectoralis Major Sternal Head","Pectoralis Major Clavicular Head,Deltoid Anterior,Serratus Anterior","RPE 10 - shoulder width, controlled lowering. Tuck elbows slightly on descent, pausing at the bottom and exploding upwards"
2026-03-22T01:08:13.636Z,GVS Ravage ,Week 2 - Day 2 - Torso A,Smith Machine Close Grip Larsen Press,1,3,1,0,,,0,90,lb,130,lb,0,2026-03-22T01:33:16.541Z,"Triceps Brachii,Pectoralis Major Sternal Head","Pectoralis Major Clavicular Head,Deltoid Anterior,Serratus Anterior","RPE 10 - shoulder width, controlled lowering. Tuck elbows slightly on descent, pausing at the bottom and exploding upwards"
2026-03-22T01:08:13.636Z,GVS Ravage ,Week 2 - Day 2 - Torso A,Smith Machine Close Grip Larsen Press,0,8,6,0,8,9.5,1,0,lb,130,lb,0,2026-03-22T01:41:13.663Z,"Triceps Brachii,Pectoralis Major Sternal Head","Pectoralis Major Clavicular Head,Deltoid Anterior,Serratus Anterior","RPE 10 - shoulder width, controlled lowering. Tuck elbows slightly on descent, pausing at the bottom and exploding upwards"
2026-03-22T01:08:13.636Z,GVS Ravage ,Week 2 - Day 2 - Torso A,Smith Machine Close Grip Larsen Press,0,8,5,0,8,10,1,0,lb,130,lb,0,2026-03-22T01:46:42.865Z,"Triceps Brachii,Pectoralis Major Sternal Head","Pectoralis Major Clavicular Head,Deltoid Anterior,Serratus Anterior","RPE 10 - shoulder width, controlled lowering. Tuck elbows slightly on descent, pausing at the bottom and exploding upwards"
2026-03-22T01:08:13.636Z,GVS Ravage ,Week 2 - Day 2 - Torso A,Smith Machine Close Grip Larsen Press,0,8,4,0,8,10,1,0,lb,120,lb,0,2026-03-22T02:01:36.512Z,"Triceps Brachii,Pectoralis Major Sternal Head","Pectoralis Major Clavicular Head,Deltoid Anterior,Serratus Anterior","RPE 10 - shoulder width, controlled lowering. Tuck elbows slightly on descent, pausing at the bottom and exploding upwards"
2026-03-22T01:08:13.636Z,GVS Ravage ,Week 2 - Day 2 - Torso A,Narrow Pulldown,1,,2,0,,,0,,,87.5,lb,0,2026-03-22T01:28:06.238Z,Latissimus Dorsi,"Biceps Brachii,Brachialis,Brachioradialis,Trapezius Middle Fibers,Trapezius Lower Fibers,Teres Major,Deltoid Posterior","RPE 10 - controlled eccentric, minimal swinging"
2026-03-22T01:08:13.636Z,GVS Ravage ,Week 2 - Day 2 - Torso A,Narrow Pulldown,1,2,2,0,,,0,87.5,lb,97.5,lb,0,2026-03-22T01:32:50.664Z,Latissimus Dorsi,"Biceps Brachii,Brachialis,Brachioradialis,Trapezius Middle Fibers,Trapezius Lower Fibers,Teres Major,Deltoid Posterior","RPE 10 - controlled eccentric, minimal swinging"
2026-03-22T01:08:13.636Z,GVS Ravage ,Week 2 - Day 2 - Torso A,Narrow Pulldown,0,12,12,0,8,6.5,1,0,lb,97.5,lb,0,2026-03-22T01:43:02.484Z,Latissimus Dorsi,"Biceps Brachii,Brachialis,Brachioradialis,Trapezius Middle Fibers,Trapezius Lower Fibers,Teres Major,Deltoid Posterior","RPE 10 - controlled eccentric, minimal swinging"
2026-03-22T01:08:13.636Z,GVS Ravage ,Week 2 - Day 2 - Torso A,Narrow Pulldown,0,12,14,0,9,9.5,1,0,lb,100,lb,0,2026-03-22T01:51:30.002Z,Latissimus Dorsi,"Biceps Brachii,Brachialis,Brachioradialis,Trapezius Middle Fibers,Trapezius Lower Fibers,Teres Major,Deltoid Posterior","RPE 10 - controlled eccentric, minimal swinging"
2026-03-22T01:08:13.636Z,GVS Ravage ,Week 2 - Day 2 - Torso A,Narrow Pulldown,0,15,16,1,9,10,1,0,lb,100,lb,0,2026-03-22T02:05:53.439Z,Latissimus Dorsi,"Biceps Brachii,Brachialis,Brachioradialis,Trapezius Middle Fibers,Trapezius Lower Fibers,Teres Major,Deltoid Posterior","RPE 10 - controlled eccentric, minimal swinging"
2026-03-22T01:08:13.636Z,GVS Ravage ,Week 2 - Day 2 - Torso A,Smith Reverse Grip Bench,0,12,7,0,9,9,1,0,lb,90,lb,0,2026-03-22T02:09:05.281Z,"Pectoralis Major Clavicular Head,Triceps Brachii","Deltoid Anterior,Pectoralis Major Sternal Head",RPE 9 - tuck elbows slightly
2026-03-22T01:08:13.636Z,GVS Ravage ,Week 2 - Day 2 - Torso A,Smith Reverse Grip Bench,0,12,11,0,9,9,1,0,lb,80,lb,0,2026-03-22T02:13:34.048Z,"Pectoralis Major Clavicular Head,Triceps Brachii","Deltoid Anterior,Pectoralis Major Sternal Head",RPE 9 - tuck elbows slightly
2026-03-22T01:08:13.636Z,GVS Ravage ,Week 2 - Day 2 - Torso A,Wide Pull Up,0,15,1,0,9,10,1,0,lb,0,lb,0,2026-03-22T02:09:48.891Z,Latissimus Dorsi,"Brachialis,Brachioradialis,Deltoid Posterior,Infraspinatus,Levator Scapulae,Serratus Anterior,Teres Major,Teres Minor,Trapezius Lower Fibers,Trapezius Middle Fibers",RPE 10 - Control Eccentric
2026-03-22T01:08:13.636Z,GVS Ravage ,Week 2 - Day 2 - Torso A,Wide Pull Up,0,15,1,0,9,10,1,0,lb,0,lb,0,2026-03-22T02:14:34.385Z,Latissimus Dorsi,"Brachialis,Brachioradialis,Deltoid Posterior,Infraspinatus,Levator Scapulae,Serratus Anterior,Teres Major,Teres Minor,Trapezius Lower Fibers,Trapezius Middle Fibers",RPE 10 - Control Eccentric
2026-03-22T01:08:13.636Z,GVS Ravage ,Week 2 - Day 2 - Torso A,Cable Crossover,0,15,15,0,10,6.5,1,10,lb,15,lb,0,2026-03-22T02:19:20.651Z,Pectoralis Major Sternal Head,"Deltoid Anterior,Latissimus Dorsi,Levator Scapulae,Pectoralis Major Clavicular Head",RPE 10 - Big stretch & squeeze.
2026-03-22T01:08:13.636Z,GVS Ravage ,Week 2 - Day 2 - Torso A,Cable Crossover,0,15,15,0,10,6.5,1,10,lb,17.5,lb,0,2026-03-22T02:25:59.660Z,Pectoralis Major Sternal Head,"Deltoid Anterior,Latissimus Dorsi,Levator Scapulae,Pectoralis Major Clavicular Head",RPE 10 - Big stretch & squeeze.
2026-03-22T01:08:13.636Z,GVS Ravage ,Week 2 - Day 2 - Torso A,Bent Over One Arm Row,0,15,15,0,10,9,1,37.5,lb,45,lb,0,2026-03-22T02:30:05.375Z,"Latissimus Dorsi,Trapezius Lower Fibers,Trapezius Middle Fibers","Infraspinatus,Teres Major,Teres Minor,Brachialis,Brachioradialis,Deltoid Posterior,Pectoralis Major Sternal Head","RPE 10 - Slight momentum, let scapula protract and retract"
2026-03-22T01:08:13.636Z,GVS Ravage ,Week 2 - Day 2 - Torso A,Bent Over One Arm Row,0,15,11,0,10,9.5,1,37.5,lb,45,lb,0,2026-03-22T02:35:48.199Z,"Latissimus Dorsi,Trapezius Lower Fibers,Trapezius Middle Fibers","Infraspinatus,Teres Major,Teres Minor,Brachialis,Brachioradialis,Deltoid Posterior,Pectoralis Major Sternal Head","RPE 10 - Slight momentum, let scapula protract and retract"
2026-03-22T01:08:13.636Z,GVS Ravage ,Week 2 - Day 2 - Torso A,"Pullover, Cable",1,5,10,0,,,0,10,lb,17.5,lb,0,2026-03-22T02:40:35.791Z,Latissimus Dorsi,"Deltoid Posterior,Levator Scapulae,Pectoralis Major Sternal Head,Serratus Anterior,Teres Major,Trapezius Middle Fibers,Triceps Brachii","Failure + partials. Stretch + squeeze. Can bend elbows slightly as I pull, keep chest tilted up while pulling. Try two handles "
2026-03-22T01:08:13.636Z,GVS Ravage ,Week 2 - Day 2 - Torso A,"Pullover, Cable",0,20,20,0,10,7,1,12.5,lb,20,lb,0,2026-03-22T02:45:40.593Z,Latissimus Dorsi,"Deltoid Posterior,Levator Scapulae,Pectoralis Major Sternal Head,Serratus Anterior,Teres Major,Trapezius Middle Fibers,Triceps Brachii","Failure + partials. Stretch + squeeze. Can bend elbows slightly as I pull, keep chest tilted up while pulling. Try two handles "
2026-03-22T01:08:13.636Z,GVS Ravage ,Week 2 - Day 2 - Torso A,"Pullover, Cable",0,20,20,0,10,7.5,1,12.5,lb,25,lb,0,2026-03-22T02:45:42.842Z,Latissimus Dorsi,"Deltoid Posterior,Levator Scapulae,Pectoralis Major Sternal Head,Serratus Anterior,Teres Major,Trapezius Middle Fibers,Triceps Brachii","Failure + partials. Stretch + squeeze. Can bend elbows slightly as I pull, keep chest tilted up while pulling. Try two handles "
2026-03-19T13:11:37.808Z,GVS Ravage ,Week 2 - Day 1 - Legs A,"Hack Squat, Smith Machine",1,5,3,0,,,0,62.5,lb,90,lb,0,2026-03-19T13:44:28.349Z,Quadriceps,"Adductor Magnus,Gluteus Maximus,Soleus",
2026-03-19T13:11:37.808Z,GVS Ravage ,Week 2 - Day 1 - Legs A,"Hack Squat, Smith Machine",1,3,2,0,,,0,90,lb,110,lb,0,2026-03-19T13:45:20.474Z,Quadriceps,"Adductor Magnus,Gluteus Maximus,Soleus",
2026-03-19T13:11:37.808Z,GVS Ravage ,Week 2 - Day 1 - Legs A,"Hack Squat, Smith Machine",0,10,6,1,9,8,1,80,lb,110,lb,0,2026-03-19T13:48:16.781Z,Quadriceps,"Adductor Magnus,Gluteus Maximus,Soleus",
2026-03-19T13:11:37.808Z,GVS Ravage ,Week 2 - Day 1 - Legs A,"Hack Squat, Smith Machine",0,15,10,1,8,8,1,57.5,lb,90,lb,0,2026-03-19T13:52:49.649Z,Quadriceps,"Adductor Magnus,Gluteus Maximus,Soleus",
2026-03-19T13:11:37.808Z,GVS Ravage ,Week 2 - Day 1 - Legs A,"Hack Squat, Smith Machine",0,15,8,1,8,8,1,57.5,lb,90,lb,0,2026-03-19T14:00:28.313Z,Quadriceps,"Adductor Magnus,Gluteus Maximus,Soleus",
2026-03-19T13:11:37.808Z,GVS Ravage ,Week 2 - Day 1 - Legs A,"Stiff Leg Deadlift, Dumbbell",0,15,11,1,9,9,1,65,lb,50,lb,0,2026-03-19T13:21:38.123Z,Erector Spinae,"Adductor Magnus,Gluteus Maximus,Hamstrings",
2026-03-19T13:11:37.808Z,GVS Ravage ,Week 2 - Day 1 - Legs A,"Stiff Leg Deadlift, Dumbbell",0,15,10,1,9,9,1,65,lb,50,lb,0,2026-03-19T13:36:05.233Z,Erector Spinae,"Adductor Magnus,Gluteus Maximus,Hamstrings",
2026-03-19T13:11:37.808Z,GVS Ravage ,Week 2 - Day 1 - Legs A,Walking Lunge,1,,2,0,,,0,,,25,lb,0,2026-03-19T14:01:33.408Z,Quadriceps,"Gastrocnemius,Gluteus Maximus,Hamstrings,Soleus",
2026-03-19T13:11:37.808Z,GVS Ravage ,Week 2 - Day 1 - Legs A,Walking Lunge,0,30,30,1,9,9.5,1,0,lb,15,lb,0,2026-03-19T14:06:27.801Z,Quadriceps,"Gastrocnemius,Gluteus Maximus,Hamstrings,Soleus",
2026-03-19T13:11:37.808Z,GVS Ravage ,Week 2 - Day 1 - Legs A,Walking Lunge,0,30,18,1,9,10,1,0,lb,15,lb,0,2026-03-19T14:12:41.662Z,Quadriceps,"Gastrocnemius,Gluteus Maximus,Hamstrings,Soleus",
2026-03-19T13:11:37.808Z,GVS Ravage ,Week 2 - Day 1 - Legs A,Lying Leg Curl,1,5,1,0,,,0,31.25,lb,90,lb,0,2026-03-19T14:15:06.002Z,Hamstrings,"Gastrocnemius,Sartorius",
2026-03-19T13:11:37.808Z,GVS Ravage ,Week 2 - Day 1 - Legs A,Lying Leg Curl,0,12,7,1,10,10,1,40,lb,90,lb,0,2026-03-19T14:16:59.907Z,Hamstrings,"Gastrocnemius,Sartorius",
2026-03-19T13:11:37.808Z,GVS Ravage ,Week 2 - Day 1 - Legs A,Lying Leg Curl,0,12,9,1,10,10,1,40,lb,82.5,lb,0,2026-03-19T14:19:11.858Z,Hamstrings,"Gastrocnemius,Sartorius",
2026-02-27T01:14:27.140Z,SBS Novice Hypertrophy 5x,Day 1,"Bench Press, Dumbbell",1,5,2,0,,,0,47.5,lb,60,lb,0,2026-02-27T01:18:19.466Z,Pectoralis Major Sternal Head,"Deltoid Anterior,Pectoralis Major Clavicular Head,Triceps Brachii",
2026-02-27T01:14:27.140Z,SBS Novice Hypertrophy 5x,Day 1,"Bench Press, Dumbbell",0,8,8,0,,,0,60,lb,60,lb,0,2026-02-27T01:31:41.164Z,Pectoralis Major Sternal Head,"Deltoid Anterior,Pectoralis Major Clavicular Head,Triceps Brachii",
2026-02-27T01:14:27.140Z,SBS Novice Hypertrophy 5x,Day 1,"Bench Press, Dumbbell",0,8,8,0,,,0,60,lb,60,lb,0,2026-02-27T01:31:41.400Z,Pectoralis Major Sternal Head,"Deltoid Anterior,Pectoralis Major Clavicular Head,Triceps Brachii",
2026-02-27T01:14:27.140Z,SBS Novice Hypertrophy 5x,Day 1,"Bench Press, Dumbbell",0,8,8,0,,,0,60,lb,60,lb,0,2026-02-27T01:43:53.876Z,Pectoralis Major Sternal Head,"Deltoid Anterior,Pectoralis Major Clavicular Head,Triceps Brachii",
2026-02-27T01:14:27.140Z,SBS Novice Hypertrophy 5x,Day 1,"Bench Press, Dumbbell",0,8,8,0,,,0,60,lb,60,lb,0,2026-02-27T01:50:10.779Z,Pectoralis Major Sternal Head,"Deltoid Anterior,Pectoralis Major Clavicular Head,Triceps Brachii",
2026-02-27T01:14:27.140Z,SBS Novice Hypertrophy 5x,Day 1,Bent Over Row,1,5,3,0,,,0,90,lb,95,lb,0,2026-02-27T01:21:06.730Z,"Latissimus Dorsi,Trapezius Lower Fibers,Trapezius Middle Fibers","Brachialis,Brachioradialis,Deltoid Posterior,Infraspinatus,Pectoralis Major Sternal Head,Teres Major,Teres Minor",
2026-02-27T01:14:27.140Z,SBS Novice Hypertrophy 5x,Day 1,Bent Over Row,1,3,2,0,,,0,95,lb,115,lb,0,2026-02-27T01:24:03.378Z,"Latissimus Dorsi,Trapezius Lower Fibers,Trapezius Middle Fibers","Brachialis,Brachioradialis,Deltoid Posterior,Infraspinatus,Pectoralis Major Sternal Head,Teres Major,Teres Minor",
2026-02-27T01:14:27.140Z,SBS Novice Hypertrophy 5x,Day 1,Bent Over Row,0,10,10,0,,,0,115,lb,115,lb,0,2026-02-27T01:27:01.918Z,"Latissimus Dorsi,Trapezius Lower Fibers,Trapezius Middle Fibers","Brachialis,Brachioradialis,Deltoid Posterior,Infraspinatus,Pectoralis Major Sternal Head,Teres Major,Teres Minor",
2026-02-27T01:14:27.140Z,SBS Novice Hypertrophy 5x,Day 1,Bent Over Row,0,10,6,0,,,0,115,lb,115,lb,0,2026-02-27T01:32:19.716Z,"Latissimus Dorsi,Trapezius Lower Fibers,Trapezius Middle Fibers","Brachialis,Brachioradialis,Deltoid Posterior,Infraspinatus,Pectoralis Major Sternal Head,Teres Major,Teres Minor",
2026-02-27T01:14:27.140Z,SBS Novice Hypertrophy 5x,Day 1,Bent Over Row,0,10,4,0,,,0,115,lb,115,lb,0,2026-02-27T01:45:14.354Z,"Latissimus Dorsi,Trapezius Lower Fibers,Trapezius Middle Fibers","Brachialis,Brachioradialis,Deltoid Posterior,Infraspinatus,Pectoralis Major Sternal Head,Teres Major,Teres Minor",
2026-02-27T01:14:27.140Z,SBS Novice Hypertrophy 5x,Day 1,"Shoulder Press, Leverage Machine",1,5,2,0,,,0,63.75,lb,80,lb,0,2026-02-27T01:53:42.871Z,Deltoid Anterior,"Deltoid Lateral,Pectoralis Major Clavicular Head,Serratus Anterior,Trapezius Lower Fibers,Trapezius Middle Fibers,Triceps Brachii",
2026-02-27T01:14:27.140Z,SBS Novice Hypertrophy 5x,Day 1,"Shoulder Press, Leverage Machine",0,8,8,0,,,0,80,lb,80,lb,0,2026-02-27T01:56:49.965Z,Deltoid Anterior,"Deltoid Lateral,Pectoralis Major Clavicular Head,Serratus Anterior,Trapezius Lower Fibers,Trapezius Middle Fibers,Triceps Brachii",
2026-02-27T01:14:27.140Z,SBS Novice Hypertrophy 5x,Day 1,"Shoulder Press, Leverage Machine",0,8,8,0,,,0,80,lb,80,lb,0,2026-02-27T02:01:13.954Z,Deltoid Anterior,"Deltoid Lateral,Pectoralis Major Clavicular Head,Serratus Anterior,Trapezius Lower Fibers,Trapezius Middle Fibers,Triceps Brachii",
2026-02-27T01:14:27.140Z,SBS Novice Hypertrophy 5x,Day 1,"Shoulder Press, Leverage Machine",0,8,8,0,,,0,80,lb,80,lb,0,2026-02-27T02:11:34.635Z,Deltoid Anterior,"Deltoid Lateral,Pectoralis Major Clavicular Head,Serratus Anterior,Trapezius Lower Fibers,Trapezius Middle Fibers,Triceps Brachii",
2026-02-27T01:14:27.140Z,SBS Novice Hypertrophy 5x,Day 1,"Shoulder Press, Leverage Machine",0,8,8,0,,,0,80,lb,80,lb,0,2026-02-27T02:11:58.974Z,Deltoid Anterior,"Deltoid Lateral,Pectoralis Major Clavicular Head,Serratus Anterior,Trapezius Lower Fibers,Trapezius Middle Fibers,Triceps Brachii",
2026-02-27T01:14:27.140Z,SBS Novice Hypertrophy 5x,Day 1,"Lat Pulldown, Leverage Machine",1,5,2,0,,,0,120,lb,150,lb,0,2026-02-27T01:47:03.030Z,Latissimus Dorsi,"Biceps Brachii,Brachialis,Brachioradialis,Deltoid Posterior,Infraspinatus,Levator Scapulae,Teres Major,Teres Minor,Trapezius Lower Fibers,Trapezius Middle Fibers",
2026-02-27T01:14:27.140Z,SBS Novice Hypertrophy 5x,Day 1,"Lat Pulldown, Leverage Machine",0,8,8,0,,,0,151.25,lb,150,lb,0,2026-02-27T01:51:13.603Z,Latissimus Dorsi,"Biceps Brachii,Brachialis,Brachioradialis,Deltoid Posterior,Infraspinatus,Levator Scapulae,Teres Major,Teres Minor,Trapezius Lower Fibers,Trapezius Middle Fibers",
2026-02-27T01:14:27.140Z,SBS Novice Hypertrophy 5x,Day 1,"Lat Pulldown, Leverage Machine",0,8,8,0,,,0,151.25,lb,150,lb,0,2026-02-27T01:57:36.278Z,Latissimus Dorsi,"Biceps Brachii,Brachialis,Brachioradialis,Deltoid Posterior,Infraspinatus,Levator Scapulae,Teres Major,Teres Minor,Trapezius Lower Fibers,Trapezius Middle Fibers",
2026-02-27T01:14:27.140Z,SBS Novice Hypertrophy 5x,Day 1,"Lat Pulldown, Leverage Machine",0,8,8,0,,,0,151.25,lb,150,lb,0,2026-02-27T02:02:19.249Z,Latissimus Dorsi,"Biceps Brachii,Brachialis,Brachioradialis,Deltoid Posterior,Infraspinatus,Levator Scapulae,Teres Major,Teres Minor,Trapezius Lower Fibers,Trapezius Middle Fibers",
2026-02-22T23:37:46.695Z,SBS Novice Hypertrophy 5x,Day 5,Concentration Curl,1,5,2,0,,,0,20,lb,30,lb,0,2026-02-22T23:41:38.528Z,Brachialis,"Biceps Brachii,Brachioradialis",
2026-02-22T23:37:46.695Z,SBS Novice Hypertrophy 5x,Day 5,Concentration Curl,0,10,8,0,,,0,25,lb,30,lb,0,2026-02-22T23:49:41.863Z,Brachialis,"Biceps Brachii,Brachioradialis",
2026-02-22T23:37:46.695Z,SBS Novice Hypertrophy 5x,Day 5,Concentration Curl,0,10,4,0,,,0,25,lb,30,lb,0,2026-02-22T23:58:06.371Z,Brachialis,"Biceps Brachii,Brachioradialis",
2026-02-22T23:37:46.695Z,SBS Novice Hypertrophy 5x,Day 5,Concentration Curl,0,10,3,0,,,0,25,lb,30,lb,0,2026-02-23T00:04:45.068Z,Brachialis,"Biceps Brachii,Brachioradialis",
2026-02-22T23:37:46.695Z,SBS Novice Hypertrophy 5x,Day 5,Concentration Curl,0,10,4,0,,,0,25,lb,30,lb,0,2026-02-23T00:15:27.109Z,Brachialis,"Biceps Brachii,Brachioradialis",
2026-02-22T23:37:46.695Z,SBS Novice Hypertrophy 5x,Day 5,Skullcrusher,1,5,2,0,,,0,20,lb,40,lb,0,2026-02-22T23:45:43.914Z,Triceps Brachii,,
2026-02-22T23:37:46.695Z,SBS Novice Hypertrophy 5x,Day 5,Skullcrusher,0,8,13,0,,,0,20,lb,40,lb,0,2026-02-22T23:51:59.768Z,Triceps Brachii,,
2026-02-22T23:37:46.695Z,SBS Novice Hypertrophy 5x,Day 5,Skullcrusher,0,8,12,0,,,0,20,lb,40,lb,0,2026-02-22T23:59:58.203Z,Triceps Brachii,,
2026-02-22T23:37:46.695Z,SBS Novice Hypertrophy 5x,Day 5,Skullcrusher,0,8,13,0,,,0,20,lb,40,lb,0,2026-02-23T00:06:57.943Z,Triceps Brachii,,
2026-02-22T23:37:46.695Z,SBS Novice Hypertrophy 5x,Day 5,Skullcrusher,0,8,16,0,,,0,20,lb,40,lb,0,2026-02-23T00:17:39.602Z,Triceps Brachii,,
2026-02-22T23:37:46.695Z,SBS Novice Hypertrophy 5x,Day 5,Lateral Raise,1,5,2,0,,,0,20,lb,25,lb,0,2026-02-23T00:24:43.142Z,Deltoid Lateral,"Deltoid Anterior,Serratus Anterior,Trapezius Lower Fibers,Trapezius Middle Fibers",
2026-02-22T23:37:46.695Z,SBS Novice Hypertrophy 5x,Day 5,Lateral Raise,0,10,10,0,,,0,27.5,lb,25,lb,0,2026-02-23T00:28:23.284Z,Deltoid Lateral,"Deltoid Anterior,Serratus Anterior,Trapezius Lower Fibers,Trapezius Middle Fibers",
2026-02-22T23:37:46.695Z,SBS Novice Hypertrophy 5x,Day 5,Lateral Raise,0,10,10,0,,,0,27.5,lb,25,lb,0,2026-02-23T00:36:12.732Z,Deltoid Lateral,"Deltoid Anterior,Serratus Anterior,Trapezius Lower Fibers,Trapezius Middle Fibers",
2026-02-22T23:37:46.695Z,SBS Novice Hypertrophy 5x,Day 5,Lateral Raise,0,10,10,0,,,0,27.5,lb,25,lb,0,2026-02-23T00:41:23.509Z,Deltoid Lateral,"Deltoid Anterior,Serratus Anterior,Trapezius Lower Fibers,Trapezius Middle Fibers",
2026-02-22T23:37:46.695Z,SBS Novice Hypertrophy 5x,Day 5,"Shrug, Smith Machine",1,5,3,0,,,0,117.5,lb,75,lb,0,2026-02-23T00:43:15.343Z,Trapezius Upper Fibers,"Levator Scapulae,Trapezius Middle Fibers",
2026-02-22T23:37:46.695Z,SBS Novice Hypertrophy 5x,Day 5,"Shrug, Smith Machine",1,2,2,0,,,0,75,lb,165,lb,0,2026-02-23T00:44:54.874Z,Trapezius Upper Fibers,"Levator Scapulae,Trapezius Middle Fibers",
2026-02-22T23:37:46.695Z,SBS Novice Hypertrophy 5x,Day 5,"Shrug, Smith Machine",0,8,3,0,,,0,147.5,lb,165,lb,0,2026-02-23T00:51:32.176Z,Trapezius Upper Fibers,"Levator Scapulae,Trapezius Middle Fibers",
2026-02-22T23:37:46.695Z,SBS Novice Hypertrophy 5x,Day 5,"Shrug, Smith Machine",0,8,6,0,,,0,147.5,lb,150,lb,0,2026-02-23T01:02:15.987Z,Trapezius Upper Fibers,"Levator Scapulae,Trapezius Middle Fibers",
2026-02-22T23:37:46.695Z,SBS Novice Hypertrophy 5x,Day 5,"Shrug, Smith Machine",0,8,7,0,,,0,147.5,lb,150,lb,0,2026-02-23T01:07:28.308Z,Trapezius Upper Fibers,"Levator Scapulae,Trapezius Middle Fibers",
2026-02-22T23:37:46.695Z,SBS Novice Hypertrophy 5x,Day 5,"Shrug, Smith Machine",0,8,8,0,,,0,147.5,lb,150,lb,0,2026-02-23T01:20:36.508Z,Trapezius Upper Fibers,"Levator Scapulae,Trapezius Middle Fibers",
2026-02-22T23:37:46.695Z,SBS Novice Hypertrophy 5x,Day 5,Incline Chest Fly,1,5,2,0,,,0,15,lb,25,lb,0,2026-02-23T00:55:15.831Z,Pectoralis Major Clavicular Head,"Biceps Brachii,Deltoid Anterior,Pectoralis Major Sternal Head",
2026-02-22T23:37:46.695Z,SBS Novice Hypertrophy 5x,Day 5,Incline Chest Fly,0,10,10,0,,,0,20,lb,25,lb,0,2026-02-23T00:59:23.672Z,Pectoralis Major Clavicular Head,"Biceps Brachii,Deltoid Anterior,Pectoralis Major Sternal Head",
2026-02-22T23:37:46.695Z,SBS Novice Hypertrophy 5x,Day 5,Incline Chest Fly,0,10,8,0,,,0,20,lb,25,lb,0,2026-02-23T01:03:22.475Z,Pectoralis Major Clavicular Head,"Biceps Brachii,Deltoid Anterior,Pectoralis Major Sternal Head",
2026-02-22T23:37:46.695Z,SBS Novice Hypertrophy 5x,Day 5,Incline Chest Fly,0,10,10,0,,,0,20,lb,25,lb,0,2026-02-23T01:11:04.005Z,Pectoralis Major Clavicular Head,"Biceps Brachii,Deltoid Anterior,Pectoralis Major Sternal Head",
2026-02-22T23:37:46.695Z,SBS Novice Hypertrophy 5x,Day 5,Incline Chest Fly,0,10,10,0,,,0,20,lb,25,lb,0,2026-02-23T01:20:40.502Z,Pectoralis Major Clavicular Head,"Biceps Brachii,Deltoid Anterior,Pectoralis Major Sternal Head",
2026-02-22T23:37:46.695Z,SBS Novice Hypertrophy 5x,Day 5,Standing Row Rear Delt With Rope,1,5,2,0,,,0,37.5,lb,52.5,lb,0,2026-02-23T00:26:06.637Z,Deltoid Posterior,"Brachialis,Brachioradialis,Deltoid Lateral,Infraspinatus,Teres Minor,Trapezius Lower Fibers,Trapezius Middle Fibers",
2026-02-22T23:37:46.695Z,SBS Novice Hypertrophy 5x,Day 5,Standing Row Rear Delt With Rope,0,8,10,0,,,0,47.5,lb,52.5,lb,0,2026-02-23T00:33:20.003Z,Deltoid Posterior,"Brachialis,Brachioradialis,Deltoid Lateral,Infraspinatus,Teres Minor,Trapezius Lower Fibers,Trapezius Middle Fibers",
2026-02-22T23:37:46.695Z,SBS Novice Hypertrophy 5x,Day 5,Standing Row Rear Delt With Rope,0,8,8,0,,,0,47.5,lb,52.5,lb,0,2026-02-23T00:38:08.801Z,Deltoid Posterior,"Brachialis,Brachioradialis,Deltoid Lateral,Infraspinatus,Teres Minor,Trapezius Lower Fibers,Trapezius Middle Fibers",
2026-02-22T23:37:46.695Z,SBS Novice Hypertrophy 5x,Day 5,Standing Row Rear Delt With Rope,0,8,7,0,,,0,47.5,lb,52.5,lb,0,2026-02-23T00:42:02.685Z,Deltoid Posterior,"Brachialis,Brachioradialis,Deltoid Lateral,Infraspinatus,Teres Minor,Trapezius Lower Fibers,Trapezius Middle Fibers",
2026-02-20T01:11:22.984Z,SBS Novice Hypertrophy 5x,Day 3,Shoulder Press,1,5,2,0,,,0,30,lb,45,lb,0,2026-02-20T01:16:06.845Z,Deltoid Anterior,"Deltoid Lateral,Pectoralis Major Clavicular Head,Serratus Anterior,Trapezius Lower Fibers,Trapezius Middle Fibers,Triceps Brachii",
2026-02-20T01:11:22.984Z,SBS Novice Hypertrophy 5x,Day 3,Shoulder Press,0,10,5,0,,,0,40,lb,45,lb,0,2026-02-20T01:19:10.242Z,Deltoid Anterior,"Deltoid Lateral,Pectoralis Major Clavicular Head,Serratus Anterior,Trapezius Lower Fibers,Trapezius Middle Fibers,Triceps Brachii",
2026-02-20T01:11:22.984Z,SBS Novice Hypertrophy 5x,Day 3,Shoulder Press,0,10,4,0,,,0,40,lb,45,lb,0,2026-02-20T01:23:29.514Z,Deltoid Anterior,"Deltoid Lateral,Pectoralis Major Clavicular Head,Serratus Anterior,Trapezius Lower Fibers,Trapezius Middle Fibers,Triceps Brachii",
2026-02-20T01:11:22.984Z,SBS Novice Hypertrophy 5x,Day 3,Shoulder Press,0,10,5,0,,,0,40,lb,45,lb,0,2026-02-20T01:35:25.725Z,Deltoid Anterior,"Deltoid Lateral,Pectoralis Major Clavicular Head,Serratus Anterior,Trapezius Lower Fibers,Trapezius Middle Fibers,Triceps Brachii",
2026-02-20T01:11:22.984Z,SBS Novice Hypertrophy 5x,Day 3,Pull Up,1,,2,0,,,0,,,0,lb,0,2026-02-20T01:16:41.814Z,Latissimus Dorsi,"Biceps Brachii,Brachialis,Brachioradialis,Deltoid Posterior,Infraspinatus,Levator Scapulae,Teres Major,Teres Minor,Trapezius Lower Fibers,Trapezius Middle Fibers",
2026-02-20T01:11:22.984Z,SBS Novice Hypertrophy 5x,Day 3,Pull Up,0,8,4,0,,,0,0,lb,0,lb,0,2026-02-20T01:19:42.826Z,Latissimus Dorsi,"Biceps Brachii,Brachialis,Brachioradialis,Deltoid Posterior,Infraspinatus,Levator Scapulae,Teres Major,Teres Minor,Trapezius Lower Fibers,Trapezius Middle Fibers",
2026-02-20T01:11:22.984Z,SBS Novice Hypertrophy 5x,Day 3,Pull Up,0,8,5,0,,,0,0,lb,0,lb,0,2026-02-20T01:27:31.946Z,Latissimus Dorsi,"Biceps Brachii,Brachialis,Brachioradialis,Deltoid Posterior,Infraspinatus,Levator Scapulae,Teres Major,Teres Minor,Trapezius Lower Fibers,Trapezius Middle Fibers",
2026-02-20T01:11:22.984Z,SBS Novice Hypertrophy 5x,Day 3,Pull Up,0,8,4,0,,,0,0,lb,0,lb,0,2026-02-20T01:36:38.721Z,Latissimus Dorsi,"Biceps Brachii,Brachialis,Brachioradialis,Deltoid Posterior,Infraspinatus,Levator Scapulae,Teres Major,Teres Minor,Trapezius Lower Fibers,Trapezius Middle Fibers",
2026-02-20T01:11:22.984Z,SBS Novice Hypertrophy 5x,Day 3,"Incline Bench Press, Dumbbell",1,,2,0,,,0,,,55,lb,0,2026-02-20T01:41:37.300Z,Pectoralis Major Clavicular Head,"Deltoid Anterior,Pectoralis Major Sternal Head,Triceps Brachii",
2026-02-20T01:11:22.984Z,SBS Novice Hypertrophy 5x,Day 3,"Incline Bench Press, Dumbbell",0,10,10,0,,,0,45,lb,55,lb,0,2026-02-20T01:47:35.082Z,Pectoralis Major Clavicular Head,"Deltoid Anterior,Pectoralis Major Sternal Head,Triceps Brachii",
2026-02-20T01:11:22.984Z,SBS Novice Hypertrophy 5x,Day 3,"Incline Bench Press, Dumbbell",0,10,10,0,,,0,45,lb,55,lb,0,2026-02-20T01:55:20.183Z,Pectoralis Major Clavicular Head,"Deltoid Anterior,Pectoralis Major Sternal Head,Triceps Brachii",
2026-02-20T01:11:22.984Z,SBS Novice Hypertrophy 5x,Day 3,"Incline Bench Press, Dumbbell",0,10,10,0,,,0,45,lb,55,lb,0,2026-02-20T02:04:28.406Z,Pectoralis Major Clavicular Head,"Deltoid Anterior,Pectoralis Major Sternal Head,Triceps Brachii",
2026-02-20T01:11:22.984Z,SBS Novice Hypertrophy 5x,Day 3,Bent Over One Arm Row,1,5,2,0,,,0,55,lb,55,lb,0,2026-02-20T01:42:31.858Z,"Latissimus Dorsi,Trapezius Lower Fibers,Trapezius Middle Fibers","Infraspinatus,Teres Major,Teres Minor,Brachialis,Brachioradialis,Deltoid Posterior,Pectoralis Major Sternal Head",
2026-02-20T01:11:22.984Z,SBS Novice Hypertrophy 5x,Day 3,Bent Over One Arm Row,0,10,8,0,,,0,70,lb,55,lb,0,2026-02-20T01:49:16.736Z,"Latissimus Dorsi,Trapezius Lower Fibers,Trapezius Middle Fibers","Infraspinatus,Teres Major,Teres Minor,Brachialis,Brachioradialis,Deltoid Posterior,Pectoralis Major Sternal Head",
2026-02-20T01:11:22.984Z,SBS Novice Hypertrophy 5x,Day 3,Bent Over One Arm Row,0,10,6,0,,,0,70,lb,55,lb,0,2026-02-20T01:57:12.725Z,"Latissimus Dorsi,Trapezius Lower Fibers,Trapezius Middle Fibers","Infraspinatus,Teres Major,Teres Minor,Brachialis,Brachioradialis,Deltoid Posterior,Pectoralis Major Sternal Head",
2026-02-20T01:11:22.984Z,SBS Novice Hypertrophy 5x,Day 3,Bent Over One Arm Row,0,10,6,0,,,0,70,lb,55,lb,0,2026-02-20T02:06:48.046Z,"Latissimus Dorsi,Trapezius Lower Fibers,Trapezius Middle Fibers","Infraspinatus,Teres Major,Teres Minor,Brachialis,Brachioradialis,Deltoid Posterior,Pectoralis Major Sternal Head",
2026-02-18T00:59:26.076Z,SBS Novice Hypertrophy 5x,Day 1,"Bench Press, Dumbbell",1,5,2,0,,,0,47.5,lb,60,lb,0,2026-02-18T01:02:29.446Z,Pectoralis Major Sternal Head,"Deltoid Anterior,Pectoralis Major Clavicular Head,Triceps Brachii",
2026-02-18T00:59:26.076Z,SBS Novice Hypertrophy 5x,Day 1,"Bench Press, Dumbbell",0,8,8,0,,,0,60,lb,60,lb,0,2026-02-18T01:08:05.927Z,Pectoralis Major Sternal Head,"Deltoid Anterior,Pectoralis Major Clavicular Head,Triceps Brachii",
2026-02-18T00:59:26.076Z,SBS Novice Hypertrophy 5x,Day 1,"Bench Press, Dumbbell",0,8,8,0,,,0,60,lb,60,lb,0,2026-02-18T01:18:37.984Z,Pectoralis Major Sternal Head,"Deltoid Anterior,Pectoralis Major Clavicular Head,Triceps Brachii",
2026-02-18T00:59:26.076Z,SBS Novice Hypertrophy 5x,Day 1,"Bench Press, Dumbbell",0,8,8,0,,,0,60,lb,60,lb,0,2026-02-18T01:29:08.600Z,Pectoralis Major Sternal Head,"Deltoid Anterior,Pectoralis Major Clavicular Head,Triceps Brachii",
2026-02-18T00:59:26.076Z,SBS Novice Hypertrophy 5x,Day 1,Bent Over Row,1,5,10,0,,,0,90,lb,45,lb,0,2026-02-18T01:03:47.068Z,"Latissimus Dorsi,Trapezius Lower Fibers,Trapezius Middle Fibers","Brachialis,Brachioradialis,Deltoid Posterior,Infraspinatus,Pectoralis Major Sternal Head,Teres Major,Teres Minor",
2026-02-18T00:59:26.076Z,SBS Novice Hypertrophy 5x,Day 1,Bent Over Row,1,10,2,0,,,0,45,lb,115,lb,0,2026-02-18T01:05:25.526Z,"Latissimus Dorsi,Trapezius Lower Fibers,Trapezius Middle Fibers","Brachialis,Brachioradialis,Deltoid Posterior,Infraspinatus,Pectoralis Major Sternal Head,Teres Major,Teres Minor",
2026-02-18T00:59:26.076Z,SBS Novice Hypertrophy 5x,Day 1,Bent Over Row,0,10,10,0,,,0,115,lb,115,lb,0,2026-02-18T01:11:33.695Z,"Latissimus Dorsi,Trapezius Lower Fibers,Trapezius Middle Fibers","Brachialis,Brachioradialis,Deltoid Posterior,Infraspinatus,Pectoralis Major Sternal Head,Teres Major,Teres Minor",
2026-02-18T00:59:26.076Z,SBS Novice Hypertrophy 5x,Day 1,Bent Over Row,0,10,7,0,,,0,115,lb,115,lb,0,2026-02-18T01:18:43.753Z,"Latissimus Dorsi,Trapezius Lower Fibers,Trapezius Middle Fibers","Brachialis,Brachioradialis,Deltoid Posterior,Infraspinatus,Pectoralis Major Sternal Head,Teres Major,Teres Minor",
2026-02-18T00:59:26.076Z,SBS Novice Hypertrophy 5x,Day 1,Bent Over Row,0,10,9,0,,,0,115,lb,115,lb,0,2026-02-18T01:30:34.625Z,"Latissimus Dorsi,Trapezius Lower Fibers,Trapezius Middle Fibers","Brachialis,Brachioradialis,Deltoid Posterior,Infraspinatus,Pectoralis Major Sternal Head,Teres Major,Teres Minor",
2026-02-18T00:59:26.076Z,SBS Novice Hypertrophy 5x,Day 1,"Shoulder Press, Leverage Machine",1,5,2,0,,,0,63.75,lb,80,lb,0,2026-02-18T01:31:50.699Z,Deltoid Anterior,"Deltoid Lateral,Pectoralis Major Clavicular Head,Serratus Anterior,Trapezius Lower Fibers,Trapezius Middle Fibers,Triceps Brachii",
2026-02-18T00:59:26.076Z,SBS Novice Hypertrophy 5x,Day 1,"Shoulder Press, Leverage Machine",0,8,8,0,,,0,80,lb,80,lb,0,2026-02-18T01:39:40.817Z,Deltoid Anterior,"Deltoid Lateral,Pectoralis Major Clavicular Head,Serratus Anterior,Trapezius Lower Fibers,Trapezius Middle Fibers,Triceps Brachii",
2026-02-18T00:59:26.076Z,SBS Novice Hypertrophy 5x,Day 1,"Shoulder Press, Leverage Machine",0,8,8,0,,,0,80,lb,80,lb,0,2026-02-18T01:46:32.318Z,Deltoid Anterior,"Deltoid Lateral,Pectoralis Major Clavicular Head,Serratus Anterior,Trapezius Lower Fibers,Trapezius Middle Fibers,Triceps Brachii",
2026-02-18T00:59:26.076Z,SBS Novice Hypertrophy 5x,Day 1,"Shoulder Press, Leverage Machine",0,8,8,0,,,0,80,lb,80,lb,0,2026-02-18T01:51:34.771Z,Deltoid Anterior,"Deltoid Lateral,Pectoralis Major Clavicular Head,Serratus Anterior,Trapezius Lower Fibers,Trapezius Middle Fibers,Triceps Brachii",
2026-02-18T00:59:26.076Z,SBS Novice Hypertrophy 5x,Day 1,"Lat Pulldown, Leverage Machine",1,5,2,0,,,0,110,lb,137.5,lb,0,2026-02-18T01:37:45.635Z,Latissimus Dorsi,"Biceps Brachii,Brachialis,Brachioradialis,Deltoid Posterior,Infraspinatus,Levator Scapulae,Teres Major,Teres Minor,Trapezius Lower Fibers,Trapezius Middle Fibers",
2026-02-18T00:59:26.076Z,SBS Novice Hypertrophy 5x,Day 1,"Lat Pulldown, Leverage Machine",0,10,10,0,,,0,137.5,lb,137.5,lb,0,2026-02-18T01:40:16.122Z,Latissimus Dorsi,"Biceps Brachii,Brachialis,Brachioradialis,Deltoid Posterior,Infraspinatus,Levator Scapulae,Teres Major,Teres Minor,Trapezius Lower Fibers,Trapezius Middle Fibers",
2026-02-18T00:59:26.076Z,SBS Novice Hypertrophy 5x,Day 1,"Lat Pulldown, Leverage Machine",0,10,10,0,,,0,137.5,lb,137.5,lb,0,2026-02-18T01:47:26.956Z,Latissimus Dorsi,"Biceps Brachii,Brachialis,Brachioradialis,Deltoid Posterior,Infraspinatus,Levator Scapulae,Teres Major,Teres Minor,Trapezius Lower Fibers,Trapezius Middle Fibers",
2026-02-18T00:59:26.076Z,SBS Novice Hypertrophy 5x,Day 1,"Lat Pulldown, Leverage Machine",0,10,10,0,,,0,137.5,lb,137.5,lb,0,2026-02-18T01:52:35.796Z,Latissimus Dorsi,"Biceps Brachii,Brachialis,Brachioradialis,Deltoid Posterior,Infraspinatus,Levator Scapulae,Teres Major,Teres Minor,Trapezius Lower Fibers,Trapezius Middle Fibers",
2026-02-18T00:59:26.076Z,SBS Novice Hypertrophy 5x,Day 1,"Lat Pulldown, Leverage Machine",0,10,10,0,,,0,137.5,lb,137.5,lb,0,2026-02-18T01:59:27.643Z,Latissimus Dorsi,"Biceps Brachii,Brachialis,Brachioradialis,Deltoid Posterior,Infraspinatus,Levator Scapulae,Teres Major,Teres Minor,Trapezius Lower Fibers,Trapezius Middle Fibers",
2026-02-15T23:41:13.483Z,SBS Novice Hypertrophy 5x,Day 5,Concentration Curl,1,5,2,0,,,0,20,lb,25,lb,0,2026-02-15T23:43:18.249Z,Brachialis,"Biceps Brachii,Brachioradialis",
2026-02-15T23:41:13.483Z,SBS Novice Hypertrophy 5x,Day 5,Concentration Curl,0,10,7,0,,,0,25,lb,25,lb,0,2026-02-15T23:47:43.696Z,Brachialis,"Biceps Brachii,Brachioradialis",
2026-02-15T23:41:13.483Z,SBS Novice Hypertrophy 5x,Day 5,Concentration Curl,0,10,7,0,,,0,25,lb,25,lb,0,2026-02-15T23:54:25.582Z,Brachialis,"Biceps Brachii,Brachioradialis",
2026-02-15T23:41:13.483Z,SBS Novice Hypertrophy 5x,Day 5,Concentration Curl,0,10,7,0,,,0,25,lb,25,lb,0,2026-02-16T00:00:54.096Z,Brachialis,"Biceps Brachii,Brachioradialis",
2026-02-15T23:41:13.483Z,SBS Novice Hypertrophy 5x,Day 5,Concentration Curl,0,10,5,0,,,0,25,lb,25,lb,0,2026-02-16T00:04:58.527Z,Brachialis,"Biceps Brachii,Brachioradialis",
2026-02-15T23:41:13.483Z,SBS Novice Hypertrophy 5x,Day 5,Skullcrusher,1,5,2,0,,,0,20,lb,40,lb,0,2026-02-16T00:10:55.846Z,Triceps Brachii,,
2026-02-15T23:41:13.483Z,SBS Novice Hypertrophy 5x,Day 5,Skullcrusher,0,8,9,0,,,0,20,lb,40,lb,0,2026-02-16T00:16:12.874Z,Triceps Brachii,,
2026-02-15T23:41:13.483Z,SBS Novice Hypertrophy 5x,Day 5,Skullcrusher,0,8,9,0,,,0,20,lb,40,lb,0,2026-02-16T00:21:44.442Z,Triceps Brachii,,
2026-02-15T23:41:13.483Z,SBS Novice Hypertrophy 5x,Day 5,Skullcrusher,0,8,8,0,,,0,20,lb,40,lb,0,2026-02-16T00:27:09.809Z,Triceps Brachii,,
2026-02-15T23:41:13.483Z,SBS Novice Hypertrophy 5x,Day 5,Lateral Raise,1,5,2,0,,,0,20,lb,25,lb,0,2026-02-15T23:45:07.430Z,Deltoid Lateral,"Deltoid Anterior,Serratus Anterior,Trapezius Lower Fibers,Trapezius Middle Fibers",
2026-02-15T23:41:13.483Z,SBS Novice Hypertrophy 5x,Day 5,Lateral Raise,0,10,10,0,,,0,27.5,lb,25,lb,0,2026-02-15T23:50:26.871Z,Deltoid Lateral,"Deltoid Anterior,Serratus Anterior,Trapezius Lower Fibers,Trapezius Middle Fibers",
2026-02-15T23:41:13.483Z,SBS Novice Hypertrophy 5x,Day 5,Lateral Raise,0,10,10,0,,,0,27.5,lb,25,lb,0,2026-02-15T23:56:49.399Z,Deltoid Lateral,"Deltoid Anterior,Serratus Anterior,Trapezius Lower Fibers,Trapezius Middle Fibers",
2026-02-15T23:41:13.483Z,SBS Novice Hypertrophy 5x,Day 5,Lateral Raise,0,10,6,0,,,0,27.5,lb,25,lb,0,2026-02-16T00:01:32.646Z,Deltoid Lateral,"Deltoid Anterior,Serratus Anterior,Trapezius Lower Fibers,Trapezius Middle Fibers",
2026-02-15T23:41:13.483Z,SBS Novice Hypertrophy 5x,Day 5,"Shrug, Smith Machine",1,5,3,0,,,0,72.5,lb,115,lb,0,2026-02-16T00:12:11.712Z,Trapezius Upper Fibers,"Levator Scapulae,Trapezius Middle Fibers",
2026-02-15T23:41:13.483Z,SBS Novice Hypertrophy 5x,Day 5,"Shrug, Smith Machine",1,5,2,0,,,0,117.5,lb,150,lb,0,2026-02-16T00:14:05.403Z,Trapezius Upper Fibers,"Levator Scapulae,Trapezius Middle Fibers",
2026-02-15T23:41:13.483Z,SBS Novice Hypertrophy 5x,Day 5,"Shrug, Smith Machine",0,8,8,0,,,0,147.5,lb,150,lb,0,2026-02-16T00:17:30.990Z,Trapezius Upper Fibers,"Levator Scapulae,Trapezius Middle Fibers",
2026-02-15T23:41:13.483Z,SBS Novice Hypertrophy 5x,Day 5,"Shrug, Smith Machine",0,8,8,0,,,0,147.5,lb,150,lb,0,2026-02-16T00:23:03.007Z,Trapezius Upper Fibers,"Levator Scapulae,Trapezius Middle Fibers",
2026-02-15T23:41:13.483Z,SBS Novice Hypertrophy 5x,Day 5,"Shrug, Smith Machine",0,8,8,0,,,0,147.5,lb,150,lb,0,2026-02-16T00:38:57.357Z,Trapezius Upper Fibers,"Levator Scapulae,Trapezius Middle Fibers",
2026-02-15T23:41:13.483Z,SBS Novice Hypertrophy 5x,Day 5,Incline Chest Fly,1,5,2,0,,,0,15,lb,25,lb,0,2026-02-16T00:43:26.573Z,Pectoralis Major Clavicular Head,"Biceps Brachii,Deltoid Anterior,Pectoralis Major Sternal Head",
2026-02-15T23:41:13.483Z,SBS Novice Hypertrophy 5x,Day 5,Incline Chest Fly,0,10,10,0,,,0,20,lb,25,lb,0,2026-02-16T00:55:28.815Z,Pectoralis Major Clavicular Head,"Biceps Brachii,Deltoid Anterior,Pectoralis Major Sternal Head",
2026-02-15T23:41:13.483Z,SBS Novice Hypertrophy 5x,Day 5,Incline Chest Fly,0,10,10,0,,,0,20,lb,25,lb,0,2026-02-16T00:55:29.149Z,Pectoralis Major Clavicular Head,"Biceps Brachii,Deltoid Anterior,Pectoralis Major Sternal Head",
2026-02-15T23:41:13.483Z,SBS Novice Hypertrophy 5x,Day 5,Incline Chest Fly,0,10,10,0,,,0,20,lb,25,lb,0,2026-02-16T01:01:28.431Z,Pectoralis Major Clavicular Head,"Biceps Brachii,Deltoid Anterior,Pectoralis Major Sternal Head",
2026-02-15T23:41:13.483Z,SBS Novice Hypertrophy 5x,Day 5,Standing Row Rear Delt With Rope,1,5,5,0,,,0,22.5,lb,22.5,lb,0,2026-02-16T00:44:46.819Z,Deltoid Posterior,"Brachialis,Brachioradialis,Deltoid Lateral,Infraspinatus,Teres Minor,Trapezius Lower Fibers,Trapezius Middle Fibers",
2026-02-15T23:41:13.483Z,SBS Novice Hypertrophy 5x,Day 5,Standing Row Rear Delt With Rope,1,5,3,0,,,0,35,lb,35,lb,0,2026-02-16T00:44:47.117Z,Deltoid Posterior,"Brachialis,Brachioradialis,Deltoid Lateral,Infraspinatus,Teres Minor,Trapezius Lower Fibers,Trapezius Middle Fibers",
2026-02-15T23:41:13.483Z,SBS Novice Hypertrophy 5x,Day 5,Standing Row Rear Delt With Rope,1,5,2,0,,,0,35,lb,47.5,lb,0,2026-02-16T00:44:45.818Z,Deltoid Posterior,"Brachialis,Brachioradialis,Deltoid Lateral,Infraspinatus,Teres Minor,Trapezius Lower Fibers,Trapezius Middle Fibers",
2026-02-15T23:41:13.483Z,SBS Novice Hypertrophy 5x,Day 5,Standing Row Rear Delt With Rope,0,10,10,0,,,0,45,lb,47.5,lb,0,2026-02-16T00:47:49.212Z,Deltoid Posterior,"Brachialis,Brachioradialis,Deltoid Lateral,Infraspinatus,Teres Minor,Trapezius Lower Fibers,Trapezius Middle Fibers",
2026-02-15T23:41:13.483Z,SBS Novice Hypertrophy 5x,Day 5,Standing Row Rear Delt With Rope,0,10,10,0,,,0,45,lb,47.5,lb,0,2026-02-16T00:57:14.219Z,Deltoid Posterior,"Brachialis,Brachioradialis,Deltoid Lateral,Infraspinatus,Teres Minor,Trapezius Lower Fibers,Trapezius Middle Fibers",
2026-02-15T23:41:13.483Z,SBS Novice Hypertrophy 5x,Day 5,Standing Row Rear Delt With Rope,0,10,10,0,,,0,45,lb,47.5,lb,0,2026-02-16T01:02:42.939Z,Deltoid Posterior,"Brachialis,Brachioradialis,Deltoid Lateral,Infraspinatus,Teres Minor,Trapezius Lower Fibers,Trapezius Middle Fibers",
2026-02-15T23:41:13.483Z,SBS Novice Hypertrophy 5x,Day 5,Standing Row Rear Delt With Rope,0,10,10,0,,,0,45,lb,47.5,lb,0,2026-02-16T01:05:36.275Z,Deltoid Posterior,"Brachialis,Brachioradialis,Deltoid Lateral,Infraspinatus,Teres Minor,Trapezius Lower Fibers,Trapezius Middle Fibers",
2026-02-14T01:57:57.656Z,SBS Novice Hypertrophy 5x,Day 4,"Romanian Deadlift, Barbell",1,5,10,0,,,0,45,lb,45,lb,0,2026-02-14T02:03:24.453Z,Gluteus Maximus,"Adductor Magnus,Erector Spinae,Hamstrings",
2026-02-14T01:57:57.656Z,SBS Novice Hypertrophy 5x,Day 4,"Romanian Deadlift, Barbell",1,5,2,0,,,0,47.5,lb,125,lb,0,2026-02-14T02:06:16.254Z,Gluteus Maximus,"Adductor Magnus,Erector Spinae,Hamstrings",
2026-02-14T01:57:57.656Z,SBS Novice Hypertrophy 5x,Day 4,"Romanian Deadlift, Barbell",0,10,5,0,,,0,60,lb,125,lb,0,2026-02-14T02:11:13.295Z,Gluteus Maximus,"Adductor Magnus,Erector Spinae,Hamstrings",
2026-02-14T01:57:57.656Z,SBS Novice Hypertrophy 5x,Day 4,"Romanian Deadlift, Barbell",0,10,7,0,,,0,60,lb,125,lb,0,2026-02-14T02:15:27.724Z,Gluteus Maximus,"Adductor Magnus,Erector Spinae,Hamstrings",
2026-02-14T01:57:57.656Z,SBS Novice Hypertrophy 5x,Day 4,"Romanian Deadlift, Barbell",0,10,6,0,,,0,60,lb,125,lb,0,2026-02-14T02:20:14.352Z,Gluteus Maximus,"Adductor Magnus,Erector Spinae,Hamstrings",
2026-02-14T01:57:57.656Z,SBS Novice Hypertrophy 5x,Day 4,"Romanian Deadlift, Barbell",0,10,5,0,,,0,60,lb,125,lb,0,2026-02-14T02:23:48.137Z,Gluteus Maximus,"Adductor Magnus,Erector Spinae,Hamstrings",
2026-02-14T01:57:57.656Z,SBS Novice Hypertrophy 5x,Day 4,Leg Press,1,5,6,0,,,0,43.75,lb,45,lb,0,2026-02-14T02:00:30.009Z,Quadriceps,"Adductor Magnus,Gluteus Maximus,Soleus",
2026-02-14T01:57:57.656Z,SBS Novice Hypertrophy 5x,Day 4,Leg Press,1,5,4,0,,,0,70,lb,70,lb,0,2026-02-14T02:00:57.096Z,Quadriceps,"Adductor Magnus,Gluteus Maximus,Soleus",
2026-02-14T01:57:57.656Z,SBS Novice Hypertrophy 5x,Day 4,Leg Press,1,5,2,0,,,0,70,lb,170,lb,0,2026-02-14T02:27:23.463Z,Quadriceps,"Adductor Magnus,Gluteus Maximus,Soleus",
2026-02-14T01:57:57.656Z,SBS Novice Hypertrophy 5x,Day 4,Leg Press,0,8,8,0,,,0,87.5,lb,170,lb,0,2026-02-14T02:29:59.007Z,Quadriceps,"Adductor Magnus,Gluteus Maximus,Soleus",
2026-02-14T01:57:57.656Z,SBS Novice Hypertrophy 5x,Day 4,Leg Press,0,8,8,0,,,0,87.5,lb,170,lb,0,2026-02-14T02:34:25.007Z,Quadriceps,"Adductor Magnus,Gluteus Maximus,Soleus",
2026-02-14T01:57:57.656Z,SBS Novice Hypertrophy 5x,Day 4,Leg Press,0,8,8,0,,,0,87.5,lb,170,lb,0,2026-02-14T02:39:35.714Z,Quadriceps,"Adductor Magnus,Gluteus Maximus,Soleus",
2026-02-14T01:57:57.656Z,SBS Novice Hypertrophy 5x,Day 4,Seated Leg Curl,1,,2,0,,,0,,,85,lb,0,2026-02-14T02:40:59.187Z,Hamstrings,"Gastrocnemius,Sartorius",
2026-02-14T01:57:57.656Z,SBS Novice Hypertrophy 5x,Day 4,Seated Leg Curl,0,10,8,0,,,0,42.5,lb,85,lb,0,2026-02-14T02:46:44.243Z,Hamstrings,"Gastrocnemius,Sartorius",
2026-02-14T01:57:57.656Z,SBS Novice Hypertrophy 5x,Day 4,Seated Leg Curl,0,10,7,0,,,0,42.5,lb,85,lb,0,2026-02-14T02:56:00.714Z,Hamstrings,"Gastrocnemius,Sartorius",
2026-02-14T01:57:57.656Z,SBS Novice Hypertrophy 5x,Day 4,Seated Leg Curl,0,10,4,0,,,0,42.5,lb,85,lb,0,2026-02-14T02:59:02.714Z,Hamstrings,"Gastrocnemius,Sartorius",
2026-02-14T01:57:57.656Z,SBS Novice Hypertrophy 5x,Day 4,Calf Press on Leg Press,0,10,5,0,,,0,390,lb,390,lb,0,2026-02-14T03:00:19.401Z,Gastrocnemius,Soleus,
2026-02-14T01:57:57.656Z,SBS Novice Hypertrophy 5x,Day 4,Calf Press on Leg Press,0,10,8,0,,,0,390,lb,390,lb,0,2026-02-14T03:03:27.641Z,Gastrocnemius,Soleus,
2026-02-14T01:57:57.656Z,SBS Novice Hypertrophy 5x,Day 4,Calf Press on Leg Press,0,10,9,0,,,0,390,lb,390,lb,0,2026-02-14T03:06:06.796Z,Gastrocnemius,Soleus,
2026-02-13T00:53:47.387Z,SBS Novice Hypertrophy 5x,Day 1,"Bench Press, Dumbbell",1,5,2,0,,,0,42.5,lb,55,lb,0,2026-02-13T01:00:05.433Z,Pectoralis Major Sternal Head,"Deltoid Anterior,Pectoralis Major Clavicular Head,Triceps Brachii",
2026-02-13T00:53:47.387Z,SBS Novice Hypertrophy 5x,Day 1,"Bench Press, Dumbbell",0,10,10,0,,,0,55,lb,55,lb,0,2026-02-13T01:08:30.478Z,Pectoralis Major Sternal Head,"Deltoid Anterior,Pectoralis Major Clavicular Head,Triceps Brachii",
2026-02-13T00:53:47.387Z,SBS Novice Hypertrophy 5x,Day 1,"Bench Press, Dumbbell",0,10,10,0,,,0,55,lb,55,lb,0,2026-02-13T01:13:36.864Z,Pectoralis Major Sternal Head,"Deltoid Anterior,Pectoralis Major Clavicular Head,Triceps Brachii",
2026-02-13T00:53:47.387Z,SBS Novice Hypertrophy 5x,Day 1,"Bench Press, Dumbbell",0,10,10,0,,,0,55,lb,55,lb,0,2026-02-13T01:22:42.322Z,Pectoralis Major Sternal Head,"Deltoid Anterior,Pectoralis Major Clavicular Head,Triceps Brachii",
2026-02-13T00:53:47.387Z,SBS Novice Hypertrophy 5x,Day 1,"Bench Press, Dumbbell",0,10,10,0,,,0,55,lb,55,lb,0,2026-02-13T01:29:55.393Z,Pectoralis Major Sternal Head,"Deltoid Anterior,Pectoralis Major Clavicular Head,Triceps Brachii",
2026-02-13T00:53:47.387Z,SBS Novice Hypertrophy 5x,Day 1,Bent Over Row,1,5,10,0,,,0,90,lb,45,lb,0,2026-02-13T01:01:43.628Z,"Latissimus Dorsi,Trapezius Lower Fibers,Trapezius Middle Fibers","Brachialis,Brachioradialis,Deltoid Posterior,Infraspinatus,Pectoralis Major Sternal Head,Teres Major,Teres Minor",
2026-02-13T00:53:47.387Z,SBS Novice Hypertrophy 5x,Day 1,Bent Over Row,1,10,2,0,,,0,45,lb,115,lb,0,2026-02-13T01:03:26.777Z,"Latissimus Dorsi,Trapezius Lower Fibers,Trapezius Middle Fibers","Brachialis,Brachioradialis,Deltoid Posterior,Infraspinatus,Pectoralis Major Sternal Head,Teres Major,Teres Minor",
2026-02-13T00:53:47.387Z,SBS Novice Hypertrophy 5x,Day 1,Bent Over Row,0,10,8,0,,,0,115,lb,115,lb,0,2026-02-13T01:09:24.149Z,"Latissimus Dorsi,Trapezius Lower Fibers,Trapezius Middle Fibers","Brachialis,Brachioradialis,Deltoid Posterior,Infraspinatus,Pectoralis Major Sternal Head,Teres Major,Teres Minor",
2026-02-13T00:53:47.387Z,SBS Novice Hypertrophy 5x,Day 1,Bent Over Row,0,10,6,0,,,0,115,lb,115,lb,0,2026-02-13T01:15:37.383Z,"Latissimus Dorsi,Trapezius Lower Fibers,Trapezius Middle Fibers","Brachialis,Brachioradialis,Deltoid Posterior,Infraspinatus,Pectoralis Major Sternal Head,Teres Major,Teres Minor",
2026-02-13T00:53:47.387Z,SBS Novice Hypertrophy 5x,Day 1,Bent Over Row,0,10,6,0,,,0,115,lb,115,lb,0,2026-02-13T01:24:26.368Z,"Latissimus Dorsi,Trapezius Lower Fibers,Trapezius Middle Fibers","Brachialis,Brachioradialis,Deltoid Posterior,Infraspinatus,Pectoralis Major Sternal Head,Teres Major,Teres Minor",
2026-02-13T00:53:47.387Z,SBS Novice Hypertrophy 5x,Day 1,"Shoulder Press, Leverage Machine",1,5,2,0,,,0,58.75,lb,75,lb,0,2026-02-13T01:47:29.312Z,Deltoid Anterior,"Deltoid Lateral,Pectoralis Major Clavicular Head,Serratus Anterior,Trapezius Lower Fibers,Trapezius Middle Fibers,Triceps Brachii",
2026-02-13T00:53:47.387Z,SBS Novice Hypertrophy 5x,Day 1,"Shoulder Press, Leverage Machine",0,10,10,0,,,0,73.75,lb,75,lb,0,2026-02-13T01:50:39.805Z,Deltoid Anterior,"Deltoid Lateral,Pectoralis Major Clavicular Head,Serratus Anterior,Trapezius Lower Fibers,Trapezius Middle Fibers,Triceps Brachii",
2026-02-13T00:53:47.387Z,SBS Novice Hypertrophy 5x,Day 1,"Shoulder Press, Leverage Machine",0,10,10,0,,,0,73.75,lb,75,lb,0,2026-02-13T01:54:47.546Z,Deltoid Anterior,"Deltoid Lateral,Pectoralis Major Clavicular Head,Serratus Anterior,Trapezius Lower Fibers,Trapezius Middle Fibers,Triceps Brachii",
2026-02-13T00:53:47.387Z,SBS Novice Hypertrophy 5x,Day 1,"Shoulder Press, Leverage Machine",0,10,10,0,,,0,73.75,lb,75,lb,0,2026-02-13T02:01:42.977Z,Deltoid Anterior,"Deltoid Lateral,Pectoralis Major Clavicular Head,Serratus Anterior,Trapezius Lower Fibers,Trapezius Middle Fibers,Triceps Brachii",
2026-02-13T00:53:47.387Z,SBS Novice Hypertrophy 5x,Day 1,"Shoulder Press, Leverage Machine",0,10,10,0,,,0,73.75,lb,75,lb,0,2026-02-13T02:08:27.481Z,Deltoid Anterior,"Deltoid Lateral,Pectoralis Major Clavicular Head,Serratus Anterior,Trapezius Lower Fibers,Trapezius Middle Fibers,Triceps Brachii",
2026-02-13T00:53:47.387Z,SBS Novice Hypertrophy 5x,Day 1,"Lat Pulldown, Leverage Machine",1,5,2,0,,,0,110,lb,137.5,lb,0,2026-02-13T01:48:35.286Z,Latissimus Dorsi,"Biceps Brachii,Brachialis,Brachioradialis,Deltoid Posterior,Infraspinatus,Levator Scapulae,Teres Major,Teres Minor,Trapezius Lower Fibers,Trapezius Middle Fibers",
2026-02-13T00:53:47.387Z,SBS Novice Hypertrophy 5x,Day 1,"Lat Pulldown, Leverage Machine",0,10,10,0,,,0,137.5,lb,137.5,lb,0,2026-02-13T01:51:28.280Z,Latissimus Dorsi,"Biceps Brachii,Brachialis,Brachioradialis,Deltoid Posterior,Infraspinatus,Levator Scapulae,Teres Major,Teres Minor,Trapezius Lower Fibers,Trapezius Middle Fibers",
2026-02-13T00:53:47.387Z,SBS Novice Hypertrophy 5x,Day 1,"Lat Pulldown, Leverage Machine",0,10,10,0,,,0,137.5,lb,137.5,lb,0,2026-02-13T01:56:53.788Z,Latissimus Dorsi,"Biceps Brachii,Brachialis,Brachioradialis,Deltoid Posterior,Infraspinatus,Levator Scapulae,Teres Major,Teres Minor,Trapezius Lower Fibers,Trapezius Middle Fibers",
2026-02-13T00:53:47.387Z,SBS Novice Hypertrophy 5x,Day 1,"Lat Pulldown, Leverage Machine",0,10,10,0,,,0,137.5,lb,137.5,lb,0,2026-02-13T02:03:50.440Z,Latissimus Dorsi,"Biceps Brachii,Brachialis,Brachioradialis,Deltoid Posterior,Infraspinatus,Levator Scapulae,Teres Major,Teres Minor,Trapezius Lower Fibers,Trapezius Middle Fibers",
2026-02-11T00:54:30.168Z,SBS Novice Hypertrophy 5x,Day 5,Concentration Curl,1,5,2,0,,,0,20,lb,25,lb,0,2026-02-11T00:55:40.750Z,Brachialis,"Biceps Brachii,Brachioradialis",
2026-02-11T00:54:30.168Z,SBS Novice Hypertrophy 5x,Day 5,Concentration Curl,0,10,10,0,,,0,25,lb,25,lb,0,2026-02-11T01:04:25.488Z,Brachialis,"Biceps Brachii,Brachioradialis",
2026-02-11T00:54:30.168Z,SBS Novice Hypertrophy 5x,Day 5,Concentration Curl,0,10,10,0,,,0,25,lb,25,lb,0,2026-02-11T01:20:43.036Z,Brachialis,"Biceps Brachii,Brachioradialis",
2026-02-11T00:54:30.168Z,SBS Novice Hypertrophy 5x,Day 5,Concentration Curl,0,10,10,0,,,0,25,lb,25,lb,0,2026-02-11T01:25:52.060Z,Brachialis,"Biceps Brachii,Brachioradialis",
2026-02-11T00:54:30.168Z,SBS Novice Hypertrophy 5x,Day 5,Skullcrusher,1,5,10,0,,,0,20,lb,25,lb,0,2026-02-11T00:57:35.050Z,Triceps Brachii,,
2026-02-11T00:54:30.168Z,SBS Novice Hypertrophy 5x,Day 5,Skullcrusher,1,5,2,0,,,0,40,lb,40,lb,0,2026-02-11T01:01:41.825Z,Triceps Brachii,,
2026-02-11T00:54:30.168Z,SBS Novice Hypertrophy 5x,Day 5,Skullcrusher,0,10,10,0,,,0,20,lb,40,lb,0,2026-02-11T01:06:03.749Z,Triceps Brachii,,
2026-02-11T00:54:30.168Z,SBS Novice Hypertrophy 5x,Day 5,Skullcrusher,0,10,14,0,,,0,20,lb,40,lb,0,2026-02-11T01:21:46.713Z,Triceps Brachii,,
2026-02-11T00:54:30.168Z,SBS Novice Hypertrophy 5x,Day 5,Skullcrusher,0,10,10,0,,,0,20,lb,40,lb,0,2026-02-11T01:26:40.050Z,Triceps Brachii,,
2026-02-11T00:54:30.168Z,SBS Novice Hypertrophy 5x,Day 5,Skullcrusher,0,10,13,0,,,0,20,lb,40,lb,0,2026-02-11T01:33:35.058Z,Triceps Brachii,,
2026-02-11T00:54:30.168Z,SBS Novice Hypertrophy 5x,Day 5,Lateral Raise,1,5,2,0,,,0,20,lb,25,lb,0,2026-02-11T01:37:10.225Z,Deltoid Lateral,"Deltoid Anterior,Serratus Anterior,Trapezius Lower Fibers,Trapezius Middle Fibers",
2026-02-11T00:54:30.168Z,SBS Novice Hypertrophy 5x,Day 5,Lateral Raise,0,10,6,0,,,0,27.5,lb,25,lb,0,2026-02-11T01:38:56.996Z,Deltoid Lateral,"Deltoid Anterior,Serratus Anterior,Trapezius Lower Fibers,Trapezius Middle Fibers",
2026-02-11T00:54:30.168Z,SBS Novice Hypertrophy 5x,Day 5,Lateral Raise,0,10,10,0,,,0,27.5,lb,25,lb,0,2026-02-11T01:42:54.513Z,Deltoid Lateral,"Deltoid Anterior,Serratus Anterior,Trapezius Lower Fibers,Trapezius Middle Fibers",
2026-02-11T00:54:30.168Z,SBS Novice Hypertrophy 5x,Day 5,Lateral Raise,0,10,5,0,,,0,27.5,lb,25,lb,0,2026-02-11T01:47:59.425Z,Deltoid Lateral,"Deltoid Anterior,Serratus Anterior,Trapezius Lower Fibers,Trapezius Middle Fibers",
2026-02-11T00:54:30.168Z,SBS Novice Hypertrophy 5x,Day 5,"Shrug, Smith Machine",1,5,3,0,,,0,72.5,lb,115,lb,0,2026-02-11T01:28:45.949Z,Trapezius Upper Fibers,"Levator Scapulae,Trapezius Middle Fibers",
2026-02-11T00:54:30.168Z,SBS Novice Hypertrophy 5x,Day 5,"Shrug, Smith Machine",1,5,2,0,,,0,117.5,lb,150,lb,0,2026-02-11T01:30:12.209Z,Trapezius Upper Fibers,"Levator Scapulae,Trapezius Middle Fibers",
2026-02-11T00:54:30.168Z,SBS Novice Hypertrophy 5x,Day 5,"Shrug, Smith Machine",0,8,8,0,,,0,147.5,lb,150,lb,0,2026-02-11T01:35:00.763Z,Trapezius Upper Fibers,"Levator Scapulae,Trapezius Middle Fibers",
2026-02-11T00:54:30.168Z,SBS Novice Hypertrophy 5x,Day 5,"Shrug, Smith Machine",0,8,7,0,,,0,147.5,lb,150,lb,0,2026-02-11T01:39:32.784Z,Trapezius Upper Fibers,"Levator Scapulae,Trapezius Middle Fibers",
2026-02-11T00:54:30.168Z,SBS Novice Hypertrophy 5x,Day 5,"Shrug, Smith Machine",0,8,6,0,,,0,147.5,lb,150,lb,0,2026-02-11T01:44:08.121Z,Trapezius Upper Fibers,"Levator Scapulae,Trapezius Middle Fibers",
2026-02-11T00:54:30.168Z,SBS Novice Hypertrophy 5x,Day 5,Incline Chest Fly,1,5,2,0,,,0,15,lb,25,lb,0,2026-02-11T01:50:10.707Z,Pectoralis Major Clavicular Head,"Biceps Brachii,Deltoid Anterior,Pectoralis Major Sternal Head",
2026-02-11T00:54:30.168Z,SBS Novice Hypertrophy 5x,Day 5,Incline Chest Fly,0,8,10,0,,,0,20,lb,25,lb,0,2026-02-11T01:54:30.209Z,Pectoralis Major Clavicular Head,"Biceps Brachii,Deltoid Anterior,Pectoralis Major Sternal Head",
2026-02-11T00:54:30.168Z,SBS Novice Hypertrophy 5x,Day 5,Incline Chest Fly,0,8,8,0,,,0,20,lb,25,lb,0,2026-02-11T01:58:11.317Z,Pectoralis Major Clavicular Head,"Biceps Brachii,Deltoid Anterior,Pectoralis Major Sternal Head",
2026-02-11T00:54:30.168Z,SBS Novice Hypertrophy 5x,Day 5,Incline Chest Fly,0,8,8,0,,,0,20,lb,25,lb,0,2026-02-11T02:02:03.687Z,Pectoralis Major Clavicular Head,"Biceps Brachii,Deltoid Anterior,Pectoralis Major Sternal Head",
2026-02-11T00:54:30.168Z,SBS Novice Hypertrophy 5x,Day 5,Incline Chest Fly,0,8,8,0,,,0,20,lb,25,lb,0,2026-02-11T02:05:10.147Z,Pectoralis Major Clavicular Head,"Biceps Brachii,Deltoid Anterior,Pectoralis Major Sternal Head",
2026-02-11T00:54:30.168Z,SBS Novice Hypertrophy 5x,Day 5,Standing Row Rear Delt With Rope,1,5,2,0,,,0,35,lb,47.5,lb,0,2026-02-11T01:46:03.880Z,Deltoid Posterior,"Brachialis,Brachioradialis,Deltoid Lateral,Infraspinatus,Teres Minor,Trapezius Lower Fibers,Trapezius Middle Fibers",
2026-02-11T00:54:30.168Z,SBS Novice Hypertrophy 5x,Day 5,Standing Row Rear Delt With Rope,0,10,10,0,,,0,45,lb,47.5,lb,0,2026-02-11T01:48:53.526Z,Deltoid Posterior,"Brachialis,Brachioradialis,Deltoid Lateral,Infraspinatus,Teres Minor,Trapezius Lower Fibers,Trapezius Middle Fibers",
2026-02-11T00:54:30.168Z,SBS Novice Hypertrophy 5x,Day 5,Standing Row Rear Delt With Rope,0,10,10,0,,,0,45,lb,47.5,lb,0,2026-02-11T01:55:12.497Z,Deltoid Posterior,"Brachialis,Brachioradialis,Deltoid Lateral,Infraspinatus,Teres Minor,Trapezius Lower Fibers,Trapezius Middle Fibers",
2026-02-11T00:54:30.168Z,SBS Novice Hypertrophy 5x,Day 5,Standing Row Rear Delt With Rope,0,10,10,0,,,0,45,lb,47.5,lb,0,2026-02-11T01:58:42.161Z,Deltoid Posterior,"Brachialis,Brachioradialis,Deltoid Lateral,Infraspinatus,Teres Minor,Trapezius Lower Fibers,Trapezius Middle Fibers",
2026-02-08T23:45:48.185Z,SBS Novice Hypertrophy 5x,Day 3,Shoulder Press,1,5,2,0,,,0,30,lb,45,lb,0,2026-02-08T23:47:52.860Z,Deltoid Anterior,"Deltoid Lateral,Pectoralis Major Clavicular Head,Serratus Anterior,Trapezius Lower Fibers,Trapezius Middle Fibers,Triceps Brachii",
2026-02-08T23:45:48.185Z,SBS Novice Hypertrophy 5x,Day 3,Shoulder Press,0,10,10,0,,,0,40,lb,45,lb,0,2026-02-08T23:54:00.009Z,Deltoid Anterior,"Deltoid Lateral,Pectoralis Major Clavicular Head,Serratus Anterior,Trapezius Lower Fibers,Trapezius Middle Fibers,Triceps Brachii",
2026-02-08T23:45:48.185Z,SBS Novice Hypertrophy 5x,Day 3,Shoulder Press,0,10,9,0,,,0,40,lb,45,lb,0,2026-02-08T23:57:38.685Z,Deltoid Anterior,"Deltoid Lateral,Pectoralis Major Clavicular Head,Serratus Anterior,Trapezius Lower Fibers,Trapezius Middle Fibers,Triceps Brachii",
2026-02-08T23:45:48.185Z,SBS Novice Hypertrophy 5x,Day 3,Shoulder Press,0,10,10,0,,,0,40,lb,45,lb,0,2026-02-09T00:03:53.545Z,Deltoid Anterior,"Deltoid Lateral,Pectoralis Major Clavicular Head,Serratus Anterior,Trapezius Lower Fibers,Trapezius Middle Fibers,Triceps Brachii",
2026-02-08T23:45:48.185Z,SBS Novice Hypertrophy 5x,Day 3,Pull Up,1,,1,0,,,0,,,0,lb,0,2026-02-09T00:06:39.092Z,Latissimus Dorsi,"Biceps Brachii,Brachialis,Brachioradialis,Deltoid Posterior,Infraspinatus,Levator Scapulae,Teres Major,Teres Minor,Trapezius Lower Fibers,Trapezius Middle Fibers",
2026-02-08T23:45:48.185Z,SBS Novice Hypertrophy 5x,Day 3,Pull Up,0,8,4,0,,,0,0,lb,0,lb,0,2026-02-09T00:09:02.765Z,Latissimus Dorsi,"Biceps Brachii,Brachialis,Brachioradialis,Deltoid Posterior,Infraspinatus,Levator Scapulae,Teres Major,Teres Minor,Trapezius Lower Fibers,Trapezius Middle Fibers",
2026-02-08T23:45:48.185Z,SBS Novice Hypertrophy 5x,Day 3,Pull Up,0,8,3,0,,,0,0,lb,0,lb,0,2026-02-09T00:13:30.886Z,Latissimus Dorsi,"Biceps Brachii,Brachialis,Brachioradialis,Deltoid Posterior,Infraspinatus,Levator Scapulae,Teres Major,Teres Minor,Trapezius Lower Fibers,Trapezius Middle Fibers",
2026-02-08T23:45:48.185Z,SBS Novice Hypertrophy 5x,Day 3,Pull Up,0,8,4,0,,,0,0,lb,0,lb,0,2026-02-09T00:18:33.408Z,Latissimus Dorsi,"Biceps Brachii,Brachialis,Brachioradialis,Deltoid Posterior,Infraspinatus,Levator Scapulae,Teres Major,Teres Minor,Trapezius Lower Fibers,Trapezius Middle Fibers",
2026-02-08T23:45:48.185Z,SBS Novice Hypertrophy 5x,Day 3,"Incline Bench Press, Dumbbell",1,,2,0,,,0,,,55,lb,0,2026-02-09T00:21:39.696Z,Pectoralis Major Clavicular Head,"Deltoid Anterior,Pectoralis Major Sternal Head,Triceps Brachii",
2026-02-08T23:45:48.185Z,SBS Novice Hypertrophy 5x,Day 3,"Incline Bench Press, Dumbbell",0,8,8,0,,,0,45,lb,55,lb,0,2026-02-09T00:24:40.958Z,Pectoralis Major Clavicular Head,"Deltoid Anterior,Pectoralis Major Sternal Head,Triceps Brachii",
2026-02-08T23:45:48.185Z,SBS Novice Hypertrophy 5x,Day 3,"Incline Bench Press, Dumbbell",0,8,8,0,,,0,45,lb,55,lb,0,2026-02-09T00:29:52.897Z,Pectoralis Major Clavicular Head,"Deltoid Anterior,Pectoralis Major Sternal Head,Triceps Brachii",
2026-02-08T23:45:48.185Z,SBS Novice Hypertrophy 5x,Day 3,"Incline Bench Press, Dumbbell",0,8,8,0,,,0,45,lb,55,lb,0,2026-02-09T00:35:20.440Z,Pectoralis Major Clavicular Head,"Deltoid Anterior,Pectoralis Major Sternal Head,Triceps Brachii",
2026-02-08T23:45:48.185Z,SBS Novice Hypertrophy 5x,Day 3,"Incline Bench Press, Dumbbell",0,8,8,0,,,0,45,lb,55,lb,0,2026-02-09T00:41:01.368Z,Pectoralis Major Clavicular Head,"Deltoid Anterior,Pectoralis Major Sternal Head,Triceps Brachii",
2026-02-08T23:45:48.185Z,SBS Novice Hypertrophy 5x,Day 3,Bent Over One Arm Row,1,5,2,0,,,0,55,lb,45,lb,0,2026-02-09T00:47:14.702Z,"Latissimus Dorsi,Trapezius Lower Fibers,Trapezius Middle Fibers","Infraspinatus,Teres Major,Teres Minor,Brachialis,Brachioradialis,Deltoid Posterior,Pectoralis Major Sternal Head",
2026-02-08T23:45:48.185Z,SBS Novice Hypertrophy 5x,Day 3,Bent Over One Arm Row,0,10,8,0,,,0,70,lb,45,lb,0,2026-02-09T00:51:52.318Z,"Latissimus Dorsi,Trapezius Lower Fibers,Trapezius Middle Fibers","Infraspinatus,Teres Major,Teres Minor,Brachialis,Brachioradialis,Deltoid Posterior,Pectoralis Major Sternal Head",
2026-02-08T23:45:48.185Z,SBS Novice Hypertrophy 5x,Day 3,Bent Over One Arm Row,0,10,7,0,,,0,70,lb,45,lb,0,2026-02-09T00:54:47.814Z,"Latissimus Dorsi,Trapezius Lower Fibers,Trapezius Middle Fibers","Infraspinatus,Teres Major,Teres Minor,Brachialis,Brachioradialis,Deltoid Posterior,Pectoralis Major Sternal Head",
2026-02-08T23:45:48.185Z,SBS Novice Hypertrophy 5x,Day 3,Bent Over One Arm Row,0,10,7,0,,,0,70,lb,45,lb,0,2026-02-09T00:58:53.164Z,"Latissimus Dorsi,Trapezius Lower Fibers,Trapezius Middle Fibers","Infraspinatus,Teres Major,Teres Minor,Brachialis,Brachioradialis,Deltoid Posterior,Pectoralis Major Sternal Head",
2026-02-08T23:45:48.185Z,SBS Novice Hypertrophy 5x,Day 3,Bent Over One Arm Row,0,10,7,0,,,0,70,lb,45,lb,0,2026-02-09T01:02:33.018Z,"Latissimus Dorsi,Trapezius Lower Fibers,Trapezius Middle Fibers","Infraspinatus,Teres Major,Teres Minor,Brachialis,Brachioradialis,Deltoid Posterior,Pectoralis Major Sternal Head",
2026-02-08T01:11:55.931Z,SBS Novice Hypertrophy 5x,Day 2,Squat,1,5,10,0,,,0,45,lb,45,lb,0,2026-02-08T01:14:27.079Z,Quadriceps,"Adductor Magnus,Gluteus Maximus,Soleus",
2026-02-08T01:11:55.931Z,SBS Novice Hypertrophy 5x,Day 2,Squat,1,5,2,0,,,0,107.5,lb,135,lb,0,2026-02-08T01:21:32.832Z,Quadriceps,"Adductor Magnus,Gluteus Maximus,Soleus",
2026-02-08T01:11:55.931Z,SBS Novice Hypertrophy 5x,Day 2,Squat,0,10,4,0,,,0,135,lb,135,lb,0,2026-02-08T01:26:14.828Z,Quadriceps,"Adductor Magnus,Gluteus Maximus,Soleus",
2026-02-08T01:11:55.931Z,SBS Novice Hypertrophy 5x,Day 2,Squat,0,10,3,0,,,0,135,lb,135,lb,0,2026-02-08T01:29:02.454Z,Quadriceps,"Adductor Magnus,Gluteus Maximus,Soleus",
2026-02-08T01:11:55.931Z,SBS Novice Hypertrophy 5x,Day 2,Squat,0,10,3,0,,,0,135,lb,135,lb,0,2026-02-08T01:34:22.211Z,Quadriceps,"Adductor Magnus,Gluteus Maximus,Soleus",
2026-02-08T01:11:55.931Z,SBS Novice Hypertrophy 5x,Day 2,Deadlift,1,5,2,0,,,0,127.5,lb,135,lb,0,2026-02-08T01:35:29.194Z,Gluteus Maximus,"Adductor Magnus,Hamstrings,Quadriceps,Soleus",
2026-02-08T01:11:55.931Z,SBS Novice Hypertrophy 5x,Day 2,Deadlift,0,8,3,0,,,0,160,lb,160,lb,0,2026-02-08T01:41:49.820Z,Gluteus Maximus,"Adductor Magnus,Hamstrings,Quadriceps,Soleus",
2026-02-08T01:11:55.931Z,SBS Novice Hypertrophy 5x,Day 2,Deadlift,0,8,4,0,,,0,160,lb,160,lb,0,2026-02-08T01:48:49.663Z,Gluteus Maximus,"Adductor Magnus,Hamstrings,Quadriceps,Soleus",
2026-02-08T01:11:55.931Z,SBS Novice Hypertrophy 5x,Day 2,Deadlift,0,8,6,0,,,0,160,lb,160,lb,0,2026-02-08T01:52:19.110Z,Gluteus Maximus,"Adductor Magnus,Hamstrings,Quadriceps,Soleus",
2026-02-08T01:11:55.931Z,SBS Novice Hypertrophy 5x,Day 2,Deadlift,0,8,3,0,,,0,160,lb,160,lb,0,2026-02-08T01:57:31.159Z,Gluteus Maximus,"Adductor Magnus,Hamstrings,Quadriceps,Soleus",
2026-02-08T01:11:55.931Z,SBS Novice Hypertrophy 5x,Day 2,Bulgarian Split Squat,1,5,2,0,,,0,15,lb,20,lb,0,2026-02-08T02:03:58.846Z,Quadriceps,"Adductor Magnus,Gluteus Maximus,Soleus",
2026-02-08T01:11:55.931Z,SBS Novice Hypertrophy 5x,Day 2,Bulgarian Split Squat,0,10,4,0,,,0,20,lb,20,lb,0,2026-02-08T02:07:28.719Z,Quadriceps,"Adductor Magnus,Gluteus Maximus,Soleus",
2026-02-08T01:11:55.931Z,SBS Novice Hypertrophy 5x,Day 2,Bulgarian Split Squat,0,10,4,0,,,0,20,lb,20,lb,0,2026-02-08T02:11:57.633Z,Quadriceps,"Adductor Magnus,Gluteus Maximus,Soleus",
2026-02-08T01:11:55.931Z,SBS Novice Hypertrophy 5x,Day 2,Bulgarian Split Squat,0,10,3,0,,,0,20,lb,20,lb,0,2026-02-08T02:18:13.212Z,Quadriceps,"Adductor Magnus,Gluteus Maximus,Soleus",
2026-02-08T01:11:55.931Z,SBS Novice Hypertrophy 5x,Day 2,Calf Press on Leg Press,1,5,2,0,,,0,311.25,lb,390,lb,0,2026-02-08T02:22:43.101Z,Gastrocnemius,Soleus,
2026-02-08T01:11:55.931Z,SBS Novice Hypertrophy 5x,Day 2,Calf Press on Leg Press,0,10,10,0,,,0,390,lb,390,lb,0,2026-02-08T02:25:12.065Z,Gastrocnemius,Soleus,
2026-02-08T01:11:55.931Z,SBS Novice Hypertrophy 5x,Day 2,Calf Press on Leg Press,0,10,10,0,,,0,390,lb,390,lb,0,2026-02-08T02:28:06.046Z,Gastrocnemius,Soleus,
2026-02-08T01:11:55.931Z,SBS Novice Hypertrophy 5x,Day 2,Calf Press on Leg Press,0,10,9,0,,,0,390,lb,390,lb,0,2026-02-08T02:32:45.120Z,Gastrocnemius,Soleus,
2026-02-06T01:24:15.801Z,SBS Novice Hypertrophy 5x,Day 1,"Bench Press, Dumbbell",1,5,2,0,,,0,42.5,lb,55,lb,0,2026-02-06T01:30:40.632Z,Pectoralis Major Sternal Head,"Deltoid Anterior,Pectoralis Major Clavicular Head,Triceps Brachii",
2026-02-06T01:24:15.801Z,SBS Novice Hypertrophy 5x,Day 1,"Bench Press, Dumbbell",0,10,10,0,,,0,55,lb,55,lb,0,2026-02-06T01:36:05.399Z,Pectoralis Major Sternal Head,"Deltoid Anterior,Pectoralis Major Clavicular Head,Triceps Brachii",
2026-02-06T01:24:15.801Z,SBS Novice Hypertrophy 5x,Day 1,"Bench Press, Dumbbell",0,10,10,0,,,0,55,lb,55,lb,0,2026-02-06T01:48:03.671Z,Pectoralis Major Sternal Head,"Deltoid Anterior,Pectoralis Major Clavicular Head,Triceps Brachii",
2026-02-06T01:24:15.801Z,SBS Novice Hypertrophy 5x,Day 1,"Bench Press, Dumbbell",0,10,10,0,,,0,55,lb,55,lb,0,2026-02-06T01:53:09.335Z,Pectoralis Major Sternal Head,"Deltoid Anterior,Pectoralis Major Clavicular Head,Triceps Brachii",
2026-02-06T01:24:15.801Z,SBS Novice Hypertrophy 5x,Day 1,Bent Over Row,1,5,3,0,,,0,90,lb,105,lb,0,2026-02-06T01:28:55.314Z,"Latissimus Dorsi,Trapezius Lower Fibers,Trapezius Middle Fibers","Brachialis,Brachioradialis,Deltoid Posterior,Infraspinatus,Pectoralis Major Sternal Head,Teres Major,Teres Minor",
2026-02-06T01:24:15.801Z,SBS Novice Hypertrophy 5x,Day 1,Bent Over Row,1,2,2,0,,,0,115,lb,115,lb,0,2026-02-06T01:32:37.244Z,"Latissimus Dorsi,Trapezius Lower Fibers,Trapezius Middle Fibers","Brachialis,Brachioradialis,Deltoid Posterior,Infraspinatus,Pectoralis Major Sternal Head,Teres Major,Teres Minor",
2026-02-06T01:24:15.801Z,SBS Novice Hypertrophy 5x,Day 1,Bent Over Row,0,10,10,0,,,0,115,lb,115,lb,0,2026-02-06T01:42:11.491Z,"Latissimus Dorsi,Trapezius Lower Fibers,Trapezius Middle Fibers","Brachialis,Brachioradialis,Deltoid Posterior,Infraspinatus,Pectoralis Major Sternal Head,Teres Major,Teres Minor",
2026-02-06T01:24:15.801Z,SBS Novice Hypertrophy 5x,Day 1,Bent Over Row,0,10,7,0,,,0,115,lb,115,lb,0,2026-02-06T01:49:05.042Z,"Latissimus Dorsi,Trapezius Lower Fibers,Trapezius Middle Fibers","Brachialis,Brachioradialis,Deltoid Posterior,Infraspinatus,Pectoralis Major Sternal Head,Teres Major,Teres Minor",
2026-02-06T01:24:15.801Z,SBS Novice Hypertrophy 5x,Day 1,Bent Over Row,0,10,5,0,,,0,115,lb,115,lb,0,2026-02-06T01:54:21.519Z,"Latissimus Dorsi,Trapezius Lower Fibers,Trapezius Middle Fibers","Brachialis,Brachioradialis,Deltoid Posterior,Infraspinatus,Pectoralis Major Sternal Head,Teres Major,Teres Minor",
2026-02-06T01:24:15.801Z,SBS Novice Hypertrophy 5x,Day 1,"Shoulder Press, Leverage Machine",1,5,2,0,,,0,58.75,lb,75,lb,0,2026-02-06T01:57:03.821Z,Deltoid Anterior,"Deltoid Lateral,Pectoralis Major Clavicular Head,Serratus Anterior,Trapezius Lower Fibers,Trapezius Middle Fibers,Triceps Brachii",
2026-02-06T01:24:15.801Z,SBS Novice Hypertrophy 5x,Day 1,"Shoulder Press, Leverage Machine",0,10,10,0,,,0,73.75,lb,75,lb,0,2026-02-06T01:59:52.575Z,Deltoid Anterior,"Deltoid Lateral,Pectoralis Major Clavicular Head,Serratus Anterior,Trapezius Lower Fibers,Trapezius Middle Fibers,Triceps Brachii",
2026-02-06T01:24:15.801Z,SBS Novice Hypertrophy 5x,Day 1,"Shoulder Press, Leverage Machine",0,10,10,0,,,0,73.75,lb,75,lb,0,2026-02-06T02:04:28.589Z,Deltoid Anterior,"Deltoid Lateral,Pectoralis Major Clavicular Head,Serratus Anterior,Trapezius Lower Fibers,Trapezius Middle Fibers,Triceps Brachii",
2026-02-06T01:24:15.801Z,SBS Novice Hypertrophy 5x,Day 1,"Shoulder Press, Leverage Machine",0,10,10,0,,,0,73.75,lb,75,lb,0,2026-02-06T02:18:26.610Z,Deltoid Anterior,"Deltoid Lateral,Pectoralis Major Clavicular Head,Serratus Anterior,Trapezius Lower Fibers,Trapezius Middle Fibers,Triceps Brachii",
2026-02-06T01:24:15.801Z,SBS Novice Hypertrophy 5x,Day 1,"Shoulder Press, Leverage Machine",0,10,,0,,,0,73.75,lb,,,0,,Deltoid Anterior,"Deltoid Lateral,Pectoralis Major Clavicular Head,Serratus Anterior,Trapezius Lower Fibers,Trapezius Middle Fibers,Triceps Brachii",
2026-02-06T01:24:15.801Z,SBS Novice Hypertrophy 5x,Day 1,"Lat Pulldown, Leverage Machine",1,5,2,0,,,0,110,lb,137.5,lb,0,2026-02-06T01:57:44.568Z,Latissimus Dorsi,"Biceps Brachii,Brachialis,Brachioradialis,Deltoid Posterior,Infraspinatus,Levator Scapulae,Teres Major,Teres Minor,Trapezius Lower Fibers,Trapezius Middle Fibers",
2026-02-06T01:24:15.801Z,SBS Novice Hypertrophy 5x,Day 1,"Lat Pulldown, Leverage Machine",0,10,10,0,,,0,137.5,lb,137.5,lb,0,2026-02-06T02:01:16.756Z,Latissimus Dorsi,"Biceps Brachii,Brachialis,Brachioradialis,Deltoid Posterior,Infraspinatus,Levator Scapulae,Teres Major,Teres Minor,Trapezius Lower Fibers,Trapezius Middle Fibers",
2026-02-06T01:24:15.801Z,SBS Novice Hypertrophy 5x,Day 1,"Lat Pulldown, Leverage Machine",0,10,8,0,,,0,137.5,lb,137.5,lb,0,2026-02-06T02:05:07.202Z,Latissimus Dorsi,"Biceps Brachii,Brachialis,Brachioradialis,Deltoid Posterior,Infraspinatus,Levator Scapulae,Teres Major,Teres Minor,Trapezius Lower Fibers,Trapezius Middle Fibers",
2026-02-06T01:24:15.801Z,SBS Novice Hypertrophy 5x,Day 1,"Lat Pulldown, Leverage Machine",0,10,10,0,,,0,137.5,lb,137.5,lb,0,2026-02-06T02:18:28.193Z,Latissimus Dorsi,"Biceps Brachii,Brachialis,Brachioradialis,Deltoid Posterior,Infraspinatus,Levator Scapulae,Teres Major,Teres Minor,Trapezius Lower Fibers,Trapezius Middle Fibers",
2026-02-04T01:13:32.939Z,SBS Novice Hypertrophy 5x,Day 5,Concentration Curl,1,5,2,0,,,0,20,lb,25,lb,0,2026-02-04T01:14:35.235Z,Brachialis,"Biceps Brachii,Brachioradialis",
2026-02-04T01:13:32.939Z,SBS Novice Hypertrophy 5x,Day 5,Concentration Curl,0,10,10,0,,,0,25,lb,25,lb,0,2026-02-04T01:18:51.557Z,Brachialis,"Biceps Brachii,Brachioradialis",
2026-02-04T01:13:32.939Z,SBS Novice Hypertrophy 5x,Day 5,Concentration Curl,0,10,9,0,,,0,25,lb,25,lb,0,2026-02-04T01:23:50.834Z,Brachialis,"Biceps Brachii,Brachioradialis",
2026-02-04T01:13:32.939Z,SBS Novice Hypertrophy 5x,Day 5,Concentration Curl,0,10,7,0,,,0,25,lb,25,lb,0,2026-02-04T01:31:00.116Z,Brachialis,"Biceps Brachii,Brachioradialis",
2026-02-04T01:13:32.939Z,SBS Novice Hypertrophy 5x,Day 5,Skullcrusher,1,5,2,0,,,0,20,lb,40,lb,0,2026-02-04T01:26:27.583Z,Triceps Brachii,,
2026-02-04T01:13:32.939Z,SBS Novice Hypertrophy 5x,Day 5,Skullcrusher,0,10,10,0,,,0,20,lb,40,lb,0,2026-02-04T01:32:18.565Z,Triceps Brachii,,
2026-02-04T01:13:32.939Z,SBS Novice Hypertrophy 5x,Day 5,Skullcrusher,0,10,10,0,,,0,20,lb,40,lb,0,2026-02-04T01:39:12.610Z,Triceps Brachii,,
2026-02-04T01:13:32.939Z,SBS Novice Hypertrophy 5x,Day 5,Skullcrusher,0,10,10,0,,,0,20,lb,40,lb,0,2026-02-04T01:46:00.710Z,Triceps Brachii,,
2026-02-04T01:13:32.939Z,SBS Novice Hypertrophy 5x,Day 5,Lateral Raise,1,5,2,0,,,0,20,lb,25,lb,0,2026-02-04T01:15:40.928Z,Deltoid Lateral,"Deltoid Anterior,Serratus Anterior,Trapezius Lower Fibers,Trapezius Middle Fibers",
2026-02-04T01:13:32.939Z,SBS Novice Hypertrophy 5x,Day 5,Lateral Raise,0,8,8,0,,,0,27.5,lb,25,lb,0,2026-02-04T01:19:40.562Z,Deltoid Lateral,"Deltoid Anterior,Serratus Anterior,Trapezius Lower Fibers,Trapezius Middle Fibers",
2026-02-04T01:13:32.939Z,SBS Novice Hypertrophy 5x,Day 5,Lateral Raise,0,8,8,0,,,0,27.5,lb,25,lb,0,2026-02-04T01:27:12.308Z,Deltoid Lateral,"Deltoid Anterior,Serratus Anterior,Trapezius Lower Fibers,Trapezius Middle Fibers",
2026-02-04T01:13:32.939Z,SBS Novice Hypertrophy 5x,Day 5,Lateral Raise,0,8,8,0,,,0,27.5,lb,25,lb,0,2026-02-04T01:33:52.207Z,Deltoid Lateral,"Deltoid Anterior,Serratus Anterior,Trapezius Lower Fibers,Trapezius Middle Fibers",
2026-02-04T01:13:32.939Z,SBS Novice Hypertrophy 5x,Day 5,Lateral Raise,0,8,8,0,,,0,27.5,lb,25,lb,0,2026-02-04T01:52:18.061Z,Deltoid Lateral,"Deltoid Anterior,Serratus Anterior,Trapezius Lower Fibers,Trapezius Middle Fibers",
2026-02-04T01:13:32.939Z,SBS Novice Hypertrophy 5x,Day 5,"Shrug, Smith Machine",1,5,2,0,,,0,107.5,lb,135,lb,0,2026-02-04T01:37:01.526Z,Trapezius Upper Fibers,"Levator Scapulae,Trapezius Middle Fibers",
2026-02-04T01:13:32.939Z,SBS Novice Hypertrophy 5x,Day 5,"Shrug, Smith Machine",0,10,10,0,,,0,135,lb,135,lb,0,2026-02-04T01:39:58.394Z,Trapezius Upper Fibers,"Levator Scapulae,Trapezius Middle Fibers",
2026-02-04T01:13:32.939Z,SBS Novice Hypertrophy 5x,Day 5,"Shrug, Smith Machine",0,10,10,0,,,0,135,lb,135,lb,0,2026-02-04T01:47:40.347Z,Trapezius Upper Fibers,"Levator Scapulae,Trapezius Middle Fibers",
2026-02-04T01:13:32.939Z,SBS Novice Hypertrophy 5x,Day 5,"Shrug, Smith Machine",0,10,10,0,,,0,135,lb,135,lb,0,2026-02-04T01:53:12.448Z,Trapezius Upper Fibers,"Levator Scapulae,Trapezius Middle Fibers",
2026-02-04T01:13:32.939Z,SBS Novice Hypertrophy 5x,Day 5,"Shrug, Smith Machine",0,10,10,0,,,0,135,lb,135,lb,0,2026-02-04T01:56:32.812Z,Trapezius Upper Fibers,"Levator Scapulae,Trapezius Middle Fibers",
2026-02-04T01:13:32.939Z,SBS Novice Hypertrophy 5x,Day 5,Incline Chest Fly,1,5,2,0,,,0,15,lb,25,lb,0,2026-02-04T02:00:44.751Z,Pectoralis Major Clavicular Head,"Biceps Brachii,Deltoid Anterior,Pectoralis Major Sternal Head",
2026-02-04T01:13:32.939Z,SBS Novice Hypertrophy 5x,Day 5,Incline Chest Fly,0,8,8,0,,,0,20,lb,25,lb,0,2026-02-04T02:06:02.808Z,Pectoralis Major Clavicular Head,"Biceps Brachii,Deltoid Anterior,Pectoralis Major Sternal Head",
2026-02-04T01:13:32.939Z,SBS Novice Hypertrophy 5x,Day 5,Incline Chest Fly,0,8,8,0,,,0,20,lb,25,lb,0,2026-02-04T02:13:02.119Z,Pectoralis Major Clavicular Head,"Biceps Brachii,Deltoid Anterior,Pectoralis Major Sternal Head",
2026-02-04T01:13:32.939Z,SBS Novice Hypertrophy 5x,Day 5,Incline Chest Fly,0,8,8,0,,,0,20,lb,25,lb,0,2026-02-04T02:16:45.639Z,Pectoralis Major Clavicular Head,"Biceps Brachii,Deltoid Anterior,Pectoralis Major Sternal Head",
2026-02-04T01:13:32.939Z,SBS Novice Hypertrophy 5x,Day 5,Standing Row Rear Delt With Rope,1,5,2,0,,,0,35,lb,47.5,lb,0,2026-02-04T02:02:20.151Z,Deltoid Posterior,"Brachialis,Brachioradialis,Deltoid Lateral,Infraspinatus,Teres Minor,Trapezius Lower Fibers,Trapezius Middle Fibers",
2026-02-04T01:13:32.939Z,SBS Novice Hypertrophy 5x,Day 5,Standing Row Rear Delt With Rope,0,8,10,0,,,0,45,lb,47.5,lb,0,2026-02-04T02:06:47.903Z,Deltoid Posterior,"Brachialis,Brachioradialis,Deltoid Lateral,Infraspinatus,Teres Minor,Trapezius Lower Fibers,Trapezius Middle Fibers",
2026-02-04T01:13:32.939Z,SBS Novice Hypertrophy 5x,Day 5,Standing Row Rear Delt With Rope,0,8,8,0,,,0,45,lb,47.5,lb,0,2026-02-04T02:13:44.436Z,Deltoid Posterior,"Brachialis,Brachioradialis,Deltoid Lateral,Infraspinatus,Teres Minor,Trapezius Lower Fibers,Trapezius Middle Fibers",
2026-02-04T01:13:32.939Z,SBS Novice Hypertrophy 5x,Day 5,Standing Row Rear Delt With Rope,0,8,8,0,,,0,45,lb,47.5,lb,0,2026-02-04T02:17:23.902Z,Deltoid Posterior,"Brachialis,Brachioradialis,Deltoid Lateral,Infraspinatus,Teres Minor,Trapezius Lower Fibers,Trapezius Middle Fibers",
2026-02-04T01:13:32.939Z,SBS Novice Hypertrophy 5x,Day 5,Standing Row Rear Delt With Rope,0,8,8,0,,,0,45,lb,47.5,lb,0,2026-02-04T02:20:03.493Z,Deltoid Posterior,"Brachialis,Brachioradialis,Deltoid Lateral,Infraspinatus,Teres Minor,Trapezius Lower Fibers,Trapezius Middle Fibers",
2026-02-01T19:40:05.442Z,SBS Novice Hypertrophy 5x,Day 3,Shoulder Press,1,5,2,0,,,0,30,lb,45,lb,0,2026-02-01T19:43:24.257Z,Deltoid Anterior,"Deltoid Lateral,Pectoralis Major Clavicular Head,Serratus Anterior,Trapezius Lower Fibers,Trapezius Middle Fibers,Triceps Brachii",
2026-02-01T19:40:05.442Z,SBS Novice Hypertrophy 5x,Day 3,Shoulder Press,0,8,8,0,,,0,40,lb,45,lb,0,2026-02-01T19:47:57.377Z,Deltoid Anterior,"Deltoid Lateral,Pectoralis Major Clavicular Head,Serratus Anterior,Trapezius Lower Fibers,Trapezius Middle Fibers,Triceps Brachii",
2026-02-01T19:40:05.442Z,SBS Novice Hypertrophy 5x,Day 3,Shoulder Press,0,8,8,0,,,0,40,lb,45,lb,0,2026-02-01T19:53:23.243Z,Deltoid Anterior,"Deltoid Lateral,Pectoralis Major Clavicular Head,Serratus Anterior,Trapezius Lower Fibers,Trapezius Middle Fibers,Triceps Brachii",
2026-02-01T19:40:05.442Z,SBS Novice Hypertrophy 5x,Day 3,Shoulder Press,0,8,8,0,,,0,40,lb,45,lb,0,2026-02-01T19:59:48.092Z,Deltoid Anterior,"Deltoid Lateral,Pectoralis Major Clavicular Head,Serratus Anterior,Trapezius Lower Fibers,Trapezius Middle Fibers,Triceps Brachii",
2026-02-01T19:40:05.442Z,SBS Novice Hypertrophy 5x,Day 3,Shoulder Press,0,8,8,0,,,0,40,lb,45,lb,0,2026-02-01T20:09:21.728Z,Deltoid Anterior,"Deltoid Lateral,Pectoralis Major Clavicular Head,Serratus Anterior,Trapezius Lower Fibers,Trapezius Middle Fibers,Triceps Brachii",
2026-02-01T19:40:05.442Z,SBS Novice Hypertrophy 5x,Day 3,Pull Up,1,,1,0,,,0,,,0,lb,0,2026-02-01T19:44:21.660Z,Latissimus Dorsi,"Biceps Brachii,Brachialis,Brachioradialis,Deltoid Posterior,Infraspinatus,Levator Scapulae,Teres Major,Teres Minor,Trapezius Lower Fibers,Trapezius Middle Fibers",
2026-02-01T19:40:05.442Z,SBS Novice Hypertrophy 5x,Day 3,Pull Up,0,8,4,0,,,0,0,lb,0,lb,0,2026-02-01T19:49:04.809Z,Latissimus Dorsi,"Biceps Brachii,Brachialis,Brachioradialis,Deltoid Posterior,Infraspinatus,Levator Scapulae,Teres Major,Teres Minor,Trapezius Lower Fibers,Trapezius Middle Fibers",
2026-02-01T19:40:05.442Z,SBS Novice Hypertrophy 5x,Day 3,Pull Up,0,8,4,0,,,0,0,lb,0,lb,0,2026-02-01T19:54:54.528Z,Latissimus Dorsi,"Biceps Brachii,Brachialis,Brachioradialis,Deltoid Posterior,Infraspinatus,Levator Scapulae,Teres Major,Teres Minor,Trapezius Lower Fibers,Trapezius Middle Fibers",
2026-02-01T19:40:05.442Z,SBS Novice Hypertrophy 5x,Day 3,Pull Up,0,8,4,0,,,0,0,lb,0,lb,0,2026-02-01T20:01:41.418Z,Latissimus Dorsi,"Biceps Brachii,Brachialis,Brachioradialis,Deltoid Posterior,Infraspinatus,Levator Scapulae,Teres Major,Teres Minor,Trapezius Lower Fibers,Trapezius Middle Fibers",
2026-02-01T19:40:05.442Z,SBS Novice Hypertrophy 5x,Day 3,"Incline Bench Press, Dumbbell",1,,2,0,,,0,,,55,lb,0,2026-02-01T20:17:39.927Z,Pectoralis Major Clavicular Head,"Deltoid Anterior,Pectoralis Major Sternal Head,Triceps Brachii",
2026-02-01T19:40:05.442Z,SBS Novice Hypertrophy 5x,Day 3,"Incline Bench Press, Dumbbell",0,8,8,0,,,0,45,lb,55,lb,0,2026-02-01T20:21:29.828Z,Pectoralis Major Clavicular Head,"Deltoid Anterior,Pectoralis Major Sternal Head,Triceps Brachii",
2026-02-01T19:40:05.442Z,SBS Novice Hypertrophy 5x,Day 3,"Incline Bench Press, Dumbbell",0,8,7,0,,,0,45,lb,55,lb,0,2026-02-01T20:31:05.318Z,Pectoralis Major Clavicular Head,"Deltoid Anterior,Pectoralis Major Sternal Head,Triceps Brachii",
2026-02-01T19:40:05.442Z,SBS Novice Hypertrophy 5x,Day 3,"Incline Bench Press, Dumbbell",0,8,10,0,,,0,45,lb,50,lb,0,2026-02-01T20:45:35.128Z,Pectoralis Major Clavicular Head,"Deltoid Anterior,Pectoralis Major Sternal Head,Triceps Brachii",
2026-02-01T19:40:05.442Z,SBS Novice Hypertrophy 5x,Day 3,"Incline Bench Press, Dumbbell",0,8,10,0,,,0,45,lb,50,lb,0,2026-02-01T20:58:28.959Z,Pectoralis Major Clavicular Head,"Deltoid Anterior,Pectoralis Major Sternal Head,Triceps Brachii",
2026-02-01T19:40:05.442Z,SBS Novice Hypertrophy 5x,Day 3,"Seated Row, Leverage Machine",1,5,2,0,,,0,55,lb,140,lb,0,2026-02-01T20:03:05.284Z,"Latissimus Dorsi,Trapezius Lower Fibers,Trapezius Middle Fibers","Brachialis,Brachioradialis,Deltoid Posterior,Erector Spinae,Infraspinatus,Pectoralis Major Sternal Head,Teres Major,Teres Minor",
2026-02-01T19:40:05.442Z,SBS Novice Hypertrophy 5x,Day 3,"Seated Row, Leverage Machine",0,10,6,0,,,0,70,lb,140,lb,0,2026-02-01T20:12:10.324Z,"Latissimus Dorsi,Trapezius Lower Fibers,Trapezius Middle Fibers","Brachialis,Brachioradialis,Deltoid Posterior,Erector Spinae,Infraspinatus,Pectoralis Major Sternal Head,Teres Major,Teres Minor",
2026-02-01T19:40:05.442Z,SBS Novice Hypertrophy 5x,Day 3,"Seated Row, Leverage Machine",0,10,7,0,,,0,70,lb,140,lb,0,2026-02-01T20:32:54.294Z,"Latissimus Dorsi,Trapezius Lower Fibers,Trapezius Middle Fibers","Brachialis,Brachioradialis,Deltoid Posterior,Erector Spinae,Infraspinatus,Pectoralis Major Sternal Head,Teres Major,Teres Minor",
2026-02-01T19:40:05.442Z,SBS Novice Hypertrophy 5x,Day 3,"Seated Row, Leverage Machine",0,10,8,0,,,0,70,lb,137.5,lb,0,2026-02-01T20:46:26.903Z,"Latissimus Dorsi,Trapezius Lower Fibers,Trapezius Middle Fibers","Brachialis,Brachioradialis,Deltoid Posterior,Erector Spinae,Infraspinatus,Pectoralis Major Sternal Head,Teres Major,Teres Minor",
2026-02-01T19:40:05.442Z,SBS Novice Hypertrophy 5x,Day 3,"Seated Row, Leverage Machine",0,10,3,0,,,0,70,lb,137.5,lb,0,2026-02-01T21:00:40.963Z,"Latissimus Dorsi,Trapezius Lower Fibers,Trapezius Middle Fibers","Brachialis,Brachioradialis,Deltoid Posterior,Erector Spinae,Infraspinatus,Pectoralis Major Sternal Head,Teres Major,Teres Minor",
2026-01-31T00:43:42.881Z,SBS Novice Hypertrophy 5x,Day 4,"Romanian Deadlift, Barbell",1,5,10,0,,,0,45,lb,45,lb,0,2026-01-31T00:46:14.974Z,Gluteus Maximus,"Adductor Magnus,Erector Spinae,Hamstrings",
2026-01-31T00:43:42.881Z,SBS Novice Hypertrophy 5x,Day 4,"Romanian Deadlift, Barbell",1,5,2,0,,,0,47.5,lb,120,lb,0,2026-01-31T00:49:47.058Z,Gluteus Maximus,"Adductor Magnus,Erector Spinae,Hamstrings",
2026-01-31T00:43:42.881Z,SBS Novice Hypertrophy 5x,Day 4,"Romanian Deadlift, Barbell",0,10,10,0,,,0,60,lb,120,lb,0,2026-01-31T00:53:02.632Z,Gluteus Maximus,"Adductor Magnus,Erector Spinae,Hamstrings",
2026-01-31T00:43:42.881Z,SBS Novice Hypertrophy 5x,Day 4,"Romanian Deadlift, Barbell",0,10,10,0,,,0,60,lb,120,lb,0,2026-01-31T00:56:43.938Z,Gluteus Maximus,"Adductor Magnus,Erector Spinae,Hamstrings",
2026-01-31T00:43:42.881Z,SBS Novice Hypertrophy 5x,Day 4,"Romanian Deadlift, Barbell",0,10,10,0,,,0,60,lb,120,lb,0,2026-01-31T01:00:18.570Z,Gluteus Maximus,"Adductor Magnus,Erector Spinae,Hamstrings",
2026-01-31T00:43:42.881Z,SBS Novice Hypertrophy 5x,Day 4,Leg Press,1,5,10,0,,,0,40,lb,45,lb,0,2026-01-31T01:02:35.384Z,Quadriceps,"Adductor Magnus,Gluteus Maximus,Soleus",
2026-01-31T00:43:42.881Z,SBS Novice Hypertrophy 5x,Day 4,Leg Press,1,5,2,0,,,0,63.75,lb,165,lb,0,2026-01-31T01:03:01.168Z,Quadriceps,"Adductor Magnus,Gluteus Maximus,Soleus",
2026-01-31T00:43:42.881Z,SBS Novice Hypertrophy 5x,Day 4,Leg Press,0,10,10,0,,,0,80,lb,165,lb,0,2026-01-31T01:08:01.807Z,Quadriceps,"Adductor Magnus,Gluteus Maximus,Soleus",
2026-01-31T00:43:42.881Z,SBS Novice Hypertrophy 5x,Day 4,Leg Press,0,10,10,0,,,0,80,lb,165,lb,0,2026-01-31T01:15:40.945Z,Quadriceps,"Adductor Magnus,Gluteus Maximus,Soleus",
2026-01-31T00:43:42.881Z,SBS Novice Hypertrophy 5x,Day 4,Leg Press,0,10,10,0,,,0,80,lb,165,lb,0,2026-01-31T01:21:34.870Z,Quadriceps,"Adductor Magnus,Gluteus Maximus,Soleus",
2026-01-31T00:43:42.881Z,SBS Novice Hypertrophy 5x,Day 4,Leg Press,0,10,10,0,,,0,80,lb,165,lb,0,2026-01-31T01:30:27.431Z,Quadriceps,"Adductor Magnus,Gluteus Maximus,Soleus",
2026-01-31T00:43:42.881Z,SBS Novice Hypertrophy 5x,Day 4,Seated Leg Curl,1,5,2,0,,,0,33.75,lb,85,lb,0,2026-01-31T01:04:13.388Z,Hamstrings,"Gastrocnemius,Sartorius",
2026-01-31T00:43:42.881Z,SBS Novice Hypertrophy 5x,Day 4,Seated Leg Curl,0,8,8,0,,,0,42.5,lb,85,lb,0,2026-01-31T01:10:09.299Z,Hamstrings,"Gastrocnemius,Sartorius",
2026-01-31T00:43:42.881Z,SBS Novice Hypertrophy 5x,Day 4,Seated Leg Curl,0,8,8,0,,,0,42.5,lb,85,lb,0,2026-01-31T01:17:03.996Z,Hamstrings,"Gastrocnemius,Sartorius",
2026-01-31T00:43:42.881Z,SBS Novice Hypertrophy 5x,Day 4,Seated Leg Curl,0,8,8,0,,,0,42.5,lb,85,lb,0,2026-01-31T01:24:30.307Z,Hamstrings,"Gastrocnemius,Sartorius",
2026-01-31T00:43:42.881Z,SBS Novice Hypertrophy 5x,Day 4,Seated Leg Curl,0,8,9,0,,,0,42.5,lb,85,lb,0,2026-01-31T01:31:49.680Z,Hamstrings,"Gastrocnemius,Sartorius",
2026-01-31T00:43:42.881Z,SBS Novice Hypertrophy 5x,Day 4,Calf Press on Leg Press,1,5,2,0,,,0,311.25,lb,390,lb,0,2026-01-31T01:32:47.461Z,Gastrocnemius,Soleus,
2026-01-31T00:43:42.881Z,SBS Novice Hypertrophy 5x,Day 4,Calf Press on Leg Press,0,8,10,0,,,0,390,lb,390,lb,0,2026-01-31T01:36:50.640Z,Gastrocnemius,Soleus,
2026-01-31T00:43:42.881Z,SBS Novice Hypertrophy 5x,Day 4,Calf Press on Leg Press,0,8,8,0,,,0,390,lb,390,lb,0,2026-01-31T01:40:51.664Z,Gastrocnemius,Soleus,
2026-01-31T00:43:42.881Z,SBS Novice Hypertrophy 5x,Day 4,Calf Press on Leg Press,0,8,9,0,,,0,390,lb,390,lb,0,2026-01-31T01:44:02.232Z,Gastrocnemius,Soleus,
2026-01-31T00:43:42.881Z,SBS Novice Hypertrophy 5x,Day 4,Calf Press on Leg Press,0,8,9,0,,,0,390,lb,390,lb,0,2026-01-31T01:46:39.648Z,Gastrocnemius,Soleus,
2026-01-30T01:31:59.133Z,SBS Novice Hypertrophy 5x,Day 1,"Bench Press, Dumbbell",1,5,2,0,,,0,42.5,lb,55,lb,0,2026-01-30T01:35:55.640Z,Pectoralis Major Sternal Head,"Deltoid Anterior,Pectoralis Major Clavicular Head,Triceps Brachii",
2026-01-30T01:31:59.133Z,SBS Novice Hypertrophy 5x,Day 1,"Bench Press, Dumbbell",0,10,10,0,,,0,55,lb,55,lb,0,2026-01-30T01:41:57.678Z,Pectoralis Major Sternal Head,"Deltoid Anterior,Pectoralis Major Clavicular Head,Triceps Brachii",
2026-01-30T01:31:59.133Z,SBS Novice Hypertrophy 5x,Day 1,"Bench Press, Dumbbell",0,10,10,0,,,0,55,lb,55,lb,0,2026-01-30T01:47:38.436Z,Pectoralis Major Sternal Head,"Deltoid Anterior,Pectoralis Major Clavicular Head,Triceps Brachii",
2026-01-30T01:31:59.133Z,SBS Novice Hypertrophy 5x,Day 1,"Bench Press, Dumbbell",0,10,7,0,,,0,55,lb,55,lb,0,2026-01-30T01:52:23.428Z,Pectoralis Major Sternal Head,"Deltoid Anterior,Pectoralis Major Clavicular Head,Triceps Brachii",
2026-01-30T01:31:59.133Z,SBS Novice Hypertrophy 5x,Day 1,"Bent Over Row, Dumbbell",1,5,2,0,,,0,90,lb,55,lb,0,2026-01-30T01:53:48.329Z,"Latissimus Dorsi,Trapezius Lower Fibers,Trapezius Middle Fibers","Brachialis,Brachioradialis,Deltoid Posterior,Infraspinatus,Pectoralis Major Sternal Head,Teres Major,Teres Minor",
2026-01-30T01:31:59.133Z,SBS Novice Hypertrophy 5x,Day 1,"Bent Over Row, Dumbbell",0,10,8,0,,,0,115,lb,55,lb,0,2026-01-30T01:58:29.318Z,"Latissimus Dorsi,Trapezius Lower Fibers,Trapezius Middle Fibers","Brachialis,Brachioradialis,Deltoid Posterior,Infraspinatus,Pectoralis Major Sternal Head,Teres Major,Teres Minor",
2026-01-30T01:31:59.133Z,SBS Novice Hypertrophy 5x,Day 1,"Bent Over Row, Dumbbell",0,10,6,0,,,0,115,lb,55,lb,0,2026-01-30T02:09:43.725Z,"Latissimus Dorsi,Trapezius Lower Fibers,Trapezius Middle Fibers","Brachialis,Brachioradialis,Deltoid Posterior,Infraspinatus,Pectoralis Major Sternal Head,Teres Major,Teres Minor",
2026-01-30T01:31:59.133Z,SBS Novice Hypertrophy 5x,Day 1,"Bent Over Row, Dumbbell",0,10,3,0,,,0,115,lb,55,lb,0,2026-01-30T02:14:22.265Z,"Latissimus Dorsi,Trapezius Lower Fibers,Trapezius Middle Fibers","Brachialis,Brachioradialis,Deltoid Posterior,Infraspinatus,Pectoralis Major Sternal Head,Teres Major,Teres Minor",
2026-01-30T01:31:59.133Z,SBS Novice Hypertrophy 5x,Day 1,"Shoulder Press, Leverage Machine",1,5,2,0,,,0,58.75,lb,75,lb,0,2026-01-30T01:54:51.394Z,Deltoid Anterior,"Deltoid Lateral,Pectoralis Major Clavicular Head,Serratus Anterior,Trapezius Lower Fibers,Trapezius Middle Fibers,Triceps Brachii",
2026-01-30T01:31:59.133Z,SBS Novice Hypertrophy 5x,Day 1,"Shoulder Press, Leverage Machine",0,10,10,0,,,0,73.75,lb,75,lb,0,2026-01-30T01:59:41.506Z,Deltoid Anterior,"Deltoid Lateral,Pectoralis Major Clavicular Head,Serratus Anterior,Trapezius Lower Fibers,Trapezius Middle Fibers,Triceps Brachii",
2026-01-30T01:31:59.133Z,SBS Novice Hypertrophy 5x,Day 1,"Shoulder Press, Leverage Machine",0,10,9,0,,,0,73.75,lb,75,lb,0,2026-01-30T02:04:44.844Z,Deltoid Anterior,"Deltoid Lateral,Pectoralis Major Clavicular Head,Serratus Anterior,Trapezius Lower Fibers,Trapezius Middle Fibers,Triceps Brachii",
2026-01-30T01:31:59.133Z,SBS Novice Hypertrophy 5x,Day 1,"Shoulder Press, Leverage Machine",0,10,7,0,,,0,73.75,lb,75,lb,0,2026-01-30T02:11:07.140Z,Deltoid Anterior,"Deltoid Lateral,Pectoralis Major Clavicular Head,Serratus Anterior,Trapezius Lower Fibers,Trapezius Middle Fibers,Triceps Brachii",
2026-01-30T01:31:59.133Z,SBS Novice Hypertrophy 5x,Day 1,"Shoulder Press, Leverage Machine",0,10,7,0,,,0,73.75,lb,75,lb,0,2026-01-30T02:11:12.600Z,Deltoid Anterior,"Deltoid Lateral,Pectoralis Major Clavicular Head,Serratus Anterior,Trapezius Lower Fibers,Trapezius Middle Fibers,Triceps Brachii",
2026-01-30T01:31:59.133Z,SBS Novice Hypertrophy 5x,Day 1,"Lat Pulldown, Leverage Machine",1,5,2,0,,,0,110,lb,137.5,lb,0,2026-01-30T01:36:42.446Z,Latissimus Dorsi,"Biceps Brachii,Brachialis,Brachioradialis,Deltoid Posterior,Infraspinatus,Levator Scapulae,Teres Major,Teres Minor,Trapezius Lower Fibers,Trapezius Middle Fibers",
2026-01-30T01:31:59.133Z,SBS Novice Hypertrophy 5x,Day 1,"Lat Pulldown, Leverage Machine",0,10,10,0,,,0,137.5,lb,137.5,lb,0,2026-01-30T01:42:57.376Z,Latissimus Dorsi,"Biceps Brachii,Brachialis,Brachioradialis,Deltoid Posterior,Infraspinatus,Levator Scapulae,Teres Major,Teres Minor,Trapezius Lower Fibers,Trapezius Middle Fibers",
2026-01-30T01:31:59.133Z,SBS Novice Hypertrophy 5x,Day 1,"Lat Pulldown, Leverage Machine",0,10,8,0,,,0,137.5,lb,137.5,lb,0,2026-01-30T01:48:23.525Z,Latissimus Dorsi,"Biceps Brachii,Brachialis,Brachioradialis,Deltoid Posterior,Infraspinatus,Levator Scapulae,Teres Major,Teres Minor,Trapezius Lower Fibers,Trapezius Middle Fibers",
2026-01-30T01:31:59.133Z,SBS Novice Hypertrophy 5x,Day 1,"Lat Pulldown, Leverage Machine",0,10,10,0,,,0,137.5,lb,137.5,lb,0,2026-01-30T02:04:00.916Z,Latissimus Dorsi,"Biceps Brachii,Brachialis,Brachioradialis,Deltoid Posterior,Infraspinatus,Levator Scapulae,Teres Major,Teres Minor,Trapezius Lower Fibers,Trapezius Middle Fibers",
2026-01-28T00:07:38.081Z,SBS Novice Hypertrophy 5x,Day 5,Concentration Curl,1,5,2,0,,,0,20,lb,25,lb,0,2026-01-28T00:09:47.706Z,Brachialis,"Biceps Brachii,Brachioradialis",
2026-01-28T00:07:38.081Z,SBS Novice Hypertrophy 5x,Day 5,Concentration Curl,0,10,7,0,,,0,25,lb,25,lb,0,2026-01-28T00:20:54.308Z,Brachialis,"Biceps Brachii,Brachioradialis",
2026-01-28T00:07:38.081Z,SBS Novice Hypertrophy 5x,Day 5,Concentration Curl,0,10,8,0,,,0,25,lb,25,lb,0,2026-01-28T00:33:54.153Z,Brachialis,"Biceps Brachii,Brachioradialis",
2026-01-28T00:07:38.081Z,SBS Novice Hypertrophy 5x,Day 5,Concentration Curl,0,10,5,0,,,0,25,lb,25,lb,0,2026-01-28T00:56:52.276Z,Brachialis,"Biceps Brachii,Brachioradialis",
2026-01-28T00:07:38.081Z,SBS Novice Hypertrophy 5x,Day 5,Skullcrusher,1,5,2,0,,,0,20,lb,40,lb,0,2026-01-28T00:14:01.896Z,Triceps Brachii,,
2026-01-28T00:07:38.081Z,SBS Novice Hypertrophy 5x,Day 5,Skullcrusher,0,10,10,0,,,0,20,lb,40,lb,0,2026-01-28T00:23:04.706Z,Triceps Brachii,,
2026-01-28T00:07:38.081Z,SBS Novice Hypertrophy 5x,Day 5,Skullcrusher,0,10,8,0,,,0,20,lb,40,lb,0,2026-01-28T00:53:10.199Z,Triceps Brachii,,
2026-01-28T00:07:38.081Z,SBS Novice Hypertrophy 5x,Day 5,Skullcrusher,0,10,10,0,,,0,20,lb,40,lb,0,2026-01-28T00:59:30.563Z,Triceps Brachii,,
2026-01-28T00:07:38.081Z,SBS Novice Hypertrophy 5x,Day 5,Lateral Raise,1,5,2,0,,,0,20,lb,25,lb,0,2026-01-28T00:15:53.479Z,Deltoid Lateral,"Deltoid Anterior,Serratus Anterior,Trapezius Lower Fibers,Trapezius Middle Fibers",
2026-01-28T00:07:38.081Z,SBS Novice Hypertrophy 5x,Day 5,Lateral Raise,0,8,9,0,,,0,27.5,lb,25,lb,0,2026-01-28T00:26:37.632Z,Deltoid Lateral,"Deltoid Anterior,Serratus Anterior,Trapezius Lower Fibers,Trapezius Middle Fibers",
2026-01-28T00:07:38.081Z,SBS Novice Hypertrophy 5x,Day 5,Lateral Raise,0,8,8,0,,,0,27.5,lb,25,lb,0,2026-01-28T00:53:54.753Z,Deltoid Lateral,"Deltoid Anterior,Serratus Anterior,Trapezius Lower Fibers,Trapezius Middle Fibers",
2026-01-28T00:07:38.081Z,SBS Novice Hypertrophy 5x,Day 5,Lateral Raise,0,8,10,0,,,0,27.5,lb,25,lb,0,2026-01-28T01:02:10.752Z,Deltoid Lateral,"Deltoid Anterior,Serratus Anterior,Trapezius Lower Fibers,Trapezius Middle Fibers",
2026-01-28T00:07:38.081Z,SBS Novice Hypertrophy 5x,Day 5,"Shrug, Smith Machine",1,5,10,0,,,0,107.5,lb,25,lb,0,2026-01-28T01:04:38.455Z,Trapezius Upper Fibers,"Levator Scapulae,Trapezius Middle Fibers",
2026-01-28T00:07:38.081Z,SBS Novice Hypertrophy 5x,Day 5,"Shrug, Smith Machine",1,2,2,0,,,0,135,lb,135,lb,0,2026-01-28T01:04:42.403Z,Trapezius Upper Fibers,"Levator Scapulae,Trapezius Middle Fibers",
2026-01-28T00:07:38.081Z,SBS Novice Hypertrophy 5x,Day 5,"Shrug, Smith Machine",0,10,10,0,,,0,135,lb,135,lb,0,2026-01-28T01:08:21.099Z,Trapezius Upper Fibers,"Levator Scapulae,Trapezius Middle Fibers",
2026-01-28T00:07:38.081Z,SBS Novice Hypertrophy 5x,Day 5,"Shrug, Smith Machine",0,10,,0,,,0,135,lb,,,0,,Trapezius Upper Fibers,"Levator Scapulae,Trapezius Middle Fibers",
2026-01-28T00:07:38.081Z,SBS Novice Hypertrophy 5x,Day 5,"Shrug, Smith Machine",0,10,,0,,,0,135,lb,,,0,,Trapezius Upper Fibers,"Levator Scapulae,Trapezius Middle Fibers",
2026-01-28T00:07:38.081Z,SBS Novice Hypertrophy 5x,Day 5,"Shrug, Smith Machine",0,10,,0,,,0,135,lb,,,0,,Trapezius Upper Fibers,"Levator Scapulae,Trapezius Middle Fibers",
2026-01-28T00:07:38.081Z,SBS Novice Hypertrophy 5x,Day 5,Incline Chest Fly,1,5,2,0,,,0,15,lb,25,lb,0,2026-01-28T01:05:31.183Z,Pectoralis Major Clavicular Head,"Biceps Brachii,Deltoid Anterior,Pectoralis Major Sternal Head",
2026-01-28T00:07:38.081Z,SBS Novice Hypertrophy 5x,Day 5,Incline Chest Fly,0,8,8,0,,,0,20,lb,25,lb,0,2026-01-28T01:09:52.374Z,Pectoralis Major Clavicular Head,"Biceps Brachii,Deltoid Anterior,Pectoralis Major Sternal Head",
2026-01-28T00:07:38.081Z,SBS Novice Hypertrophy 5x,Day 5,Incline Chest Fly,0,8,8,0,,,0,20,lb,25,lb,0,2026-01-28T01:25:49.884Z,Pectoralis Major Clavicular Head,"Biceps Brachii,Deltoid Anterior,Pectoralis Major Sternal Head",
2026-01-28T00:07:38.081Z,SBS Novice Hypertrophy 5x,Day 5,Incline Chest Fly,0,8,,0,,,0,20,lb,,,0,,Pectoralis Major Clavicular Head,"Biceps Brachii,Deltoid Anterior,Pectoralis Major Sternal Head",
2026-01-28T00:07:38.081Z,SBS Novice Hypertrophy 5x,Day 5,Standing Row Rear Delt With Rope,1,5,,0,,,0,22.5,lb,,,0,,Deltoid Posterior,"Brachialis,Brachioradialis,Deltoid Lateral,Infraspinatus,Teres Minor,Trapezius Lower Fibers,Trapezius Middle Fibers",
2026-01-28T00:07:38.081Z,SBS Novice Hypertrophy 5x,Day 5,Standing Row Rear Delt With Rope,1,5,,0,,,0,35,lb,,,0,,Deltoid Posterior,"Brachialis,Brachioradialis,Deltoid Lateral,Infraspinatus,Teres Minor,Trapezius Lower Fibers,Trapezius Middle Fibers",
2026-01-28T00:07:38.081Z,SBS Novice Hypertrophy 5x,Day 5,Standing Row Rear Delt With Rope,0,8,,0,,,0,45,lb,,,0,,Deltoid Posterior,"Brachialis,Brachioradialis,Deltoid Lateral,Infraspinatus,Teres Minor,Trapezius Lower Fibers,Trapezius Middle Fibers",
2026-01-28T00:07:38.081Z,SBS Novice Hypertrophy 5x,Day 5,Standing Row Rear Delt With Rope,0,8,,0,,,0,45,lb,,,0,,Deltoid Posterior,"Brachialis,Brachioradialis,Deltoid Lateral,Infraspinatus,Teres Minor,Trapezius Lower Fibers,Trapezius Middle Fibers",
2026-01-28T00:07:38.081Z,SBS Novice Hypertrophy 5x,Day 5,Standing Row Rear Delt With Rope,0,8,,0,,,0,45,lb,,,0,,Deltoid Posterior,"Brachialis,Brachioradialis,Deltoid Lateral,Infraspinatus,Teres Minor,Trapezius Lower Fibers,Trapezius Middle Fibers",
2026-01-28T00:07:38.081Z,SBS Novice Hypertrophy 5x,Day 5,Standing Row Rear Delt With Rope,0,8,,0,,,0,45,lb,,,0,,Deltoid Posterior,"Brachialis,Brachioradialis,Deltoid Lateral,Infraspinatus,Teres Minor,Trapezius Lower Fibers,Trapezius Middle Fibers",
2026-01-25T00:20:51.158Z,SBS Novice Hypertrophy 5x,Day 3,Shoulder Press,1,5,2,0,,,0,30,lb,45,lb,0,2026-01-25T00:24:33.453Z,Deltoid Anterior,"Deltoid Lateral,Pectoralis Major Clavicular Head,Serratus Anterior,Trapezius Lower Fibers,Trapezius Middle Fibers,Triceps Brachii",
2026-01-25T00:20:51.158Z,SBS Novice Hypertrophy 5x,Day 3,Shoulder Press,0,8,8,0,,,0,40,lb,45,lb,0,2026-01-25T00:29:56.464Z,Deltoid Anterior,"Deltoid Lateral,Pectoralis Major Clavicular Head,Serratus Anterior,Trapezius Lower Fibers,Trapezius Middle Fibers,Triceps Brachii",
2026-01-25T00:20:51.158Z,SBS Novice Hypertrophy 5x,Day 3,Shoulder Press,0,8,8,0,,,0,40,lb,45,lb,0,2026-01-25T00:38:04.862Z,Deltoid Anterior,"Deltoid Lateral,Pectoralis Major Clavicular Head,Serratus Anterior,Trapezius Lower Fibers,Trapezius Middle Fibers,Triceps Brachii",
2026-01-25T00:20:51.158Z,SBS Novice Hypertrophy 5x,Day 3,Shoulder Press,0,8,8,0,,,0,40,lb,45,lb,0,2026-01-25T00:43:40.094Z,Deltoid Anterior,"Deltoid Lateral,Pectoralis Major Clavicular Head,Serratus Anterior,Trapezius Lower Fibers,Trapezius Middle Fibers,Triceps Brachii",
2026-01-25T00:20:51.158Z,SBS Novice Hypertrophy 5x,Day 3,Pull Up,1,,1,0,,,0,,,0,lb,0,2026-01-25T00:26:24.911Z,Latissimus Dorsi,"Biceps Brachii,Brachialis,Brachioradialis,Deltoid Posterior,Infraspinatus,Levator Scapulae,Teres Major,Teres Minor,Trapezius Lower Fibers,Trapezius Middle Fibers",
2026-01-25T00:20:51.158Z,SBS Novice Hypertrophy 5x,Day 3,Pull Up,0,8,3,0,,,0,0,lb,0,lb,0,2026-01-25T00:32:58.801Z,Latissimus Dorsi,"Biceps Brachii,Brachialis,Brachioradialis,Deltoid Posterior,Infraspinatus,Levator Scapulae,Teres Major,Teres Minor,Trapezius Lower Fibers,Trapezius Middle Fibers",
2026-01-25T00:20:51.158Z,SBS Novice Hypertrophy 5x,Day 3,Pull Up,0,8,3,0,,,0,0,lb,0,lb,0,2026-01-25T00:39:01.890Z,Latissimus Dorsi,"Biceps Brachii,Brachialis,Brachioradialis,Deltoid Posterior,Infraspinatus,Levator Scapulae,Teres Major,Teres Minor,Trapezius Lower Fibers,Trapezius Middle Fibers",
2026-01-25T00:20:51.158Z,SBS Novice Hypertrophy 5x,Day 3,Pull Up,0,8,5,0,,,0,0,lb,0,lb,0,2026-01-25T00:46:17.219Z,Latissimus Dorsi,"Biceps Brachii,Brachialis,Brachioradialis,Deltoid Posterior,Infraspinatus,Levator Scapulae,Teres Major,Teres Minor,Trapezius Lower Fibers,Trapezius Middle Fibers",
2026-01-25T00:20:51.158Z,SBS Novice Hypertrophy 5x,Day 3,"Incline Bench Press, Dumbbell",1,,2,0,,,0,,,55,lb,0,2026-01-25T00:50:52.008Z,Pectoralis Major Clavicular Head,"Deltoid Anterior,Pectoralis Major Sternal Head,Triceps Brachii",
2026-01-25T00:20:51.158Z,SBS Novice Hypertrophy 5x,Day 3,"Incline Bench Press, Dumbbell",0,8,8,0,,,0,45,lb,55,lb,0,2026-01-25T00:55:08.829Z,Pectoralis Major Clavicular Head,"Deltoid Anterior,Pectoralis Major Sternal Head,Triceps Brachii",
2026-01-25T00:20:51.158Z,SBS Novice Hypertrophy 5x,Day 3,"Incline Bench Press, Dumbbell",0,8,8,0,,,0,45,lb,55,lb,0,2026-01-25T01:04:55.920Z,Pectoralis Major Clavicular Head,"Deltoid Anterior,Pectoralis Major Sternal Head,Triceps Brachii",
2026-01-25T00:20:51.158Z,SBS Novice Hypertrophy 5x,Day 3,"Incline Bench Press, Dumbbell",0,8,8,0,,,0,45,lb,55,lb,0,2026-01-25T01:23:14.614Z,Pectoralis Major Clavicular Head,"Deltoid Anterior,Pectoralis Major Sternal Head,Triceps Brachii",
2026-01-25T00:20:51.158Z,SBS Novice Hypertrophy 5x,Day 3,"Seated Row, Leverage Machine",1,5,2,0,,,0,55,lb,140,lb,0,2026-01-25T00:55:57.035Z,"Latissimus Dorsi,Trapezius Lower Fibers,Trapezius Middle Fibers","Brachialis,Brachioradialis,Deltoid Posterior,Erector Spinae,Infraspinatus,Pectoralis Major Sternal Head,Teres Major,Teres Minor",
2026-01-25T00:20:51.158Z,SBS Novice Hypertrophy 5x,Day 3,"Seated Row, Leverage Machine",0,10,10,0,,,0,70,lb,140,lb,0,2026-01-25T01:13:07.288Z,"Latissimus Dorsi,Trapezius Lower Fibers,Trapezius Middle Fibers","Brachialis,Brachioradialis,Deltoid Posterior,Erector Spinae,Infraspinatus,Pectoralis Major Sternal Head,Teres Major,Teres Minor",
2026-01-25T00:20:51.158Z,SBS Novice Hypertrophy 5x,Day 3,"Seated Row, Leverage Machine",0,10,6,0,,,0,70,lb,140,lb,0,2026-01-25T01:24:44.597Z,"Latissimus Dorsi,Trapezius Lower Fibers,Trapezius Middle Fibers","Brachialis,Brachioradialis,Deltoid Posterior,Erector Spinae,Infraspinatus,Pectoralis Major Sternal Head,Teres Major,Teres Minor",
2026-01-25T00:20:51.158Z,SBS Novice Hypertrophy 5x,Day 3,"Seated Row, Leverage Machine",0,10,10,0,,,0,70,lb,140,lb,0,2026-01-25T01:32:07.920Z,"Latissimus Dorsi,Trapezius Lower Fibers,Trapezius Middle Fibers","Brachialis,Brachioradialis,Deltoid Posterior,Erector Spinae,Infraspinatus,Pectoralis Major Sternal Head,Teres Major,Teres Minor",
2026-01-25T00:20:51.158Z,SBS Novice Hypertrophy 5x,Day 3,"Seated Row, Leverage Machine",0,10,5,0,,,0,70,lb,140,lb,0,2026-01-25T01:34:57.702Z,"Latissimus Dorsi,Trapezius Lower Fibers,Trapezius Middle Fibers","Brachialis,Brachioradialis,Deltoid Posterior,Erector Spinae,Infraspinatus,Pectoralis Major Sternal Head,Teres Major,Teres Minor",
2026-01-23T23:55:06.034Z,SBS Novice Hypertrophy 5x,Day 2,Squat,1,5,10,0,,,0,45,lb,45,lb,0,2026-01-23T23:57:30.992Z,Quadriceps,"Adductor Magnus,Gluteus Maximus,Soleus",
2026-01-23T23:55:06.034Z,SBS Novice Hypertrophy 5x,Day 2,Squat,1,5,2,0,,,0,107.5,lb,135,lb,0,2026-01-23T23:59:50.296Z,Quadriceps,"Adductor Magnus,Gluteus Maximus,Soleus",
2026-01-23T23:55:06.034Z,SBS Novice Hypertrophy 5x,Day 2,Squat,0,10,10,0,,,0,135,lb,135,lb,0,2026-01-24T00:04:07.904Z,Quadriceps,"Adductor Magnus,Gluteus Maximus,Soleus",
2026-01-23T23:55:06.034Z,SBS Novice Hypertrophy 5x,Day 2,Squat,0,10,9,0,,,0,135,lb,135,lb,0,2026-01-24T00:10:33.268Z,Quadriceps,"Adductor Magnus,Gluteus Maximus,Soleus",
2026-01-23T23:55:06.034Z,SBS Novice Hypertrophy 5x,Day 2,Squat,0,10,6,0,,,0,135,lb,135,lb,0,2026-01-24T00:15:50.539Z,Quadriceps,"Adductor Magnus,Gluteus Maximus,Soleus",
2026-01-23T23:55:06.034Z,SBS Novice Hypertrophy 5x,Day 2,Deadlift,1,5,3,0,,,0,80,lb,135,lb,0,2026-01-24T00:19:33.491Z,Gluteus Maximus,"Adductor Magnus,Hamstrings,Quadriceps,Soleus",
2026-01-23T23:55:06.034Z,SBS Novice Hypertrophy 5x,Day 2,Deadlift,1,5,2,0,,,0,127.5,lb,160,lb,0,2026-01-24T00:19:33.890Z,Gluteus Maximus,"Adductor Magnus,Hamstrings,Quadriceps,Soleus",
2026-01-23T23:55:06.034Z,SBS Novice Hypertrophy 5x,Day 2,Deadlift,0,8,3,0,,,0,160,lb,160,lb,0,2026-01-24T00:22:53.747Z,Gluteus Maximus,"Adductor Magnus,Hamstrings,Quadriceps,Soleus",
2026-01-23T23:55:06.034Z,SBS Novice Hypertrophy 5x,Day 2,Deadlift,0,8,4,0,,,0,160,lb,160,lb,0,2026-01-24T00:27:17.392Z,Gluteus Maximus,"Adductor Magnus,Hamstrings,Quadriceps,Soleus",
2026-01-23T23:55:06.034Z,SBS Novice Hypertrophy 5x,Day 2,Deadlift,0,8,3,0,,,0,160,lb,160,lb,0,2026-01-24T00:33:15.790Z,Gluteus Maximus,"Adductor Magnus,Hamstrings,Quadriceps,Soleus",
2026-01-23T23:55:06.034Z,SBS Novice Hypertrophy 5x,Day 2,Deadlift,0,8,3,0,,,0,160,lb,160,lb,0,2026-01-24T00:38:06.542Z,Gluteus Maximus,"Adductor Magnus,Hamstrings,Quadriceps,Soleus",
2026-01-23T23:55:06.034Z,SBS Novice Hypertrophy 5x,Day 2,Bulgarian Split Squat,1,5,2,0,,,0,15,lb,20,lb,0,2026-01-24T00:39:13.319Z,Quadriceps,"Adductor Magnus,Gluteus Maximus,Soleus",
2026-01-23T23:55:06.034Z,SBS Novice Hypertrophy 5x,Day 2,Bulgarian Split Squat,0,10,3,0,,,0,20,lb,20,lb,0,2026-01-24T00:50:56.634Z,Quadriceps,"Adductor Magnus,Gluteus Maximus,Soleus",
2026-01-23T23:55:06.034Z,SBS Novice Hypertrophy 5x,Day 2,Bulgarian Split Squat,0,10,3,0,,,0,20,lb,20,lb,0,2026-01-24T00:51:27.193Z,Quadriceps,"Adductor Magnus,Gluteus Maximus,Soleus",
2026-01-23T23:55:06.034Z,SBS Novice Hypertrophy 5x,Day 2,Bulgarian Split Squat,0,10,1,0,,,0,20,lb,20,lb,0,2026-01-24T00:54:04.324Z,Quadriceps,"Adductor Magnus,Gluteus Maximus,Soleus",
2026-01-23T23:55:06.034Z,SBS Novice Hypertrophy 5x,Day 2,Calf Press on Leg Press,1,5,2,0,,,0,311.25,lb,390,lb,0,2026-01-24T00:55:27.062Z,Gastrocnemius,Soleus,
2026-01-23T23:55:06.034Z,SBS Novice Hypertrophy 5x,Day 2,Calf Press on Leg Press,0,8,10,0,,,0,390,lb,390,lb,0,2026-01-24T01:00:26.664Z,Gastrocnemius,Soleus,
2026-01-23T23:55:06.034Z,SBS Novice Hypertrophy 5x,Day 2,Calf Press on Leg Press,0,8,8,0,,,0,390,lb,390,lb,0,2026-01-24T01:08:28.903Z,Gastrocnemius,Soleus,
2026-01-23T23:55:06.034Z,SBS Novice Hypertrophy 5x,Day 2,Calf Press on Leg Press,0,8,7,0,,,0,390,lb,390,lb,0,2026-01-24T01:11:07.584Z,Gastrocnemius,Soleus,
2026-01-23T23:55:06.034Z,SBS Novice Hypertrophy 5x,Day 2,Calf Press on Leg Press,0,8,6,0,,,0,390,lb,390,lb,0,2026-01-24T01:13:40.138Z,Gastrocnemius,Soleus,
2026-01-23T00:07:25.202Z,SBS Novice Hypertrophy 5x,Day 1,"Bench Press, Dumbbell",1,5,2,0,,,0,42.5,lb,55,lb,0,2026-01-23T00:12:16.895Z,Pectoralis Major Sternal Head,"Deltoid Anterior,Pectoralis Major Clavicular Head,Triceps Brachii",
2026-01-23T00:07:25.202Z,SBS Novice Hypertrophy 5x,Day 1,"Bench Press, Dumbbell",0,8,8,0,,,0,55,lb,55,lb,0,2026-01-23T00:21:37.590Z,Pectoralis Major Sternal Head,"Deltoid Anterior,Pectoralis Major Clavicular Head,Triceps Brachii",
2026-01-23T00:07:25.202Z,SBS Novice Hypertrophy 5x,Day 1,"Bench Press, Dumbbell",0,8,8,0,,,0,55,lb,55,lb,0,2026-01-23T00:27:47.158Z,Pectoralis Major Sternal Head,"Deltoid Anterior,Pectoralis Major Clavicular Head,Triceps Brachii",
2026-01-23T00:07:25.202Z,SBS Novice Hypertrophy 5x,Day 1,"Bench Press, Dumbbell",0,8,8,0,,,0,55,lb,55,lb,0,2026-01-23T00:42:18.962Z,Pectoralis Major Sternal Head,"Deltoid Anterior,Pectoralis Major Clavicular Head,Triceps Brachii",
2026-01-23T00:07:25.202Z,SBS Novice Hypertrophy 5x,Day 1,"Bench Press, Dumbbell",0,8,8,0,,,0,55,lb,55,lb,0,2026-01-23T00:49:37.884Z,Pectoralis Major Sternal Head,"Deltoid Anterior,Pectoralis Major Clavicular Head,Triceps Brachii",
2026-01-23T00:07:25.202Z,SBS Novice Hypertrophy 5x,Day 1,Bent Over Row,1,5,2,0,,,0,90,lb,115,lb,0,2026-01-23T00:14:54.890Z,"Latissimus Dorsi,Trapezius Lower Fibers,Trapezius Middle Fibers","Brachialis,Brachioradialis,Deltoid Posterior,Infraspinatus,Pectoralis Major Sternal Head,Teres Major,Teres Minor",
2026-01-23T00:07:25.202Z,SBS Novice Hypertrophy 5x,Day 1,Bent Over Row,0,10,8,0,,,0,115,lb,115,lb,0,2026-01-23T00:22:31.181Z,"Latissimus Dorsi,Trapezius Lower Fibers,Trapezius Middle Fibers","Brachialis,Brachioradialis,Deltoid Posterior,Infraspinatus,Pectoralis Major Sternal Head,Teres Major,Teres Minor",
2026-01-23T00:07:25.202Z,SBS Novice Hypertrophy 5x,Day 1,Bent Over Row,0,10,7,0,,,0,115,lb,115,lb,0,2026-01-23T00:30:04.039Z,"Latissimus Dorsi,Trapezius Lower Fibers,Trapezius Middle Fibers","Brachialis,Brachioradialis,Deltoid Posterior,Infraspinatus,Pectoralis Major Sternal Head,Teres Major,Teres Minor",
2026-01-23T00:07:25.202Z,SBS Novice Hypertrophy 5x,Day 1,Bent Over Row,0,10,7,0,,,0,115,lb,115,lb,0,2026-01-23T00:51:15.068Z,"Latissimus Dorsi,Trapezius Lower Fibers,Trapezius Middle Fibers","Brachialis,Brachioradialis,Deltoid Posterior,Infraspinatus,Pectoralis Major Sternal Head,Teres Major,Teres Minor",
2026-01-23T00:07:25.202Z,SBS Novice Hypertrophy 5x,Day 1,"Shoulder Press, Leverage Machine",1,5,2,0,,,0,58.75,lb,75,lb,0,2026-01-23T00:53:36.847Z,Deltoid Anterior,"Deltoid Lateral,Pectoralis Major Clavicular Head,Serratus Anterior,Trapezius Lower Fibers,Trapezius Middle Fibers,Triceps Brachii",
2026-01-23T00:07:25.202Z,SBS Novice Hypertrophy 5x,Day 1,"Shoulder Press, Leverage Machine",0,10,10,0,,,0,73.75,lb,75,lb,0,2026-01-23T00:58:30.148Z,Deltoid Anterior,"Deltoid Lateral,Pectoralis Major Clavicular Head,Serratus Anterior,Trapezius Lower Fibers,Trapezius Middle Fibers,Triceps Brachii",
2026-01-23T00:07:25.202Z,SBS Novice Hypertrophy 5x,Day 1,"Shoulder Press, Leverage Machine",0,10,10,0,,,0,73.75,lb,75,lb,0,2026-01-23T01:06:25.692Z,Deltoid Anterior,"Deltoid Lateral,Pectoralis Major Clavicular Head,Serratus Anterior,Trapezius Lower Fibers,Trapezius Middle Fibers,Triceps Brachii",
2026-01-23T00:07:25.202Z,SBS Novice Hypertrophy 5x,Day 1,"Shoulder Press, Leverage Machine",0,10,10,0,,,0,73.75,lb,75,lb,0,2026-01-23T01:13:21.235Z,Deltoid Anterior,"Deltoid Lateral,Pectoralis Major Clavicular Head,Serratus Anterior,Trapezius Lower Fibers,Trapezius Middle Fibers,Triceps Brachii",
2026-01-23T00:07:25.202Z,SBS Novice Hypertrophy 5x,Day 1,"Shoulder Press, Leverage Machine",0,10,7,0,,,0,73.75,lb,75,lb,0,2026-01-23T01:19:20.306Z,Deltoid Anterior,"Deltoid Lateral,Pectoralis Major Clavicular Head,Serratus Anterior,Trapezius Lower Fibers,Trapezius Middle Fibers,Triceps Brachii",
2026-01-23T00:07:25.202Z,SBS Novice Hypertrophy 5x,Day 1,"Lat Pulldown, Leverage Machine",1,5,2,0,,,0,110,lb,137.5,lb,0,2026-01-23T00:54:32.344Z,Latissimus Dorsi,"Biceps Brachii,Brachialis,Brachioradialis,Deltoid Posterior,Infraspinatus,Levator Scapulae,Teres Major,Teres Minor,Trapezius Lower Fibers,Trapezius Middle Fibers",
2026-01-23T00:07:25.202Z,SBS Novice Hypertrophy 5x,Day 1,"Lat Pulldown, Leverage Machine",0,8,8,0,,,0,137.5,lb,137.5,lb,0,2026-01-23T01:00:39.637Z,Latissimus Dorsi,"Biceps Brachii,Brachialis,Brachioradialis,Deltoid Posterior,Infraspinatus,Levator Scapulae,Teres Major,Teres Minor,Trapezius Lower Fibers,Trapezius Middle Fibers",
2026-01-23T00:07:25.202Z,SBS Novice Hypertrophy 5x,Day 1,"Lat Pulldown, Leverage Machine",0,8,8,0,,,0,137.5,lb,137.5,lb,0,2026-01-23T01:09:02.345Z,Latissimus Dorsi,"Biceps Brachii,Brachialis,Brachioradialis,Deltoid Posterior,Infraspinatus,Levator Scapulae,Teres Major,Teres Minor,Trapezius Lower Fibers,Trapezius Middle Fibers",
2026-01-23T00:07:25.202Z,SBS Novice Hypertrophy 5x,Day 1,"Lat Pulldown, Leverage Machine",0,8,8,0,,,0,137.5,lb,137.5,lb,0,2026-01-23T01:15:32.694Z,Latissimus Dorsi,"Biceps Brachii,Brachialis,Brachioradialis,Deltoid Posterior,Infraspinatus,Levator Scapulae,Teres Major,Teres Minor,Trapezius Lower Fibers,Trapezius Middle Fibers",
2026-01-23T00:07:25.202Z,SBS Novice Hypertrophy 5x,Day 1,"Lat Pulldown, Leverage Machine",0,8,8,0,,,0,137.5,lb,137.5,lb,0,2026-01-23T01:20:49.797Z,Latissimus Dorsi,"Biceps Brachii,Brachialis,Brachioradialis,Deltoid Posterior,Infraspinatus,Levator Scapulae,Teres Major,Teres Minor,Trapezius Lower Fibers,Trapezius Middle Fibers",
2026-01-21T01:05:36.213Z,SBS Novice Hypertrophy 5x,Day 5,Concentration Curl,1,5,2,0,,,0,20,lb,25,lb,0,2026-01-21T01:15:21.702Z,Brachialis,"Biceps Brachii,Brachioradialis",
2026-01-21T01:05:36.213Z,SBS Novice Hypertrophy 5x,Day 5,Concentration Curl,0,10,10,0,,,0,25,lb,25,lb,0,2026-01-21T01:17:38.137Z,Brachialis,"Biceps Brachii,Brachioradialis",
2026-01-21T01:05:36.213Z,SBS Novice Hypertrophy 5x,Day 5,Concentration Curl,0,10,8,0,,,0,25,lb,25,lb,0,2026-01-21T01:24:07.128Z,Brachialis,"Biceps Brachii,Brachioradialis",
2026-01-21T01:05:36.213Z,SBS Novice Hypertrophy 5x,Day 5,Concentration Curl,0,10,10,0,,,0,25,lb,25,lb,0,2026-01-21T01:35:49.198Z,Brachialis,"Biceps Brachii,Brachioradialis",
2026-01-21T01:05:36.213Z,SBS Novice Hypertrophy 5x,Day 5,Skullcrusher,0,10,8,0,,,0,20,lb,50,lb,0,2026-01-21T01:42:35.828Z,Triceps Brachii,,
2026-01-21T01:05:36.213Z,SBS Novice Hypertrophy 5x,Day 5,Skullcrusher,0,10,10,0,,,0,20,lb,40,lb,0,2026-01-21T01:43:05.987Z,Triceps Brachii,,
2026-01-21T01:05:36.213Z,SBS Novice Hypertrophy 5x,Day 5,Skullcrusher,0,10,10,0,,,0,20,lb,40,lb,0,2026-01-21T01:51:14.967Z,Triceps Brachii,,
2026-01-21T01:05:36.213Z,SBS Novice Hypertrophy 5x,Day 5,Lateral Raise,1,5,2,0,,,0,20,lb,30,lb,0,2026-01-21T01:44:44.009Z,Deltoid Lateral,"Deltoid Anterior,Serratus Anterior,Trapezius Lower Fibers,Trapezius Middle Fibers",
2026-01-21T01:05:36.213Z,SBS Novice Hypertrophy 5x,Day 5,Lateral Raise,0,8,8,0,,,0,27.5,lb,30,lb,0,2026-01-21T01:51:51.691Z,Deltoid Lateral,"Deltoid Anterior,Serratus Anterior,Trapezius Lower Fibers,Trapezius Middle Fibers",
2026-01-21T01:05:36.213Z,SBS Novice Hypertrophy 5x,Day 5,Lateral Raise,0,8,5,0,,,0,27.5,lb,30,lb,0,2026-01-21T01:58:54.854Z,Deltoid Lateral,"Deltoid Anterior,Serratus Anterior,Trapezius Lower Fibers,Trapezius Middle Fibers",
2026-01-21T01:05:36.213Z,SBS Novice Hypertrophy 5x,Day 5,Lateral Raise,0,8,5,0,,,0,27.5,lb,30,lb,0,2026-01-21T02:07:28.716Z,Deltoid Lateral,"Deltoid Anterior,Serratus Anterior,Trapezius Lower Fibers,Trapezius Middle Fibers",
2026-01-21T01:05:36.213Z,SBS Novice Hypertrophy 5x,Day 5,"Shrug, Smith Machine",0,10,,0,,,0,135,lb,,,0,,Trapezius Upper Fibers,"Levator Scapulae,Trapezius Middle Fibers",
2026-01-21T01:05:36.213Z,SBS Novice Hypertrophy 5x,Day 5,"Shrug, Smith Machine",0,10,,0,,,0,135,lb,,,0,,Trapezius Upper Fibers,"Levator Scapulae,Trapezius Middle Fibers",
2026-01-21T01:05:36.213Z,SBS Novice Hypertrophy 5x,Day 5,"Shrug, Smith Machine",0,10,,0,,,0,135,lb,,,0,,Trapezius Upper Fibers,"Levator Scapulae,Trapezius Middle Fibers",
2026-01-21T01:05:36.213Z,SBS Novice Hypertrophy 5x,Day 5,"Shrug, Smith Machine",0,10,,0,,,0,135,lb,,,0,,Trapezius Upper Fibers,"Levator Scapulae,Trapezius Middle Fibers",
2026-01-21T01:05:36.213Z,SBS Novice Hypertrophy 5x,Day 5,Incline Chest Fly,1,,2,0,,,0,,,20,lb,0,2026-01-21T01:54:06.454Z,Pectoralis Major Clavicular Head,"Biceps Brachii,Deltoid Anterior,Pectoralis Major Sternal Head",
2026-01-21T01:05:36.213Z,SBS Novice Hypertrophy 5x,Day 5,Incline Chest Fly,0,10,20,0,,,0,20,lb,20,lb,0,2026-01-21T02:01:07.770Z,Pectoralis Major Clavicular Head,"Biceps Brachii,Deltoid Anterior,Pectoralis Major Sternal Head",
2026-01-21T01:05:36.213Z,SBS Novice Hypertrophy 5x,Day 5,Incline Chest Fly,0,10,20,0,,,0,20,lb,20,lb,0,2026-01-21T02:15:33.424Z,Pectoralis Major Clavicular Head,"Biceps Brachii,Deltoid Anterior,Pectoralis Major Sternal Head",
2026-01-21T01:05:36.213Z,SBS Novice Hypertrophy 5x,Day 5,Incline Chest Fly,0,10,20,0,,,0,20,lb,20,lb,0,2026-01-21T02:27:51.803Z,Pectoralis Major Clavicular Head,"Biceps Brachii,Deltoid Anterior,Pectoralis Major Sternal Head",
2026-01-21T01:05:36.213Z,SBS Novice Hypertrophy 5x,Day 5,Incline Chest Fly,0,10,20,0,,,0,20,lb,20,lb,0,2026-01-21T02:36:50.440Z,Pectoralis Major Clavicular Head,"Biceps Brachii,Deltoid Anterior,Pectoralis Major Sternal Head",
2026-01-21T01:05:36.213Z,SBS Novice Hypertrophy 5x,Day 5,Standing Row Rear Delt With Rope,1,,2,0,,,0,,,47.5,lb,0,2026-01-21T02:17:35.312Z,Deltoid Posterior,"Brachialis,Brachioradialis,Deltoid Lateral,Infraspinatus,Teres Minor,Trapezius Lower Fibers,Trapezius Middle Fibers",
2026-01-21T01:05:36.213Z,SBS Novice Hypertrophy 5x,Day 5,Standing Row Rear Delt With Rope,0,8,8,0,,,0,45,lb,47.5,lb,0,2026-01-21T02:23:33.199Z,Deltoid Posterior,"Brachialis,Brachioradialis,Deltoid Lateral,Infraspinatus,Teres Minor,Trapezius Lower Fibers,Trapezius Middle Fibers",
2026-01-21T01:05:36.213Z,SBS Novice Hypertrophy 5x,Day 5,Standing Row Rear Delt With Rope,0,8,15,0,,,0,45,lb,47.5,lb,0,2026-01-21T02:30:32.022Z,Deltoid Posterior,"Brachialis,Brachioradialis,Deltoid Lateral,Infraspinatus,Teres Minor,Trapezius Lower Fibers,Trapezius Middle Fibers",
2026-01-21T01:05:36.213Z,SBS Novice Hypertrophy 5x,Day 5,Standing Row Rear Delt With Rope,0,8,11,0,,,0,45,lb,47.5,lb,0,2026-01-21T02:38:19.362Z,Deltoid Posterior,"Brachialis,Brachioradialis,Deltoid Lateral,Infraspinatus,Teres Minor,Trapezius Lower Fibers,Trapezius Middle Fibers",
2026-01-21T01:05:36.213Z,SBS Novice Hypertrophy 5x,Day 5,Standing Row Rear Delt With Rope,0,8,,0,,,0,45,lb,,,0,,Deltoid Posterior,"Brachialis,Brachioradialis,Deltoid Lateral,Infraspinatus,Teres Minor,Trapezius Lower Fibers,Trapezius Middle Fibers",
2026-01-18T00:13:51.968Z,SBS Novice Hypertrophy 5x,Day 3,Shoulder Press,0,8,6,0,,,0,40,lb,25,lb,0,2026-01-18T00:14:47.806Z,Deltoid Anterior,"Deltoid Lateral,Pectoralis Major Clavicular Head,Serratus Anterior,Trapezius Lower Fibers,Trapezius Middle Fibers,Triceps Brachii",
2026-01-18T00:13:51.968Z,SBS Novice Hypertrophy 5x,Day 3,Shoulder Press,0,8,6,0,,,0,40,lb,25,lb,0,2026-01-18T00:19:02.048Z,Deltoid Anterior,"Deltoid Lateral,Pectoralis Major Clavicular Head,Serratus Anterior,Trapezius Lower Fibers,Trapezius Middle Fibers,Triceps Brachii",
2026-01-18T00:13:51.968Z,SBS Novice Hypertrophy 5x,Day 3,Pull Up,0,8,2,0,,,0,0,lb,0,lb,0,2026-01-18T00:15:42.225Z,Latissimus Dorsi,"Biceps Brachii,Brachialis,Brachioradialis,Deltoid Posterior,Infraspinatus,Levator Scapulae,Teres Major,Teres Minor,Trapezius Lower Fibers,Trapezius Middle Fibers",
2026-01-18T00:13:51.968Z,SBS Novice Hypertrophy 5x,Day 3,Pull Up,0,8,2,0,,,0,0,lb,0,lb,0,2026-01-18T00:20:06.941Z,Latissimus Dorsi,"Biceps Brachii,Brachialis,Brachioradialis,Deltoid Posterior,Infraspinatus,Levator Scapulae,Teres Major,Teres Minor,Trapezius Lower Fibers,Trapezius Middle Fibers",
2026-01-18T00:13:51.968Z,SBS Novice Hypertrophy 5x,Day 3,"Incline Bench Press, Dumbbell",0,8,6,0,,,0,45,lb,30,lb,0,2026-01-18T00:21:49.580Z,Pectoralis Major Clavicular Head,"Deltoid Anterior,Pectoralis Major Sternal Head,Triceps Brachii",
2026-01-18T00:13:51.968Z,SBS Novice Hypertrophy 5x,Day 3,"Incline Bench Press, Dumbbell",0,8,6,0,,,0,45,lb,30,lb,0,2026-01-18T00:24:51.688Z,Pectoralis Major Clavicular Head,"Deltoid Anterior,Pectoralis Major Sternal Head,Triceps Brachii",
2026-01-18T00:13:51.968Z,SBS Novice Hypertrophy 5x,Day 3,"Seated Row, Leverage Machine",0,10,5,0,,,0,70,lb,70,lb,0,2026-01-18T00:22:35.725Z,"Latissimus Dorsi,Trapezius Lower Fibers,Trapezius Middle Fibers","Brachialis,Brachioradialis,Deltoid Posterior,Erector Spinae,Infraspinatus,Pectoralis Major Sternal Head,Teres Major,Teres Minor",
2026-01-18T00:13:51.968Z,SBS Novice Hypertrophy 5x,Day 3,"Seated Row, Leverage Machine",0,10,5,0,,,0,70,lb,70,lb,0,2026-01-18T00:25:19.162Z,"Latissimus Dorsi,Trapezius Lower Fibers,Trapezius Middle Fibers","Brachialis,Brachioradialis,Deltoid Posterior,Erector Spinae,Infraspinatus,Pectoralis Major Sternal Head,Teres Major,Teres Minor",
2026-01-17T00:45:49.571Z,SBS Novice Hypertrophy 5x,Day 4,"Romanian Deadlift, Barbell",0,10,4,0,,,0,60,lb,65,lb,0,2026-01-17T00:47:58.963Z,Gluteus Maximus,"Adductor Magnus,Erector Spinae,Hamstrings",
2026-01-17T00:45:49.571Z,SBS Novice Hypertrophy 5x,Day 4,"Romanian Deadlift, Barbell",0,10,4,0,,,0,60,lb,65,lb,0,2026-01-17T00:51:53.248Z,Gluteus Maximus,"Adductor Magnus,Erector Spinae,Hamstrings",
2026-01-17T00:45:49.571Z,SBS Novice Hypertrophy 5x,Day 4,Leg Press,0,10,5,0,,,0,80,lb,85,lb,0,2026-01-17T00:54:23.127Z,Quadriceps,"Adductor Magnus,Gluteus Maximus,Soleus",
2026-01-17T00:45:49.571Z,SBS Novice Hypertrophy 5x,Day 4,Leg Press,0,10,5,0,,,0,80,lb,85,lb,0,2026-01-17T00:59:51.032Z,Quadriceps,"Adductor Magnus,Gluteus Maximus,Soleus",
2026-01-17T00:45:49.571Z,SBS Novice Hypertrophy 5x,Day 4,Seated Leg Curl,0,8,4,0,,,0,42.5,lb,42.5,lb,0,2026-01-17T00:56:54.096Z,Hamstrings,"Gastrocnemius,Sartorius",
2026-01-17T00:45:49.571Z,SBS Novice Hypertrophy 5x,Day 4,Seated Leg Curl,0,8,5,0,,,0,42.5,lb,42.5,lb,0,2026-01-17T01:00:44.444Z,Hamstrings,"Gastrocnemius,Sartorius",
2026-01-17T00:45:49.571Z,SBS Novice Hypertrophy 5x,Day 4,Calf Press on Leg Press,0,8,4,0,,,0,390,lb,200,lb,0,2026-01-17T00:55:52.869Z,Gastrocnemius,Soleus,
2026-01-17T00:45:49.571Z,SBS Novice Hypertrophy 5x,Day 4,Calf Press on Leg Press,0,8,5,0,,,0,390,lb,200,lb,0,2026-01-17T00:58:28.861Z,Gastrocnemius,Soleus,
2026-01-16T00:32:26.257Z,SBS Novice Hypertrophy 5x,Day 1,"Bench Press, Dumbbell",0,8,4,0,,,0,55,lb,30,lb,0,2026-01-16T00:35:21.248Z,Pectoralis Major Sternal Head,"Deltoid Anterior,Pectoralis Major Clavicular Head,Triceps Brachii",
2026-01-16T00:32:26.257Z,SBS Novice Hypertrophy 5x,Day 1,"Bench Press, Dumbbell",0,8,4,0,,,0,55,lb,30,lb,0,2026-01-16T00:39:26.519Z,Pectoralis Major Sternal Head,"Deltoid Anterior,Pectoralis Major Clavicular Head,Triceps Brachii",
2026-01-16T00:32:26.257Z,SBS Novice Hypertrophy 5x,Day 1,Bent Over Row,0,10,5,0,,,0,115,lb,65,lb,0,2026-01-16T00:36:23.749Z,"Latissimus Dorsi,Trapezius Lower Fibers,Trapezius Middle Fibers","Brachialis,Brachioradialis,Deltoid Posterior,Infraspinatus,Pectoralis Major Sternal Head,Teres Major,Teres Minor",
2026-01-16T00:32:26.257Z,SBS Novice Hypertrophy 5x,Day 1,Bent Over Row,0,10,5,0,,,0,115,lb,65,lb,0,2026-01-16T00:39:25.246Z,"Latissimus Dorsi,Trapezius Lower Fibers,Trapezius Middle Fibers","Brachialis,Brachioradialis,Deltoid Posterior,Infraspinatus,Pectoralis Major Sternal Head,Teres Major,Teres Minor",
2026-01-16T00:32:26.257Z,SBS Novice Hypertrophy 5x,Day 1,"Shoulder Press, Leverage Machine",0,10,6,0,,,0,73.75,lb,40,lb,0,2026-01-16T00:40:49.646Z,Deltoid Anterior,"Deltoid Lateral,Pectoralis Major Clavicular Head,Serratus Anterior,Trapezius Lower Fibers,Trapezius Middle Fibers,Triceps Brachii",
2026-01-16T00:32:26.257Z,SBS Novice Hypertrophy 5x,Day 1,"Shoulder Press, Leverage Machine",0,10,6,0,,,0,73.75,lb,40,lb,0,2026-01-16T00:42:25.142Z,Deltoid Anterior,"Deltoid Lateral,Pectoralis Major Clavicular Head,Serratus Anterior,Trapezius Lower Fibers,Trapezius Middle Fibers,Triceps Brachii",
2026-01-16T00:32:26.257Z,SBS Novice Hypertrophy 5x,Day 1,"Lat Pulldown, Leverage Machine",0,8,6,0,,,0,137.5,lb,70,lb,0,2026-01-16T00:43:21.256Z,Latissimus Dorsi,"Biceps Brachii,Brachialis,Brachioradialis,Deltoid Posterior,Infraspinatus,Levator Scapulae,Teres Major,Teres Minor,Trapezius Lower Fibers,Trapezius Middle Fibers",
2026-01-16T00:32:26.257Z,SBS Novice Hypertrophy 5x,Day 1,"Lat Pulldown, Leverage Machine",0,8,6,0,,,0,137.5,lb,70,lb,0,2026-01-16T02:07:59.904Z,Latissimus Dorsi,"Biceps Brachii,Brachialis,Brachioradialis,Deltoid Posterior,Infraspinatus,Levator Scapulae,Teres Major,Teres Minor,Trapezius Lower Fibers,Trapezius Middle Fibers",
2026-01-14T00:37:29.004Z,SBS Novice Hypertrophy 5x,Day 5,Concentration Curl,1,5,2,0,,,0,20,lb,25,lb,0,2026-01-14T00:38:19.872Z,Brachialis,"Biceps Brachii,Brachioradialis",
2026-01-14T00:37:29.004Z,SBS Novice Hypertrophy 5x,Day 5,Concentration Curl,0,10,5,0,,,0,25,lb,15,lb,0,2026-01-14T00:45:21.136Z,Brachialis,"Biceps Brachii,Brachioradialis",
2026-01-14T00:37:29.004Z,SBS Novice Hypertrophy 5x,Day 5,Concentration Curl,0,10,5,0,,,0,25,lb,15,lb,0,2026-01-14T00:47:34.215Z,Brachialis,"Biceps Brachii,Brachioradialis",
2026-01-14T00:37:29.004Z,SBS Novice Hypertrophy 5x,Day 5,Skullcrusher,1,5,2,0,,,0,20,lb,50,lb,0,2026-01-14T00:41:45.755Z,Triceps Brachii,,
2026-01-14T00:37:29.004Z,SBS Novice Hypertrophy 5x,Day 5,Skullcrusher,0,10,5,0,,,0,20,lb,20,lb,0,2026-01-14T00:43:06.869Z,Triceps Brachii,,
2026-01-14T00:37:29.004Z,SBS Novice Hypertrophy 5x,Day 5,Skullcrusher,0,10,5,0,,,0,20,lb,20,lb,0,2026-01-14T00:48:05.443Z,Triceps Brachii,,
2026-01-14T00:37:29.004Z,SBS Novice Hypertrophy 5x,Day 5,Lateral Raise,0,8,4,0,,,0,27.5,lb,15,lb,0,2026-01-14T00:45:40.105Z,Deltoid Lateral,"Deltoid Anterior,Serratus Anterior,Trapezius Lower Fibers,Trapezius Middle Fibers",
2026-01-14T00:37:29.004Z,SBS Novice Hypertrophy 5x,Day 5,Lateral Raise,0,8,4,0,,,0,27.5,lb,15,lb,0,2026-01-14T00:49:06.152Z,Deltoid Lateral,"Deltoid Anterior,Serratus Anterior,Trapezius Lower Fibers,Trapezius Middle Fibers",
2026-01-14T00:37:29.004Z,SBS Novice Hypertrophy 5x,Day 5,"Shrug, Smith Machine",0,10,5,0,,,0,135,lb,75,lb,0,2026-01-14T00:51:53.937Z,Trapezius Upper Fibers,"Levator Scapulae,Trapezius Middle Fibers",
2026-01-14T00:37:29.004Z,SBS Novice Hypertrophy 5x,Day 5,"Shrug, Smith Machine",0,10,5,0,,,0,135,lb,75,lb,0,2026-01-14T00:54:25.261Z,Trapezius Upper Fibers,"Levator Scapulae,Trapezius Middle Fibers",
2026-01-14T00:37:29.004Z,SBS Novice Hypertrophy 5x,Day 5,Incline Chest Fly,0,10,6,0,,,0,20,lb,15,lb,0,2026-01-14T00:50:29.593Z,Pectoralis Major Clavicular Head,"Biceps Brachii,Deltoid Anterior,Pectoralis Major Sternal Head",
2026-01-14T00:37:29.004Z,SBS Novice Hypertrophy 5x,Day 5,Incline Chest Fly,0,10,5,0,,,0,20,lb,15,lb,0,2026-01-14T00:55:36.854Z,Pectoralis Major Clavicular Head,"Biceps Brachii,Deltoid Anterior,Pectoralis Major Sternal Head",
2026-01-14T00:37:29.004Z,SBS Novice Hypertrophy 5x,Day 5,Standing Row Rear Delt With Rope,0,8,4,0,,,0,45,lb,22.5,lb,0,2026-01-14T00:56:38.638Z,Deltoid Posterior,"Brachialis,Brachioradialis,Deltoid Lateral,Infraspinatus,Teres Minor,Trapezius Lower Fibers,Trapezius Middle Fibers",
2026-01-14T00:37:29.004Z,SBS Novice Hypertrophy 5x,Day 5,Standing Row Rear Delt With Rope,0,8,4,0,,,0,45,lb,22.5,lb,0,2026-01-14T00:58:07.123Z,Deltoid Posterior,"Brachialis,Brachioradialis,Deltoid Lateral,Infraspinatus,Teres Minor,Trapezius Lower Fibers,Trapezius Middle Fibers",
2026-01-11T23:04:46.880Z,SBS Novice Hypertrophy 5x,Day 3,Shoulder Press,1,5,2,0,,,0,30,lb,40,lb,0,2026-01-11T23:06:17.792Z,Deltoid Anterior,"Deltoid Lateral,Pectoralis Major Clavicular Head,Serratus Anterior,Trapezius Lower Fibers,Trapezius Middle Fibers,Triceps Brachii",
2026-01-11T23:04:46.880Z,SBS Novice Hypertrophy 5x,Day 3,Shoulder Press,0,10,11,0,,,0,37.5,lb,40,lb,0,2026-01-11T23:11:33.846Z,Deltoid Anterior,"Deltoid Lateral,Pectoralis Major Clavicular Head,Serratus Anterior,Trapezius Lower Fibers,Trapezius Middle Fibers,Triceps Brachii",
2026-01-11T23:04:46.880Z,SBS Novice Hypertrophy 5x,Day 3,Shoulder Press,0,10,10,0,,,0,37.5,lb,40,lb,0,2026-01-11T23:17:07.207Z,Deltoid Anterior,"Deltoid Lateral,Pectoralis Major Clavicular Head,Serratus Anterior,Trapezius Lower Fibers,Trapezius Middle Fibers,Triceps Brachii",
2026-01-11T23:04:46.880Z,SBS Novice Hypertrophy 5x,Day 3,Shoulder Press,0,10,10,0,,,0,37.5,lb,40,lb,0,2026-01-11T23:21:44.098Z,Deltoid Anterior,"Deltoid Lateral,Pectoralis Major Clavicular Head,Serratus Anterior,Trapezius Lower Fibers,Trapezius Middle Fibers,Triceps Brachii",
2026-01-11T23:04:46.880Z,SBS Novice Hypertrophy 5x,Day 3,Shoulder Press,0,10,10,0,,,0,37.5,lb,40,lb,0,2026-01-11T23:26:04.133Z,Deltoid Anterior,"Deltoid Lateral,Pectoralis Major Clavicular Head,Serratus Anterior,Trapezius Lower Fibers,Trapezius Middle Fibers,Triceps Brachii",
2026-01-11T23:04:46.880Z,SBS Novice Hypertrophy 5x,Day 3,Pull Up,1,,1,0,,,0,,,0,lb,0,2026-01-11T23:07:11.094Z,Latissimus Dorsi,"Biceps Brachii,Brachialis,Brachioradialis,Deltoid Posterior,Infraspinatus,Levator Scapulae,Teres Major,Teres Minor,Trapezius Lower Fibers,Trapezius Middle Fibers",
2026-01-11T23:04:46.880Z,SBS Novice Hypertrophy 5x,Day 3,Pull Up,0,8,2,0,,,0,0,lb,0,lb,0,2026-01-11T23:12:00.034Z,Latissimus Dorsi,"Biceps Brachii,Brachialis,Brachioradialis,Deltoid Posterior,Infraspinatus,Levator Scapulae,Teres Major,Teres Minor,Trapezius Lower Fibers,Trapezius Middle Fibers",
2026-01-11T23:04:46.880Z,SBS Novice Hypertrophy 5x,Day 3,Pull Up,0,8,3,0,,,0,0,lb,0,lb,0,2026-01-11T23:18:00.370Z,Latissimus Dorsi,"Biceps Brachii,Brachialis,Brachioradialis,Deltoid Posterior,Infraspinatus,Levator Scapulae,Teres Major,Teres Minor,Trapezius Lower Fibers,Trapezius Middle Fibers",
2026-01-11T23:04:46.880Z,SBS Novice Hypertrophy 5x,Day 3,Pull Up,0,8,3,0,,,0,0,lb,0,lb,0,2026-01-11T23:22:18.155Z,Latissimus Dorsi,"Biceps Brachii,Brachialis,Brachioradialis,Deltoid Posterior,Infraspinatus,Levator Scapulae,Teres Major,Teres Minor,Trapezius Lower Fibers,Trapezius Middle Fibers",
2026-01-11T23:04:46.880Z,SBS Novice Hypertrophy 5x,Day 3,"Incline Bench Press, Dumbbell",1,,2,0,,,0,,,50,lb,0,2026-01-11T23:28:33.995Z,Pectoralis Major Clavicular Head,"Deltoid Anterior,Pectoralis Major Sternal Head,Triceps Brachii",
2026-01-11T23:04:46.880Z,SBS Novice Hypertrophy 5x,Day 3,"Incline Bench Press, Dumbbell",0,10,10,0,,,0,42.5,lb,50,lb,0,2026-01-11T23:31:25.587Z,Pectoralis Major Clavicular Head,"Deltoid Anterior,Pectoralis Major Sternal Head,Triceps Brachii",
2026-01-11T23:04:46.880Z,SBS Novice Hypertrophy 5x,Day 3,"Incline Bench Press, Dumbbell",0,10,11,0,,,0,42.5,lb,50,lb,0,2026-01-11T23:37:53.332Z,Pectoralis Major Clavicular Head,"Deltoid Anterior,Pectoralis Major Sternal Head,Triceps Brachii",
2026-01-11T23:04:46.880Z,SBS Novice Hypertrophy 5x,Day 3,"Incline Bench Press, Dumbbell",0,10,10,0,,,0,42.5,lb,50,lb,0,2026-01-11T23:42:56.920Z,Pectoralis Major Clavicular Head,"Deltoid Anterior,Pectoralis Major Sternal Head,Triceps Brachii",
2026-01-11T23:04:46.880Z,SBS Novice Hypertrophy 5x,Day 3,"Incline Bench Press, Dumbbell",0,10,10,0,,,0,42.5,lb,50,lb,0,2026-01-11T23:50:53.372Z,Pectoralis Major Clavicular Head,"Deltoid Anterior,Pectoralis Major Sternal Head,Triceps Brachii",
2026-01-11T23:04:46.880Z,SBS Novice Hypertrophy 5x,Day 3,"Seated Row, Leverage Machine",1,5,2,0,,,0,55,lb,140,lb,0,2026-01-11T23:38:31.854Z,"Latissimus Dorsi,Trapezius Lower Fibers,Trapezius Middle Fibers","Brachialis,Brachioradialis,Deltoid Posterior,Erector Spinae,Infraspinatus,Pectoralis Major Sternal Head,Teres Major,Teres Minor",
2026-01-11T23:04:46.880Z,SBS Novice Hypertrophy 5x,Day 3,"Seated Row, Leverage Machine",0,10,10,0,,,0,70,lb,140,lb,0,2026-01-11T23:44:01.097Z,"Latissimus Dorsi,Trapezius Lower Fibers,Trapezius Middle Fibers","Brachialis,Brachioradialis,Deltoid Posterior,Erector Spinae,Infraspinatus,Pectoralis Major Sternal Head,Teres Major,Teres Minor",
2026-01-11T23:04:46.880Z,SBS Novice Hypertrophy 5x,Day 3,"Seated Row, Leverage Machine",0,10,10,0,,,0,70,lb,140,lb,0,2026-01-11T23:55:01.990Z,"Latissimus Dorsi,Trapezius Lower Fibers,Trapezius Middle Fibers","Brachialis,Brachioradialis,Deltoid Posterior,Erector Spinae,Infraspinatus,Pectoralis Major Sternal Head,Teres Major,Teres Minor",
2026-01-11T23:04:46.880Z,SBS Novice Hypertrophy 5x,Day 3,"Seated Row, Leverage Machine",0,10,10,0,,,0,70,lb,140,lb,0,2026-01-12T00:00:11.065Z,"Latissimus Dorsi,Trapezius Lower Fibers,Trapezius Middle Fibers","Brachialis,Brachioradialis,Deltoid Posterior,Erector Spinae,Infraspinatus,Pectoralis Major Sternal Head,Teres Major,Teres Minor",
2026-01-10T23:03:29.210Z,SBS Novice Hypertrophy 5x,Day 4,"Romanian Deadlift, Barbell",1,5,10,0,,,0,45,lb,45,lb,0,2026-01-10T23:07:51.335Z,Gluteus Maximus,"Adductor Magnus,Erector Spinae,Hamstrings",
2026-01-10T23:03:29.210Z,SBS Novice Hypertrophy 5x,Day 4,"Romanian Deadlift, Barbell",1,5,2,0,,,0,47.5,lb,120,lb,0,2026-01-10T23:07:53.653Z,Gluteus Maximus,"Adductor Magnus,Erector Spinae,Hamstrings",
2026-01-10T23:03:29.210Z,SBS Novice Hypertrophy 5x,Day 4,"Romanian Deadlift, Barbell",0,8,8,0,,,0,60,lb,120,lb,0,2026-01-10T23:16:06.754Z,Gluteus Maximus,"Adductor Magnus,Erector Spinae,Hamstrings",
2026-01-10T23:03:29.210Z,SBS Novice Hypertrophy 5x,Day 4,"Romanian Deadlift, Barbell",0,8,8,0,,,0,60,lb,120,lb,0,2026-01-10T23:22:46.830Z,Gluteus Maximus,"Adductor Magnus,Erector Spinae,Hamstrings",
2026-01-10T23:03:29.210Z,SBS Novice Hypertrophy 5x,Day 4,"Romanian Deadlift, Barbell",0,8,8,0,,,0,60,lb,120,lb,0,2026-01-10T23:29:21.540Z,Gluteus Maximus,"Adductor Magnus,Erector Spinae,Hamstrings",
2026-01-10T23:03:29.210Z,SBS Novice Hypertrophy 5x,Day 4,"Romanian Deadlift, Barbell",0,8,8,0,,,0,60,lb,120,lb,0,2026-01-10T23:36:46.281Z,Gluteus Maximus,"Adductor Magnus,Erector Spinae,Hamstrings",
2026-01-10T23:03:29.210Z,SBS Novice Hypertrophy 5x,Day 4,Leg Press,1,5,2,0,,,0,63.75,lb,165,lb,0,2026-01-10T23:38:53.505Z,Quadriceps,"Adductor Magnus,Gluteus Maximus,Soleus",
2026-01-10T23:03:29.210Z,SBS Novice Hypertrophy 5x,Day 4,Leg Press,0,10,10,0,,,0,80,lb,165,lb,0,2026-01-10T23:42:10.491Z,Quadriceps,"Adductor Magnus,Gluteus Maximus,Soleus",
2026-01-10T23:03:29.210Z,SBS Novice Hypertrophy 5x,Day 4,Leg Press,0,10,10,0,,,0,80,lb,165,lb,0,2026-01-10T23:51:55.633Z,Quadriceps,"Adductor Magnus,Gluteus Maximus,Soleus",
2026-01-10T23:03:29.210Z,SBS Novice Hypertrophy 5x,Day 4,Leg Press,0,10,10,0,,,0,80,lb,165,lb,0,2026-01-10T23:57:16.135Z,Quadriceps,"Adductor Magnus,Gluteus Maximus,Soleus",
2026-01-10T23:03:29.210Z,SBS Novice Hypertrophy 5x,Day 4,Seated Leg Curl,1,5,2,0,,,0,33.75,lb,85,lb,0,2026-01-11T00:01:23.611Z,Hamstrings,"Gastrocnemius,Sartorius",
2026-01-10T23:03:29.210Z,SBS Novice Hypertrophy 5x,Day 4,Seated Leg Curl,0,8,8,0,,,0,42.5,lb,85,lb,0,2026-01-11T00:04:01.458Z,Hamstrings,"Gastrocnemius,Sartorius",
2026-01-10T23:03:29.210Z,SBS Novice Hypertrophy 5x,Day 4,Seated Leg Curl,0,8,8,0,,,0,42.5,lb,85,lb,0,2026-01-11T00:08:13.212Z,Hamstrings,"Gastrocnemius,Sartorius",
2026-01-10T23:03:29.210Z,SBS Novice Hypertrophy 5x,Day 4,Seated Leg Curl,0,8,6,0,,,0,42.5,lb,85,lb,0,2026-01-11T00:15:42.011Z,Hamstrings,"Gastrocnemius,Sartorius",
2026-01-10T23:03:29.210Z,SBS Novice Hypertrophy 5x,Day 4,Seated Leg Curl,0,8,6,0,,,0,42.5,lb,85,lb,0,2026-01-11T00:19:34.430Z,Hamstrings,"Gastrocnemius,Sartorius",
2026-01-10T23:03:29.210Z,SBS Novice Hypertrophy 5x,Day 4,Calf Press on Leg Press,1,5,2,0,,,0,311.25,lb,390,lb,0,2026-01-10T23:10:33.909Z,Gastrocnemius,Soleus,
2026-01-10T23:03:29.210Z,SBS Novice Hypertrophy 5x,Day 4,Calf Press on Leg Press,0,8,8,0,,,0,390,lb,390,lb,0,2026-01-10T23:17:17.434Z,Gastrocnemius,Soleus,
2026-01-10T23:03:29.210Z,SBS Novice Hypertrophy 5x,Day 4,Calf Press on Leg Press,0,8,8,0,,,0,390,lb,390,lb,0,2026-01-10T23:23:56.019Z,Gastrocnemius,Soleus,
2026-01-10T23:03:29.210Z,SBS Novice Hypertrophy 5x,Day 4,Calf Press on Leg Press,0,8,8,0,,,0,390,lb,390,lb,0,2026-01-10T23:30:50.688Z,Gastrocnemius,Soleus,
2026-01-09T01:42:39.063Z,SBS Novice Hypertrophy 5x,Day 1,Bench Press,1,5,10,0,,,0,42.5,lb,45,lb,0,2026-01-09T01:48:48.097Z,Pectoralis Major Sternal Head,"Deltoid Anterior,Pectoralis Major Clavicular Head,Triceps Brachii",
2026-01-09T01:42:39.063Z,SBS Novice Hypertrophy 5x,Day 1,Bench Press,1,2,2,0,,,0,135,lb,135,lb,0,2026-01-09T01:49:19.699Z,Pectoralis Major Sternal Head,"Deltoid Anterior,Pectoralis Major Clavicular Head,Triceps Brachii",
2026-01-09T01:42:39.063Z,SBS Novice Hypertrophy 5x,Day 1,Bench Press,0,8,8,0,,,0,55,lb,135,lb,0,2026-01-09T01:54:15.872Z,Pectoralis Major Sternal Head,"Deltoid Anterior,Pectoralis Major Clavicular Head,Triceps Brachii",
2026-01-09T01:42:39.063Z,SBS Novice Hypertrophy 5x,Day 1,Bench Press,0,8,8,0,,,0,55,lb,135,lb,0,2026-01-09T01:57:20.233Z,Pectoralis Major Sternal Head,"Deltoid Anterior,Pectoralis Major Clavicular Head,Triceps Brachii",
2026-01-09T01:42:39.063Z,SBS Novice Hypertrophy 5x,Day 1,Bench Press,0,8,8,0,,,0,55,lb,135,lb,0,2026-01-09T02:05:59.756Z,Pectoralis Major Sternal Head,"Deltoid Anterior,Pectoralis Major Clavicular Head,Triceps Brachii",
2026-01-09T01:42:39.063Z,SBS Novice Hypertrophy 5x,Day 1,Bench Press,0,8,8,0,,,0,55,lb,135,lb,0,2026-01-09T02:21:20.515Z,Pectoralis Major Sternal Head,"Deltoid Anterior,Pectoralis Major Clavicular Head,Triceps Brachii",
2026-01-09T01:42:39.063Z,SBS Novice Hypertrophy 5x,Day 1,Bent Over Row,1,5,2,0,,,0,90,lb,115,lb,0,2026-01-09T01:51:38.387Z,"Latissimus Dorsi,Trapezius Lower Fibers,Trapezius Middle Fibers","Brachialis,Brachioradialis,Deltoid Posterior,Infraspinatus,Pectoralis Major Sternal Head,Teres Major,Teres Minor",
2026-01-09T01:42:39.063Z,SBS Novice Hypertrophy 5x,Day 1,Bent Over Row,0,10,7,0,,,0,115,lb,115,lb,0,2026-01-09T01:57:48.501Z,"Latissimus Dorsi,Trapezius Lower Fibers,Trapezius Middle Fibers","Brachialis,Brachioradialis,Deltoid Posterior,Infraspinatus,Pectoralis Major Sternal Head,Teres Major,Teres Minor",
2026-01-09T01:42:39.063Z,SBS Novice Hypertrophy 5x,Day 1,Bent Over Row,0,10,7,0,,,0,115,lb,115,lb,0,2026-01-09T02:07:38.232Z,"Latissimus Dorsi,Trapezius Lower Fibers,Trapezius Middle Fibers","Brachialis,Brachioradialis,Deltoid Posterior,Infraspinatus,Pectoralis Major Sternal Head,Teres Major,Teres Minor",
2026-01-09T01:42:39.063Z,SBS Novice Hypertrophy 5x,Day 1,Bent Over Row,0,10,6,0,,,0,115,lb,115,lb,0,2026-01-09T02:22:47.587Z,"Latissimus Dorsi,Trapezius Lower Fibers,Trapezius Middle Fibers","Brachialis,Brachioradialis,Deltoid Posterior,Infraspinatus,Pectoralis Major Sternal Head,Teres Major,Teres Minor",
2026-01-09T01:42:39.063Z,SBS Novice Hypertrophy 5x,Day 1,"Shoulder Press, Leverage Machine",1,5,2,0,,,0,58.75,lb,75,lb,0,2026-01-09T02:28:08.083Z,Deltoid Anterior,"Deltoid Lateral,Pectoralis Major Clavicular Head,Serratus Anterior,Trapezius Lower Fibers,Trapezius Middle Fibers,Triceps Brachii",
2026-01-09T01:42:39.063Z,SBS Novice Hypertrophy 5x,Day 1,"Shoulder Press, Leverage Machine",0,10,11,0,,,0,73.75,lb,75,lb,0,2026-01-09T02:32:17.006Z,Deltoid Anterior,"Deltoid Lateral,Pectoralis Major Clavicular Head,Serratus Anterior,Trapezius Lower Fibers,Trapezius Middle Fibers,Triceps Brachii",
2026-01-09T01:42:39.063Z,SBS Novice Hypertrophy 5x,Day 1,"Shoulder Press, Leverage Machine",0,10,11,0,,,0,73.75,lb,75,lb,0,2026-01-09T02:38:52.473Z,Deltoid Anterior,"Deltoid Lateral,Pectoralis Major Clavicular Head,Serratus Anterior,Trapezius Lower Fibers,Trapezius Middle Fibers,Triceps Brachii",
2026-01-09T01:42:39.063Z,SBS Novice Hypertrophy 5x,Day 1,"Shoulder Press, Leverage Machine",0,10,10,0,,,0,73.75,lb,75,lb,0,2026-01-09T02:42:59.590Z,Deltoid Anterior,"Deltoid Lateral,Pectoralis Major Clavicular Head,Serratus Anterior,Trapezius Lower Fibers,Trapezius Middle Fibers,Triceps Brachii",
2026-01-09T01:42:39.063Z,SBS Novice Hypertrophy 5x,Day 1,"Lat Pulldown, Leverage Machine",1,5,2,0,,,0,110,lb,137.5,lb,0,2026-01-09T02:28:48.478Z,Latissimus Dorsi,"Biceps Brachii,Brachialis,Brachioradialis,Deltoid Posterior,Infraspinatus,Levator Scapulae,Teres Major,Teres Minor,Trapezius Lower Fibers,Trapezius Middle Fibers",
2026-01-09T01:42:39.063Z,SBS Novice Hypertrophy 5x,Day 1,"Lat Pulldown, Leverage Machine",0,8,11,0,,,0,137.5,lb,137.5,lb,0,2026-01-09T02:34:11.325Z,Latissimus Dorsi,"Biceps Brachii,Brachialis,Brachioradialis,Deltoid Posterior,Infraspinatus,Levator Scapulae,Teres Major,Teres Minor,Trapezius Lower Fibers,Trapezius Middle Fibers",
2026-01-09T01:42:39.063Z,SBS Novice Hypertrophy 5x,Day 1,"Lat Pulldown, Leverage Machine",0,8,8,0,,,0,137.5,lb,137.5,lb,0,2026-01-09T02:39:46.867Z,Latissimus Dorsi,"Biceps Brachii,Brachialis,Brachioradialis,Deltoid Posterior,Infraspinatus,Levator Scapulae,Teres Major,Teres Minor,Trapezius Lower Fibers,Trapezius Middle Fibers",
2026-01-09T01:42:39.063Z,SBS Novice Hypertrophy 5x,Day 1,"Lat Pulldown, Leverage Machine",0,8,8,0,,,0,137.5,lb,137.5,lb,0,2026-01-09T02:45:05.615Z,Latissimus Dorsi,"Biceps Brachii,Brachialis,Brachioradialis,Deltoid Posterior,Infraspinatus,Levator Scapulae,Teres Major,Teres Minor,Trapezius Lower Fibers,Trapezius Middle Fibers",
2026-01-07T00:04:37.080Z,SBS Novice Hypertrophy 5x,Day 5,Concentration Curl,1,5,2,0,,,0,20,lb,25,lb,0,2026-01-07T00:05:37.196Z,Brachialis,"Biceps Brachii,Brachioradialis",
2026-01-07T00:04:37.080Z,SBS Novice Hypertrophy 5x,Day 5,Concentration Curl,0,10,7,0,,,0,25,lb,25,lb,0,2026-01-07T00:13:02.844Z,Brachialis,"Biceps Brachii,Brachioradialis",
2026-01-07T00:04:37.080Z,SBS Novice Hypertrophy 5x,Day 5,Concentration Curl,0,10,6,0,,,0,25,lb,25,lb,0,2026-01-07T00:19:55.170Z,Brachialis,"Biceps Brachii,Brachioradialis",
2026-01-07T00:04:37.080Z,SBS Novice Hypertrophy 5x,Day 5,Concentration Curl,0,10,8,0,,,0,25,lb,25,lb,0,2026-01-07T00:26:55.545Z,Brachialis,"Biceps Brachii,Brachioradialis",
2026-01-07T00:04:37.080Z,SBS Novice Hypertrophy 5x,Day 5,Skullcrusher,0,8,10,0,,,0,20,lb,45,lb,0,2026-01-07T00:09:20.936Z,Triceps Brachii,,
2026-01-07T00:04:37.080Z,SBS Novice Hypertrophy 5x,Day 5,Skullcrusher,0,8,12,0,,,0,20,lb,45,lb,0,2026-01-07T00:13:57.816Z,Triceps Brachii,,
2026-01-07T00:04:37.080Z,SBS Novice Hypertrophy 5x,Day 5,Skullcrusher,0,8,12,0,,,0,20,lb,45,lb,0,2026-01-07T00:20:54.625Z,Triceps Brachii,,
2026-01-07T00:04:37.080Z,SBS Novice Hypertrophy 5x,Day 5,Skullcrusher,0,8,14,0,,,0,20,lb,45,lb,0,2026-01-07T00:28:17.314Z,Triceps Brachii,,
2026-01-07T00:04:37.080Z,SBS Novice Hypertrophy 5x,Day 5,Lateral Raise,1,5,2,0,,,0,20,lb,25,lb,0,2026-01-07T00:09:52.957Z,Deltoid Lateral,"Deltoid Anterior,Serratus Anterior,Trapezius Lower Fibers,Trapezius Middle Fibers",
2026-01-07T00:04:37.080Z,SBS Novice Hypertrophy 5x,Day 5,Lateral Raise,0,10,10,0,,,0,25,lb,25,lb,0,2026-01-07T00:14:41.772Z,Deltoid Lateral,"Deltoid Anterior,Serratus Anterior,Trapezius Lower Fibers,Trapezius Middle Fibers",
2026-01-07T00:04:37.080Z,SBS Novice Hypertrophy 5x,Day 5,Lateral Raise,0,10,10,0,,,0,25,lb,25,lb,0,2026-01-07T00:22:15.230Z,Deltoid Lateral,"Deltoid Anterior,Serratus Anterior,Trapezius Lower Fibers,Trapezius Middle Fibers",
2026-01-07T00:04:37.080Z,SBS Novice Hypertrophy 5x,Day 5,Lateral Raise,0,10,10,0,,,0,25,lb,25,lb,0,2026-01-07T00:31:12.025Z,Deltoid Lateral,"Deltoid Anterior,Serratus Anterior,Trapezius Lower Fibers,Trapezius Middle Fibers",
2026-01-07T00:04:37.080Z,SBS Novice Hypertrophy 5x,Day 5,Lateral Raise,0,10,10,0,,,0,25,lb,25,lb,0,2026-01-07T00:35:16.874Z,Deltoid Lateral,"Deltoid Anterior,Serratus Anterior,Trapezius Lower Fibers,Trapezius Middle Fibers",
2026-01-07T00:04:37.080Z,SBS Novice Hypertrophy 5x,Day 5,"Shrug, Smith Machine",1,5,2,0,,,0,107.5,lb,135,lb,0,2026-01-07T00:41:21.768Z,Trapezius Upper Fibers,"Levator Scapulae,Trapezius Middle Fibers",
2026-01-07T00:04:37.080Z,SBS Novice Hypertrophy 5x,Day 5,"Shrug, Smith Machine",0,10,10,0,,,0,135,lb,135,lb,0,2026-01-07T00:44:20.033Z,Trapezius Upper Fibers,"Levator Scapulae,Trapezius Middle Fibers",
2026-01-07T00:04:37.080Z,SBS Novice Hypertrophy 5x,Day 5,"Shrug, Smith Machine",0,10,10,0,,,0,135,lb,135,lb,0,2026-01-07T00:49:02.545Z,Trapezius Upper Fibers,"Levator Scapulae,Trapezius Middle Fibers",
2026-01-07T00:04:37.080Z,SBS Novice Hypertrophy 5x,Day 5,"Shrug, Smith Machine",0,10,9,0,,,0,135,lb,135,lb,0,2026-01-07T00:53:35.366Z,Trapezius Upper Fibers,"Levator Scapulae,Trapezius Middle Fibers",
2026-01-07T00:04:37.080Z,SBS Novice Hypertrophy 5x,Day 5,"Shrug, Smith Machine",0,10,10,0,,,0,135,lb,135,lb,0,2026-01-07T00:59:50.410Z,Trapezius Upper Fibers,"Levator Scapulae,Trapezius Middle Fibers",
2026-01-07T00:04:37.080Z,SBS Novice Hypertrophy 5x,Day 5,Incline Chest Fly,1,5,2,0,,,0,15,lb,25,lb,0,2026-01-07T00:32:29.617Z,Pectoralis Major Clavicular Head,"Biceps Brachii,Deltoid Anterior,Pectoralis Major Sternal Head",
2026-01-07T00:04:37.080Z,SBS Novice Hypertrophy 5x,Day 5,Incline Chest Fly,0,10,13,0,,,0,20,lb,20,lb,0,2026-01-07T00:36:37.839Z,Pectoralis Major Clavicular Head,"Biceps Brachii,Deltoid Anterior,Pectoralis Major Sternal Head",
2026-01-07T00:04:37.080Z,SBS Novice Hypertrophy 5x,Day 5,Incline Chest Fly,0,10,17,0,,,0,20,lb,20,lb,0,2026-01-07T00:43:08.248Z,Pectoralis Major Clavicular Head,"Biceps Brachii,Deltoid Anterior,Pectoralis Major Sternal Head",
2026-01-07T00:04:37.080Z,SBS Novice Hypertrophy 5x,Day 5,Incline Chest Fly,0,10,18,0,,,0,20,lb,20,lb,0,2026-01-07T00:52:09.167Z,Pectoralis Major Clavicular Head,"Biceps Brachii,Deltoid Anterior,Pectoralis Major Sternal Head",
2026-01-07T00:04:37.080Z,SBS Novice Hypertrophy 5x,Day 5,Standing Row Rear Delt With Rope,0,8,11,0,,,0,45,lb,47.5,lb,0,2026-01-07T01:01:44.822Z,Deltoid Posterior,"Brachialis,Brachioradialis,Deltoid Lateral,Infraspinatus,Teres Minor,Trapezius Lower Fibers,Trapezius Middle Fibers",
2026-01-07T00:04:37.080Z,SBS Novice Hypertrophy 5x,Day 5,Standing Row Rear Delt With Rope,0,8,10,0,,,0,45,lb,47.5,lb,0,2026-01-07T01:05:05.073Z,Deltoid Posterior,"Brachialis,Brachioradialis,Deltoid Lateral,Infraspinatus,Teres Minor,Trapezius Lower Fibers,Trapezius Middle Fibers",
2026-01-07T00:04:37.080Z,SBS Novice Hypertrophy 5x,Day 5,Standing Row Rear Delt With Rope,0,8,10,0,,,0,45,lb,47.5,lb,0,2026-01-07T01:10:21.467Z,Deltoid Posterior,"Brachialis,Brachioradialis,Deltoid Lateral,Infraspinatus,Teres Minor,Trapezius Lower Fibers,Trapezius Middle Fibers",
2026-01-05T00:10:57.425Z,SBS Novice Hypertrophy 5x,Day 3,Shoulder Press,1,5,2,0,,,0,30,lb,40,lb,0,2026-01-05T00:13:33.375Z,Deltoid Anterior,"Deltoid Lateral,Pectoralis Major Clavicular Head,Serratus Anterior,Trapezius Lower Fibers,Trapezius Middle Fibers,Triceps Brachii",
2026-01-05T00:10:57.425Z,SBS Novice Hypertrophy 5x,Day 3,Shoulder Press,0,10,10,0,,,0,37.5,lb,40,lb,0,2026-01-05T00:17:54.478Z,Deltoid Anterior,"Deltoid Lateral,Pectoralis Major Clavicular Head,Serratus Anterior,Trapezius Lower Fibers,Trapezius Middle Fibers,Triceps Brachii",
2026-01-05T00:10:57.425Z,SBS Novice Hypertrophy 5x,Day 3,Shoulder Press,0,10,10,0,,,0,37.5,lb,40,lb,0,2026-01-05T00:22:35.293Z,Deltoid Anterior,"Deltoid Lateral,Pectoralis Major Clavicular Head,Serratus Anterior,Trapezius Lower Fibers,Trapezius Middle Fibers,Triceps Brachii",
2026-01-05T00:10:57.425Z,SBS Novice Hypertrophy 5x,Day 3,Shoulder Press,0,10,11,0,,,0,37.5,lb,40,lb,0,2026-01-05T00:28:15.355Z,Deltoid Anterior,"Deltoid Lateral,Pectoralis Major Clavicular Head,Serratus Anterior,Trapezius Lower Fibers,Trapezius Middle Fibers,Triceps Brachii",
2026-01-05T00:10:57.425Z,SBS Novice Hypertrophy 5x,Day 3,Pull Up,1,,1,0,,,0,,,0,lb,0,2026-01-05T00:16:42.291Z,Latissimus Dorsi,"Biceps Brachii,Brachialis,Brachioradialis,Deltoid Posterior,Infraspinatus,Levator Scapulae,Teres Major,Teres Minor,Trapezius Lower Fibers,Trapezius Middle Fibers",
2026-01-05T00:10:57.425Z,SBS Novice Hypertrophy 5x,Day 3,Pull Up,0,8,3,0,,,0,0,lb,0,lb,0,2026-01-05T00:18:57.595Z,Latissimus Dorsi,"Biceps Brachii,Brachialis,Brachioradialis,Deltoid Posterior,Infraspinatus,Levator Scapulae,Teres Major,Teres Minor,Trapezius Lower Fibers,Trapezius Middle Fibers",
2026-01-05T00:10:57.425Z,SBS Novice Hypertrophy 5x,Day 3,Pull Up,0,8,3,0,,,0,0,lb,0,lb,0,2026-01-05T00:23:50.476Z,Latissimus Dorsi,"Biceps Brachii,Brachialis,Brachioradialis,Deltoid Posterior,Infraspinatus,Levator Scapulae,Teres Major,Teres Minor,Trapezius Lower Fibers,Trapezius Middle Fibers",
2026-01-05T00:10:57.425Z,SBS Novice Hypertrophy 5x,Day 3,Pull Up,0,8,3,0,,,0,0,lb,0,lb,0,2026-01-05T00:31:40.193Z,Latissimus Dorsi,"Biceps Brachii,Brachialis,Brachioradialis,Deltoid Posterior,Infraspinatus,Levator Scapulae,Teres Major,Teres Minor,Trapezius Lower Fibers,Trapezius Middle Fibers",
2026-01-05T00:10:57.425Z,SBS Novice Hypertrophy 5x,Day 3,"Incline Bench Press, Dumbbell",1,,2,0,,,0,,,50,lb,0,2026-01-05T00:37:14.947Z,Pectoralis Major Clavicular Head,"Deltoid Anterior,Pectoralis Major Sternal Head,Triceps Brachii",
2026-01-05T00:10:57.425Z,SBS Novice Hypertrophy 5x,Day 3,"Incline Bench Press, Dumbbell",0,10,13,0,,,0,42.5,lb,50,lb,0,2026-01-05T00:41:44.090Z,Pectoralis Major Clavicular Head,"Deltoid Anterior,Pectoralis Major Sternal Head,Triceps Brachii",
2026-01-05T00:10:57.425Z,SBS Novice Hypertrophy 5x,Day 3,"Incline Bench Press, Dumbbell",0,10,12,0,,,0,42.5,lb,50,lb,0,2026-01-05T00:48:48.622Z,Pectoralis Major Clavicular Head,"Deltoid Anterior,Pectoralis Major Sternal Head,Triceps Brachii",
2026-01-05T00:10:57.425Z,SBS Novice Hypertrophy 5x,Day 3,"Incline Bench Press, Dumbbell",0,10,11,0,,,0,42.5,lb,50,lb,0,2026-01-05T00:55:32.131Z,Pectoralis Major Clavicular Head,"Deltoid Anterior,Pectoralis Major Sternal Head,Triceps Brachii",
2026-01-05T00:10:57.425Z,SBS Novice Hypertrophy 5x,Day 3,"Seated Row, Leverage Machine",1,5,2,0,,,0,55,lb,140,lb,0,2026-01-05T00:38:27.376Z,"Latissimus Dorsi,Trapezius Lower Fibers,Trapezius Middle Fibers","Brachialis,Brachioradialis,Deltoid Posterior,Erector Spinae,Infraspinatus,Pectoralis Major Sternal Head,Teres Major,Teres Minor",
2026-01-05T00:10:57.425Z,SBS Novice Hypertrophy 5x,Day 3,"Seated Row, Leverage Machine",0,10,10,0,,,0,70,lb,140,lb,0,2026-01-05T00:43:00.958Z,"Latissimus Dorsi,Trapezius Lower Fibers,Trapezius Middle Fibers","Brachialis,Brachioradialis,Deltoid Posterior,Erector Spinae,Infraspinatus,Pectoralis Major Sternal Head,Teres Major,Teres Minor",
2026-01-05T00:10:57.425Z,SBS Novice Hypertrophy 5x,Day 3,"Seated Row, Leverage Machine",0,10,9,0,,,0,70,lb,140,lb,0,2026-01-05T00:50:11.187Z,"Latissimus Dorsi,Trapezius Lower Fibers,Trapezius Middle Fibers","Brachialis,Brachioradialis,Deltoid Posterior,Erector Spinae,Infraspinatus,Pectoralis Major Sternal Head,Teres Major,Teres Minor",
2026-01-05T00:10:57.425Z,SBS Novice Hypertrophy 5x,Day 3,"Seated Row, Leverage Machine",0,10,8,0,,,0,70,lb,140,lb,0,2026-01-05T01:00:59.694Z,"Latissimus Dorsi,Trapezius Lower Fibers,Trapezius Middle Fibers","Brachialis,Brachioradialis,Deltoid Posterior,Erector Spinae,Infraspinatus,Pectoralis Major Sternal Head,Teres Major,Teres Minor",
2026-01-01T23:24:00.839Z,SBS Novice Hypertrophy 5x,Day 1,"Bench Press, Dumbbell",1,5,2,0,,,0,42.5,lb,55,lb,0,2026-01-01T23:31:39.055Z,Pectoralis Major Sternal Head,"Deltoid Anterior,Pectoralis Major Clavicular Head,Triceps Brachii",
2026-01-01T23:24:00.839Z,SBS Novice Hypertrophy 5x,Day 1,"Bench Press, Dumbbell",0,8,10,0,,,0,55,lb,55,lb,0,2026-01-01T23:38:01.593Z,Pectoralis Major Sternal Head,"Deltoid Anterior,Pectoralis Major Clavicular Head,Triceps Brachii",
2026-01-01T23:24:00.839Z,SBS Novice Hypertrophy 5x,Day 1,"Bench Press, Dumbbell",0,8,8,0,,,0,55,lb,55,lb,0,2026-01-01T23:42:18.652Z,Pectoralis Major Sternal Head,"Deltoid Anterior,Pectoralis Major Clavicular Head,Triceps Brachii",
2026-01-01T23:24:00.839Z,SBS Novice Hypertrophy 5x,Day 1,"Bench Press, Dumbbell",0,8,9,0,,,0,55,lb,55,lb,0,2026-01-01T23:46:55.038Z,Pectoralis Major Sternal Head,"Deltoid Anterior,Pectoralis Major Clavicular Head,Triceps Brachii",
2026-01-01T23:24:00.839Z,SBS Novice Hypertrophy 5x,Day 1,Bent Over Row,1,5,10,0,,,0,90,lb,45,lb,0,2026-01-01T23:31:45.333Z,"Latissimus Dorsi,Trapezius Lower Fibers,Trapezius Middle Fibers","Brachialis,Brachioradialis,Deltoid Posterior,Infraspinatus,Pectoralis Major Sternal Head,Teres Major,Teres Minor",
2026-01-01T23:24:00.839Z,SBS Novice Hypertrophy 5x,Day 1,Bent Over Row,1,5,2,0,,,0,90,lb,115,lb,0,2026-01-01T23:33:16.655Z,"Latissimus Dorsi,Trapezius Lower Fibers,Trapezius Middle Fibers","Brachialis,Brachioradialis,Deltoid Posterior,Infraspinatus,Pectoralis Major Sternal Head,Teres Major,Teres Minor",
2026-01-01T23:24:00.839Z,SBS Novice Hypertrophy 5x,Day 1,Bent Over Row,0,10,5,0,,,0,115,lb,115,lb,0,2026-01-01T23:38:39.080Z,"Latissimus Dorsi,Trapezius Lower Fibers,Trapezius Middle Fibers","Brachialis,Brachioradialis,Deltoid Posterior,Infraspinatus,Pectoralis Major Sternal Head,Teres Major,Teres Minor",
2026-01-01T23:24:00.839Z,SBS Novice Hypertrophy 5x,Day 1,Bent Over Row,0,10,7,0,,,0,115,lb,115,lb,0,2026-01-01T23:42:56.760Z,"Latissimus Dorsi,Trapezius Lower Fibers,Trapezius Middle Fibers","Brachialis,Brachioradialis,Deltoid Posterior,Infraspinatus,Pectoralis Major Sternal Head,Teres Major,Teres Minor",
2026-01-01T23:24:00.839Z,SBS Novice Hypertrophy 5x,Day 1,Bent Over Row,0,10,7,0,,,0,115,lb,115,lb,0,2026-01-01T23:49:00.519Z,"Latissimus Dorsi,Trapezius Lower Fibers,Trapezius Middle Fibers","Brachialis,Brachioradialis,Deltoid Posterior,Infraspinatus,Pectoralis Major Sternal Head,Teres Major,Teres Minor",
2026-01-01T23:24:00.839Z,SBS Novice Hypertrophy 5x,Day 1,"Shoulder Press, Leverage Machine",1,5,2,0,,,0,58.75,lb,75,lb,0,2026-01-01T23:51:13.138Z,Deltoid Anterior,"Deltoid Lateral,Pectoralis Major Clavicular Head,Serratus Anterior,Trapezius Lower Fibers,Trapezius Middle Fibers,Triceps Brachii",
2026-01-01T23:24:00.839Z,SBS Novice Hypertrophy 5x,Day 1,"Shoulder Press, Leverage Machine",0,8,8,0,,,0,73.75,lb,75,lb,0,2026-01-01T23:57:18.048Z,Deltoid Anterior,"Deltoid Lateral,Pectoralis Major Clavicular Head,Serratus Anterior,Trapezius Lower Fibers,Trapezius Middle Fibers,Triceps Brachii",
2026-01-01T23:24:00.839Z,SBS Novice Hypertrophy 5x,Day 1,"Shoulder Press, Leverage Machine",0,8,8,0,,,0,73.75,lb,75,lb,0,2026-01-02T00:08:18.549Z,Deltoid Anterior,"Deltoid Lateral,Pectoralis Major Clavicular Head,Serratus Anterior,Trapezius Lower Fibers,Trapezius Middle Fibers,Triceps Brachii",
2026-01-01T23:24:00.839Z,SBS Novice Hypertrophy 5x,Day 1,"Shoulder Press, Leverage Machine",0,8,8,0,,,0,73.75,lb,75,lb,0,2026-01-02T00:15:46.656Z,Deltoid Anterior,"Deltoid Lateral,Pectoralis Major Clavicular Head,Serratus Anterior,Trapezius Lower Fibers,Trapezius Middle Fibers,Triceps Brachii",
2026-01-01T23:24:00.839Z,SBS Novice Hypertrophy 5x,Day 1,"Shoulder Press, Leverage Machine",0,8,8,0,,,0,73.75,lb,75,lb,0,2026-01-02T00:21:14.679Z,Deltoid Anterior,"Deltoid Lateral,Pectoralis Major Clavicular Head,Serratus Anterior,Trapezius Lower Fibers,Trapezius Middle Fibers,Triceps Brachii",
2026-01-01T23:24:00.839Z,SBS Novice Hypertrophy 5x,Day 1,"Lat Pulldown, Leverage Machine",1,5,2,0,,,0,100,lb,125,lb,0,2026-01-01T23:52:55.706Z,Latissimus Dorsi,"Biceps Brachii,Brachialis,Brachioradialis,Deltoid Posterior,Infraspinatus,Levator Scapulae,Teres Major,Teres Minor,Trapezius Lower Fibers,Trapezius Middle Fibers",
2026-01-01T23:24:00.839Z,SBS Novice Hypertrophy 5x,Day 1,"Lat Pulldown, Leverage Machine",0,10,10,0,,,0,125,lb,125,lb,0,2026-01-01T23:58:23.667Z,Latissimus Dorsi,"Biceps Brachii,Brachialis,Brachioradialis,Deltoid Posterior,Infraspinatus,Levator Scapulae,Teres Major,Teres Minor,Trapezius Lower Fibers,Trapezius Middle Fibers",
2026-01-01T23:24:00.839Z,SBS Novice Hypertrophy 5x,Day 1,"Lat Pulldown, Leverage Machine",0,10,10,0,,,0,125,lb,125,lb,0,2026-01-02T00:09:01.990Z,Latissimus Dorsi,"Biceps Brachii,Brachialis,Brachioradialis,Deltoid Posterior,Infraspinatus,Levator Scapulae,Teres Major,Teres Minor,Trapezius Lower Fibers,Trapezius Middle Fibers",
2026-01-01T23:24:00.839Z,SBS Novice Hypertrophy 5x,Day 1,"Lat Pulldown, Leverage Machine",0,10,10,0,,,0,125,lb,125,lb,0,2026-01-02T00:17:23.568Z,Latissimus Dorsi,"Biceps Brachii,Brachialis,Brachioradialis,Deltoid Posterior,Infraspinatus,Levator Scapulae,Teres Major,Teres Minor,Trapezius Lower Fibers,Trapezius Middle Fibers",
2026-01-01T23:24:00.839Z,SBS Novice Hypertrophy 5x,Day 1,"Lat Pulldown, Leverage Machine",0,10,10,0,,,0,125,lb,125,lb,0,2026-01-02T00:23:04.155Z,Latissimus Dorsi,"Biceps Brachii,Brachialis,Brachioradialis,Deltoid Posterior,Infraspinatus,Levator Scapulae,Teres Major,Teres Minor,Trapezius Lower Fibers,Trapezius Middle Fibers",
2025-12-28T22:51:22.817Z,SBS Novice Hypertrophy 5x,Day 5,Concentration Curl,1,5,2,0,,,0,20,lb,25,lb,0,2025-12-28T22:54:07.136Z,Brachialis,"Biceps Brachii,Brachioradialis",
2025-12-28T22:51:22.817Z,SBS Novice Hypertrophy 5x,Day 5,Concentration Curl,0,10,6,0,,,0,25,lb,25,lb,0,2025-12-28T23:00:20.732Z,Brachialis,"Biceps Brachii,Brachioradialis",
2025-12-28T22:51:22.817Z,SBS Novice Hypertrophy 5x,Day 5,Concentration Curl,0,10,8,0,,,0,25,lb,25,lb,0,2025-12-28T23:07:54.200Z,Brachialis,"Biceps Brachii,Brachioradialis",
2025-12-28T22:51:22.817Z,SBS Novice Hypertrophy 5x,Day 5,Concentration Curl,0,10,5,0,,,0,25,lb,25,lb,0,2025-12-28T23:15:18.744Z,Brachialis,"Biceps Brachii,Brachioradialis",
2025-12-28T22:51:22.817Z,SBS Novice Hypertrophy 5x,Day 5,Skullcrusher,1,5,2,0,,,0,20,lb,40,lb,0,2025-12-28T22:55:26.849Z,Triceps Brachii,,
2025-12-28T22:51:22.817Z,SBS Novice Hypertrophy 5x,Day 5,Skullcrusher,0,8,10,0,,,0,20,lb,40,lb,0,2025-12-28T23:02:15.488Z,Triceps Brachii,,
2025-12-28T22:51:22.817Z,SBS Novice Hypertrophy 5x,Day 5,Skullcrusher,0,8,10,0,,,0,20,lb,50,lb,0,2025-12-28T23:08:53.193Z,Triceps Brachii,,
2025-12-28T22:51:22.817Z,SBS Novice Hypertrophy 5x,Day 5,Skullcrusher,0,8,10,0,,,0,20,lb,50,lb,0,2025-12-28T23:18:35.292Z,Triceps Brachii,,
2025-12-28T22:51:22.817Z,SBS Novice Hypertrophy 5x,Day 5,Lateral Raise,1,5,2,0,,,0,20,lb,25,lb,0,2025-12-28T22:57:14.324Z,Deltoid Lateral,"Deltoid Anterior,Serratus Anterior,Trapezius Lower Fibers,Trapezius Middle Fibers",
2025-12-28T22:51:22.817Z,SBS Novice Hypertrophy 5x,Day 5,Lateral Raise,0,10,8,0,,,0,25,lb,25,lb,0,2025-12-28T23:04:11.108Z,Deltoid Lateral,"Deltoid Anterior,Serratus Anterior,Trapezius Lower Fibers,Trapezius Middle Fibers",
2025-12-28T22:51:22.817Z,SBS Novice Hypertrophy 5x,Day 5,Lateral Raise,0,10,6,0,,,0,25,lb,25,lb,0,2025-12-28T23:10:11.254Z,Deltoid Lateral,"Deltoid Anterior,Serratus Anterior,Trapezius Lower Fibers,Trapezius Middle Fibers",
2025-12-28T22:51:22.817Z,SBS Novice Hypertrophy 5x,Day 5,Lateral Raise,0,10,8,0,,,0,25,lb,25,lb,0,2025-12-28T23:20:01.266Z,Deltoid Lateral,"Deltoid Anterior,Serratus Anterior,Trapezius Lower Fibers,Trapezius Middle Fibers",
2025-12-28T22:51:22.817Z,SBS Novice Hypertrophy 5x,Day 5,Lateral Raise,0,10,7,0,,,0,25,lb,25,lb,0,2025-12-28T23:23:42.177Z,Deltoid Lateral,"Deltoid Anterior,Serratus Anterior,Trapezius Lower Fibers,Trapezius Middle Fibers",
2025-12-28T22:51:22.817Z,SBS Novice Hypertrophy 5x,Day 5,"Shrug, Smith Machine",1,,10,0,,,0,,,25,lb,0,2025-12-31T00:29:53.541Z,Trapezius Upper Fibers,"Levator Scapulae,Trapezius Middle Fibers",
2025-12-28T22:51:22.817Z,SBS Novice Hypertrophy 5x,Day 5,"Shrug, Smith Machine",1,10,2,0,,,0,25,lb,115,lb,0,2025-12-31T00:30:03.335Z,Trapezius Upper Fibers,"Levator Scapulae,Trapezius Middle Fibers",
2025-12-28T22:51:22.817Z,SBS Novice Hypertrophy 5x,Day 5,"Shrug, Smith Machine",1,2,2,0,,,0,115,lb,135,lb,0,2025-12-31T00:31:06.784Z,Trapezius Upper Fibers,"Levator Scapulae,Trapezius Middle Fibers",
2025-12-28T22:51:22.817Z,SBS Novice Hypertrophy 5x,Day 5,"Shrug, Smith Machine",0,10,10,0,,,0,135,lb,135,lb,0,2025-12-28T23:29:39.487Z,Trapezius Upper Fibers,"Levator Scapulae,Trapezius Middle Fibers",
2025-12-28T22:51:22.817Z,SBS Novice Hypertrophy 5x,Day 5,"Shrug, Smith Machine",0,10,10,0,,,0,135,lb,135,lb,0,2025-12-28T23:34:03.263Z,Trapezius Upper Fibers,"Levator Scapulae,Trapezius Middle Fibers",
2025-12-28T22:51:22.817Z,SBS Novice Hypertrophy 5x,Day 5,"Shrug, Smith Machine",0,10,11,0,,,0,135,lb,135,lb,0,2025-12-31T00:39:56.352Z,Trapezius Upper Fibers,"Levator Scapulae,Trapezius Middle Fibers",
2025-12-28T22:51:22.817Z,SBS Novice Hypertrophy 5x,Day 5,Incline Chest Fly,1,5,2,0,,,0,15,lb,22.5,lb,0,2025-12-28T23:30:53.160Z,Pectoralis Major Clavicular Head,"Biceps Brachii,Deltoid Anterior,Pectoralis Major Sternal Head",
2025-12-28T22:51:22.817Z,SBS Novice Hypertrophy 5x,Day 5,Incline Chest Fly,1,2,2,0,,,0,22.5,lb,25,lb,0,2025-12-31T00:32:18.006Z,Pectoralis Major Clavicular Head,"Biceps Brachii,Deltoid Anterior,Pectoralis Major Sternal Head",
2025-12-28T22:51:22.817Z,SBS Novice Hypertrophy 5x,Day 5,Incline Chest Fly,0,8,8,0,,,0,20,lb,22.5,lb,0,2025-12-28T23:34:57.982Z,Pectoralis Major Clavicular Head,"Biceps Brachii,Deltoid Anterior,Pectoralis Major Sternal Head",
2025-12-28T22:51:22.817Z,SBS Novice Hypertrophy 5x,Day 5,Incline Chest Fly,0,8,8,0,,,0,20,lb,25,lb,0,2025-12-31T00:42:43.502Z,Pectoralis Major Clavicular Head,"Biceps Brachii,Deltoid Anterior,Pectoralis Major Sternal Head",
2025-12-28T22:51:22.817Z,SBS Novice Hypertrophy 5x,Day 5,Incline Chest Fly,0,8,8,0,,,0,20,lb,25,lb,0,2025-12-31T00:48:20.097Z,Pectoralis Major Clavicular Head,"Biceps Brachii,Deltoid Anterior,Pectoralis Major Sternal Head",
2025-12-28T22:51:22.817Z,SBS Novice Hypertrophy 5x,Day 5,Incline Chest Fly,0,8,11,0,,,0,20,lb,20,lb,0,2025-12-31T00:54:42.354Z,Pectoralis Major Clavicular Head,"Biceps Brachii,Deltoid Anterior,Pectoralis Major Sternal Head",
2025-12-28T22:51:22.817Z,SBS Novice Hypertrophy 5x,Day 5,Standing Row Rear Delt With Rope,0,10,10,0,,,0,42.5,lb,42.5,lb,0,2025-12-31T00:43:55.895Z,Deltoid Posterior,"Brachialis,Brachioradialis,Deltoid Lateral,Infraspinatus,Teres Minor,Trapezius Lower Fibers,Trapezius Middle Fibers",
2025-12-28T22:51:22.817Z,SBS Novice Hypertrophy 5x,Day 5,Standing Row Rear Delt With Rope,0,10,10,0,,,0,42.5,lb,42.5,lb,0,2025-12-31T00:49:16.612Z,Deltoid Posterior,"Brachialis,Brachioradialis,Deltoid Lateral,Infraspinatus,Teres Minor,Trapezius Lower Fibers,Trapezius Middle Fibers",
2025-12-28T22:51:22.817Z,SBS Novice Hypertrophy 5x,Day 5,Standing Row Rear Delt With Rope,0,10,10,0,,,0,42.5,lb,42.5,lb,0,2025-12-31T00:55:31.254Z,Deltoid Posterior,"Brachialis,Brachioradialis,Deltoid Lateral,Infraspinatus,Teres Minor,Trapezius Lower Fibers,Trapezius Middle Fibers",
2025-12-28T22:51:22.817Z,SBS Novice Hypertrophy 5x,Day 5,Standing Row Rear Delt With Rope,0,10,10,0,,,0,42.5,lb,42.5,lb,0,2025-12-31T00:59:17.915Z,Deltoid Posterior,"Brachialis,Brachioradialis,Deltoid Lateral,Infraspinatus,Teres Minor,Trapezius Lower Fibers,Trapezius Middle Fibers",
2025-12-27T23:40:25.124Z,SBS Novice Hypertrophy 5x,Day 2,Squat,1,5,10,0,,,0,45,lb,45,lb,0,2025-12-27T23:47:50.640Z,Quadriceps,"Adductor Magnus,Gluteus Maximus,Soleus",
2025-12-27T23:40:25.124Z,SBS Novice Hypertrophy 5x,Day 2,Squat,1,5,2,0,,,0,107.5,lb,135,lb,0,2025-12-27T23:51:37.507Z,Quadriceps,"Adductor Magnus,Gluteus Maximus,Soleus",
2025-12-27T23:40:25.124Z,SBS Novice Hypertrophy 5x,Day 2,Squat,0,10,3,0,,,0,135,lb,135,lb,0,2025-12-27T23:57:57.522Z,Quadriceps,"Adductor Magnus,Gluteus Maximus,Soleus",
2025-12-27T23:40:25.124Z,SBS Novice Hypertrophy 5x,Day 2,Squat,0,10,5,0,,,0,135,lb,135,lb,0,2025-12-28T00:06:08.418Z,Quadriceps,"Adductor Magnus,Gluteus Maximus,Soleus",
2025-12-27T23:40:25.124Z,SBS Novice Hypertrophy 5x,Day 2,Squat,0,10,4,0,,,0,135,lb,135,lb,0,2025-12-28T00:12:10.099Z,Quadriceps,"Adductor Magnus,Gluteus Maximus,Soleus",
2025-12-27T23:40:25.124Z,SBS Novice Hypertrophy 5x,Day 2,Deadlift,1,5,2,0,,,0,80,lb,135,lb,0,2026-01-04T03:00:06.572Z,Gluteus Maximus,"Adductor Magnus,Hamstrings,Quadriceps,Soleus",
2025-12-27T23:40:25.124Z,SBS Novice Hypertrophy 5x,Day 2,Deadlift,0,8,8,0,,,0,160,lb,160,lb,0,2026-01-04T03:00:12.745Z,Gluteus Maximus,"Adductor Magnus,Hamstrings,Quadriceps,Soleus",
2025-12-27T23:40:25.124Z,SBS Novice Hypertrophy 5x,Day 2,Deadlift,0,8,6,0,,,0,160,lb,160,lb,0,2026-01-04T03:00:14.221Z,Gluteus Maximus,"Adductor Magnus,Hamstrings,Quadriceps,Soleus",
2025-12-27T23:40:25.124Z,SBS Novice Hypertrophy 5x,Day 2,Deadlift,0,8,5,0,,,0,160,lb,160,lb,0,2026-01-04T03:00:15.409Z,Gluteus Maximus,"Adductor Magnus,Hamstrings,Quadriceps,Soleus",
2025-12-27T23:40:25.124Z,SBS Novice Hypertrophy 5x,Day 2,Deadlift,0,8,4,0,,,0,160,lb,160,lb,0,2026-01-04T03:00:16.789Z,Gluteus Maximus,"Adductor Magnus,Hamstrings,Quadriceps,Soleus",
2025-12-27T23:40:25.124Z,SBS Novice Hypertrophy 5x,Day 2,Bulgarian Split Squat,1,5,2,0,,,0,15,lb,20,lb,0,2026-01-04T03:00:21.189Z,Quadriceps,"Adductor Magnus,Gluteus Maximus,Soleus",
2025-12-27T23:40:25.124Z,SBS Novice Hypertrophy 5x,Day 2,Bulgarian Split Squat,0,10,10,0,,,0,20,lb,20,lb,0,2026-01-04T03:00:22.040Z,Quadriceps,"Adductor Magnus,Gluteus Maximus,Soleus",
2025-12-27T23:40:25.124Z,SBS Novice Hypertrophy 5x,Day 2,Bulgarian Split Squat,0,10,5,0,,,0,20,lb,20,lb,0,2026-01-04T03:00:24.524Z,Quadriceps,"Adductor Magnus,Gluteus Maximus,Soleus",
2025-12-27T23:40:25.124Z,SBS Novice Hypertrophy 5x,Day 2,Bulgarian Split Squat,0,10,4,0,,,0,20,lb,20,lb,0,2026-01-04T03:00:26.540Z,Quadriceps,"Adductor Magnus,Gluteus Maximus,Soleus",
2025-12-27T23:40:25.124Z,SBS Novice Hypertrophy 5x,Day 2,Calf Press on Leg Press,1,5,2,0,,,0,311.25,lb,360,lb,0,2025-12-27T23:49:33.202Z,Gastrocnemius,Soleus,
2025-12-27T23:40:25.124Z,SBS Novice Hypertrophy 5x,Day 2,Calf Press on Leg Press,0,8,6,0,,,0,390,lb,360,lb,0,2025-12-27T23:52:45.086Z,Gastrocnemius,Soleus,
2025-12-27T23:40:25.124Z,SBS Novice Hypertrophy 5x,Day 2,Calf Press on Leg Press,0,8,3,0,,,0,390,lb,360,lb,0,2025-12-27T23:58:39.039Z,Gastrocnemius,Soleus,
2025-12-27T23:40:25.124Z,SBS Novice Hypertrophy 5x,Day 2,Calf Press on Leg Press,0,8,6,0,,,0,390,lb,360,lb,0,2025-12-28T00:07:04.854Z,Gastrocnemius,Soleus,
2025-12-26T21:00:43.390Z,SBS Novice Hypertrophy 5x,Day 3,Shoulder Press,1,5,2,0,,,0,30,lb,40,lb,0,2025-12-26T21:04:22.965Z,Deltoid Anterior,"Deltoid Lateral,Pectoralis Major Clavicular Head,Serratus Anterior,Trapezius Lower Fibers,Trapezius Middle Fibers,Triceps Brachii",
2025-12-26T21:00:43.390Z,SBS Novice Hypertrophy 5x,Day 3,Shoulder Press,0,8,8,0,,,0,37.5,lb,40,lb,0,2025-12-26T21:08:12.420Z,Deltoid Anterior,"Deltoid Lateral,Pectoralis Major Clavicular Head,Serratus Anterior,Trapezius Lower Fibers,Trapezius Middle Fibers,Triceps Brachii",
2025-12-26T21:00:43.390Z,SBS Novice Hypertrophy 5x,Day 3,Shoulder Press,0,8,8,0,,,0,37.5,lb,40,lb,0,2025-12-26T21:14:56.113Z,Deltoid Anterior,"Deltoid Lateral,Pectoralis Major Clavicular Head,Serratus Anterior,Trapezius Lower Fibers,Trapezius Middle Fibers,Triceps Brachii",
2025-12-26T21:00:43.390Z,SBS Novice Hypertrophy 5x,Day 3,Shoulder Press,0,8,8,0,,,0,37.5,lb,40,lb,0,2025-12-26T21:21:03.064Z,Deltoid Anterior,"Deltoid Lateral,Pectoralis Major Clavicular Head,Serratus Anterior,Trapezius Lower Fibers,Trapezius Middle Fibers,Triceps Brachii",
2025-12-26T21:00:43.390Z,SBS Novice Hypertrophy 5x,Day 3,Shoulder Press,0,8,8,0,,,0,37.5,lb,40,lb,0,2025-12-26T21:27:34.209Z,Deltoid Anterior,"Deltoid Lateral,Pectoralis Major Clavicular Head,Serratus Anterior,Trapezius Lower Fibers,Trapezius Middle Fibers,Triceps Brachii",
2025-12-26T21:00:43.390Z,SBS Novice Hypertrophy 5x,Day 3,"Pull Up, Leverage Machine",1,,1,0,,,0,,,-5,lb,0,2025-12-26T21:06:19.758Z,Latissimus Dorsi,"Biceps Brachii,Brachialis,Brachioradialis,Deltoid Posterior,Infraspinatus,Levator Scapulae,Teres Major,Teres Minor,Trapezius Lower Fibers,Trapezius Middle Fibers",
2025-12-26T21:00:43.390Z,SBS Novice Hypertrophy 5x,Day 3,"Pull Up, Leverage Machine",0,8,3,0,,,0,0,lb,-20,lb,0,2025-12-26T21:10:08.210Z,Latissimus Dorsi,"Biceps Brachii,Brachialis,Brachioradialis,Deltoid Posterior,Infraspinatus,Levator Scapulae,Teres Major,Teres Minor,Trapezius Lower Fibers,Trapezius Middle Fibers",
2025-12-26T21:00:43.390Z,SBS Novice Hypertrophy 5x,Day 3,"Pull Up, Leverage Machine",0,8,2,0,,,0,0,lb,0,lb,0,2025-12-26T21:15:58.003Z,Latissimus Dorsi,"Biceps Brachii,Brachialis,Brachioradialis,Deltoid Posterior,Infraspinatus,Levator Scapulae,Teres Major,Teres Minor,Trapezius Lower Fibers,Trapezius Middle Fibers",
2025-12-26T21:00:43.390Z,SBS Novice Hypertrophy 5x,Day 3,"Pull Up, Leverage Machine",0,8,5,0,,,0,0,lb,-30,lb,0,2025-12-26T21:22:57.157Z,Latissimus Dorsi,"Biceps Brachii,Brachialis,Brachioradialis,Deltoid Posterior,Infraspinatus,Levator Scapulae,Teres Major,Teres Minor,Trapezius Lower Fibers,Trapezius Middle Fibers",
2025-12-26T21:00:43.390Z,SBS Novice Hypertrophy 5x,Day 3,"Incline Bench Press, Dumbbell",1,,2,0,,,0,,,45,lb,0,2025-12-26T21:30:37.215Z,Pectoralis Major Clavicular Head,"Deltoid Anterior,Pectoralis Major Sternal Head,Triceps Brachii",
2025-12-26T21:00:43.390Z,SBS Novice Hypertrophy 5x,Day 3,"Incline Bench Press, Dumbbell",0,8,10,0,,,0,42.5,lb,45,lb,0,2025-12-26T21:33:40.021Z,Pectoralis Major Clavicular Head,"Deltoid Anterior,Pectoralis Major Sternal Head,Triceps Brachii",
2025-12-26T21:00:43.390Z,SBS Novice Hypertrophy 5x,Day 3,"Incline Bench Press, Dumbbell",0,8,10,0,,,0,42.5,lb,45,lb,0,2025-12-26T21:40:33.751Z,Pectoralis Major Clavicular Head,"Deltoid Anterior,Pectoralis Major Sternal Head,Triceps Brachii",
2025-12-26T21:00:43.390Z,SBS Novice Hypertrophy 5x,Day 3,"Incline Bench Press, Dumbbell",0,8,10,0,,,0,42.5,lb,45,lb,0,2025-12-26T21:48:21.730Z,Pectoralis Major Clavicular Head,"Deltoid Anterior,Pectoralis Major Sternal Head,Triceps Brachii",
2025-12-26T21:00:43.390Z,SBS Novice Hypertrophy 5x,Day 3,"Incline Bench Press, Dumbbell",0,8,10,0,,,0,42.5,lb,45,lb,0,2025-12-26T21:54:50.439Z,Pectoralis Major Clavicular Head,"Deltoid Anterior,Pectoralis Major Sternal Head,Triceps Brachii",
2025-12-26T21:00:43.390Z,SBS Novice Hypertrophy 5x,Day 3,"Seated Row, Leverage Machine",1,5,2,0,,,0,55,lb,140,lb,0,2025-12-26T21:29:24.261Z,"Latissimus Dorsi,Trapezius Lower Fibers,Trapezius Middle Fibers","Brachialis,Brachioradialis,Deltoid Posterior,Erector Spinae,Infraspinatus,Pectoralis Major Sternal Head,Teres Major,Teres Minor",
2025-12-26T21:00:43.390Z,SBS Novice Hypertrophy 5x,Day 3,"Seated Row, Leverage Machine",0,10,8,0,,,0,70,lb,140,lb,0,2025-12-26T21:31:54.745Z,"Latissimus Dorsi,Trapezius Lower Fibers,Trapezius Middle Fibers","Brachialis,Brachioradialis,Deltoid Posterior,Erector Spinae,Infraspinatus,Pectoralis Major Sternal Head,Teres Major,Teres Minor",
2025-12-26T21:00:43.390Z,SBS Novice Hypertrophy 5x,Day 3,"Seated Row, Leverage Machine",0,10,6,0,,,0,70,lb,140,lb,0,2025-12-26T21:42:02.269Z,"Latissimus Dorsi,Trapezius Lower Fibers,Trapezius Middle Fibers","Brachialis,Brachioradialis,Deltoid Posterior,Erector Spinae,Infraspinatus,Pectoralis Major Sternal Head,Teres Major,Teres Minor",
2025-12-26T21:00:43.390Z,SBS Novice Hypertrophy 5x,Day 3,"Seated Row, Leverage Machine",0,10,7,0,,,0,70,lb,140,lb,0,2025-12-26T21:50:06.173Z,"Latissimus Dorsi,Trapezius Lower Fibers,Trapezius Middle Fibers","Brachialis,Brachioradialis,Deltoid Posterior,Erector Spinae,Infraspinatus,Pectoralis Major Sternal Head,Teres Major,Teres Minor",
2025-12-21T23:53:26.863Z,SBS Novice Hypertrophy 5x,Day 1,Bench Press,1,5,10,0,,,0,42.5,lb,45,lb,0,2025-12-22T00:07:09.284Z,Pectoralis Major Sternal Head,"Deltoid Anterior,Pectoralis Major Clavicular Head,Triceps Brachii",
2025-12-21T23:53:26.863Z,SBS Novice Hypertrophy 5x,Day 1,Bench Press,0,8,5,0,,,0,55,lb,155,lb,0,2025-12-22T00:07:10.045Z,Pectoralis Major Sternal Head,"Deltoid Anterior,Pectoralis Major Clavicular Head,Triceps Brachii",
2025-12-21T23:53:26.863Z,SBS Novice Hypertrophy 5x,Day 1,Bench Press,0,8,6,0,,,0,55,lb,155,lb,0,2025-12-22T00:12:27.580Z,Pectoralis Major Sternal Head,"Deltoid Anterior,Pectoralis Major Clavicular Head,Triceps Brachii",
2025-12-21T23:53:26.863Z,SBS Novice Hypertrophy 5x,Day 1,Bench Press,0,8,6,0,,,0,55,lb,155,lb,0,2025-12-22T00:18:35.754Z,Pectoralis Major Sternal Head,"Deltoid Anterior,Pectoralis Major Clavicular Head,Triceps Brachii",
2025-12-21T23:53:26.863Z,SBS Novice Hypertrophy 5x,Day 1,Bent Over Row,1,5,2,0,,,0,90,lb,45,lb,0,2025-12-22T00:09:01.675Z,"Latissimus Dorsi,Trapezius Lower Fibers,Trapezius Middle Fibers","Brachialis,Brachioradialis,Deltoid Posterior,Infraspinatus,Pectoralis Major Sternal Head,Teres Major,Teres Minor",
2025-12-21T23:53:26.863Z,SBS Novice Hypertrophy 5x,Day 1,Bent Over Row,0,10,8,0,,,0,115,lb,115,lb,0,2025-12-22T00:14:10.914Z,"Latissimus Dorsi,Trapezius Lower Fibers,Trapezius Middle Fibers","Brachialis,Brachioradialis,Deltoid Posterior,Infraspinatus,Pectoralis Major Sternal Head,Teres Major,Teres Minor",
2025-12-21T23:53:26.863Z,SBS Novice Hypertrophy 5x,Day 1,Bent Over Row,0,10,5,0,,,0,115,lb,115,lb,0,2025-12-22T00:20:36.679Z,"Latissimus Dorsi,Trapezius Lower Fibers,Trapezius Middle Fibers","Brachialis,Brachioradialis,Deltoid Posterior,Infraspinatus,Pectoralis Major Sternal Head,Teres Major,Teres Minor",
2025-12-21T23:53:26.863Z,SBS Novice Hypertrophy 5x,Day 1,Bent Over Row,0,10,9,0,,,0,115,lb,115,lb,0,2025-12-22T00:27:12.005Z,"Latissimus Dorsi,Trapezius Lower Fibers,Trapezius Middle Fibers","Brachialis,Brachioradialis,Deltoid Posterior,Infraspinatus,Pectoralis Major Sternal Head,Teres Major,Teres Minor",
2025-12-21T23:53:26.863Z,SBS Novice Hypertrophy 5x,Day 1,"Shoulder Press, Leverage Machine",1,5,2,0,,,0,58.75,lb,72.5,lb,0,2025-12-22T00:21:45.189Z,Deltoid Anterior,"Deltoid Lateral,Pectoralis Major Clavicular Head,Serratus Anterior,Trapezius Lower Fibers,Trapezius Middle Fibers,Triceps Brachii",
2025-12-21T23:53:26.863Z,SBS Novice Hypertrophy 5x,Day 1,"Shoulder Press, Leverage Machine",0,8,8,0,,,0,73.75,lb,72.5,lb,0,2025-12-22T00:38:29.288Z,Deltoid Anterior,"Deltoid Lateral,Pectoralis Major Clavicular Head,Serratus Anterior,Trapezius Lower Fibers,Trapezius Middle Fibers,Triceps Brachii",
2025-12-21T23:53:26.863Z,SBS Novice Hypertrophy 5x,Day 1,"Shoulder Press, Leverage Machine",0,8,8,0,,,0,73.75,lb,72.5,lb,0,2025-12-22T00:47:51.687Z,Deltoid Anterior,"Deltoid Lateral,Pectoralis Major Clavicular Head,Serratus Anterior,Trapezius Lower Fibers,Trapezius Middle Fibers,Triceps Brachii",
2025-12-21T23:53:26.863Z,SBS Novice Hypertrophy 5x,Day 1,"Shoulder Press, Leverage Machine",0,8,8,0,,,0,73.75,lb,72.5,lb,0,2025-12-22T00:53:58.895Z,Deltoid Anterior,"Deltoid Lateral,Pectoralis Major Clavicular Head,Serratus Anterior,Trapezius Lower Fibers,Trapezius Middle Fibers,Triceps Brachii",
2025-12-21T23:53:26.863Z,SBS Novice Hypertrophy 5x,Day 1,"Lat Pulldown, Leverage Machine",1,5,2,0,,,0,100,lb,125,lb,0,2025-12-22T00:42:10.312Z,Latissimus Dorsi,"Biceps Brachii,Brachialis,Brachioradialis,Deltoid Posterior,Infraspinatus,Levator Scapulae,Teres Major,Teres Minor,Trapezius Lower Fibers,Trapezius Middle Fibers",
2025-12-21T23:53:26.863Z,SBS Novice Hypertrophy 5x,Day 1,"Lat Pulldown, Leverage Machine",0,10,10,0,,,0,125,lb,125,lb,0,2025-12-22T00:55:23.062Z,Latissimus Dorsi,"Biceps Brachii,Brachialis,Brachioradialis,Deltoid Posterior,Infraspinatus,Levator Scapulae,Teres Major,Teres Minor,Trapezius Lower Fibers,Trapezius Middle Fibers",
2025-12-21T23:53:26.863Z,SBS Novice Hypertrophy 5x,Day 1,"Lat Pulldown, Leverage Machine",0,10,10,0,,,0,125,lb,125,lb,0,2025-12-22T00:59:02.154Z,Latissimus Dorsi,"Biceps Brachii,Brachialis,Brachioradialis,Deltoid Posterior,Infraspinatus,Levator Scapulae,Teres Major,Teres Minor,Trapezius Lower Fibers,Trapezius Middle Fibers",
2025-12-21T23:53:26.863Z,SBS Novice Hypertrophy 5x,Day 1,"Lat Pulldown, Leverage Machine",0,10,,0,,,0,125,lb,,,0,,Latissimus Dorsi,"Biceps Brachii,Brachialis,Brachioradialis,Deltoid Posterior,Infraspinatus,Levator Scapulae,Teres Major,Teres Minor,Trapezius Lower Fibers,Trapezius Middle Fibers",
2025-12-21T23:53:26.863Z,SBS Novice Hypertrophy 5x,Day 1,"Lat Pulldown, Leverage Machine",0,10,,0,,,0,125,lb,,,0,,Latissimus Dorsi,"Biceps Brachii,Brachialis,Brachioradialis,Deltoid Posterior,Infraspinatus,Levator Scapulae,Teres Major,Teres Minor,Trapezius Lower Fibers,Trapezius Middle Fibers",
2025-12-17T00:12:23.936Z,SBS Novice Hypertrophy 5x,Day 5,Concentration Curl,1,5,2,0,,,0,20,lb,25,lb,0,2025-12-17T00:13:02.285Z,Brachialis,"Biceps Brachii,Brachioradialis",
2025-12-17T00:12:23.936Z,SBS Novice Hypertrophy 5x,Day 5,Concentration Curl,0,10,10,0,,,0,25,lb,25,lb,0,2025-12-17T00:18:14.922Z,Brachialis,"Biceps Brachii,Brachioradialis",
2025-12-17T00:12:23.936Z,SBS Novice Hypertrophy 5x,Day 5,Concentration Curl,0,10,10,0,,,0,25,lb,25,lb,0,2025-12-17T00:25:05.774Z,Brachialis,"Biceps Brachii,Brachioradialis",
2025-12-17T00:12:23.936Z,SBS Novice Hypertrophy 5x,Day 5,Concentration Curl,0,10,8,0,,,0,25,lb,25,lb,0,2025-12-17T00:37:22.180Z,Brachialis,"Biceps Brachii,Brachioradialis",
2025-12-17T00:12:23.936Z,SBS Novice Hypertrophy 5x,Day 5,Skullcrusher,1,5,2,0,,,0,20,lb,20,lb,0,2025-12-17T00:14:50.407Z,Triceps Brachii,,
2025-12-17T00:12:23.936Z,SBS Novice Hypertrophy 5x,Day 5,Skullcrusher,0,8,10,0,,,0,20,lb,20,lb,0,2025-12-17T00:19:01.056Z,Triceps Brachii,,
2025-12-17T00:12:23.936Z,SBS Novice Hypertrophy 5x,Day 5,Skullcrusher,0,8,7,0,,,0,20,lb,40,lb,0,2025-12-17T00:26:03.016Z,Triceps Brachii,,
2025-12-17T00:12:23.936Z,SBS Novice Hypertrophy 5x,Day 5,Skullcrusher,0,8,10,0,,,0,20,lb,40,lb,0,2025-12-17T00:42:08.702Z,Triceps Brachii,,
2025-12-17T00:12:23.936Z,SBS Novice Hypertrophy 5x,Day 5,Lateral Raise,1,5,2,0,,,0,20,lb,25,lb,0,2025-12-17T00:15:17.675Z,Deltoid Lateral,"Deltoid Anterior,Serratus Anterior,Trapezius Lower Fibers,Trapezius Middle Fibers",
2025-12-17T00:12:23.936Z,SBS Novice Hypertrophy 5x,Day 5,Lateral Raise,0,10,8,0,,,0,25,lb,25,lb,0,2025-12-17T00:21:27.557Z,Deltoid Lateral,"Deltoid Anterior,Serratus Anterior,Trapezius Lower Fibers,Trapezius Middle Fibers",
2025-12-17T00:12:23.936Z,SBS Novice Hypertrophy 5x,Day 5,Lateral Raise,0,10,5,0,,,0,25,lb,25,lb,0,2025-12-17T00:29:35.182Z,Deltoid Lateral,"Deltoid Anterior,Serratus Anterior,Trapezius Lower Fibers,Trapezius Middle Fibers",
2025-12-17T00:12:23.936Z,SBS Novice Hypertrophy 5x,Day 5,Lateral Raise,0,10,5,0,,,0,25,lb,25,lb,0,2025-12-17T00:44:29.286Z,Deltoid Lateral,"Deltoid Anterior,Serratus Anterior,Trapezius Lower Fibers,Trapezius Middle Fibers",
2025-12-17T00:12:23.936Z,SBS Novice Hypertrophy 5x,Day 5,Lateral Raise,0,10,10,0,,,0,25,lb,25,lb,0,2025-12-17T00:47:55.259Z,Deltoid Lateral,"Deltoid Anterior,Serratus Anterior,Trapezius Lower Fibers,Trapezius Middle Fibers",
2025-12-17T00:12:23.936Z,SBS Novice Hypertrophy 5x,Day 5,"Shrug, Smith Machine",1,5,10,0,,,0,107.5,lb,25,lb,0,2025-12-17T00:49:53.972Z,Trapezius Upper Fibers,"Levator Scapulae,Trapezius Middle Fibers",
2025-12-17T00:12:23.936Z,SBS Novice Hypertrophy 5x,Day 5,"Shrug, Smith Machine",1,5,3,0,,,0,135,lb,115,lb,0,2025-12-17T00:50:59.183Z,Trapezius Upper Fibers,"Levator Scapulae,Trapezius Middle Fibers",
2025-12-17T00:12:23.936Z,SBS Novice Hypertrophy 5x,Day 5,"Shrug, Smith Machine",1,3,2,0,,,0,115,lb,135,lb,0,2025-12-17T00:52:24.931Z,Trapezius Upper Fibers,"Levator Scapulae,Trapezius Middle Fibers",
2025-12-17T00:12:23.936Z,SBS Novice Hypertrophy 5x,Day 5,"Shrug, Smith Machine",0,10,10,0,,,0,135,lb,135,lb,0,2025-12-17T00:53:21.847Z,Trapezius Upper Fibers,"Levator Scapulae,Trapezius Middle Fibers",
2025-12-17T00:12:23.936Z,SBS Novice Hypertrophy 5x,Day 5,"Shrug, Smith Machine",0,10,,0,,,0,135,lb,,,0,,Trapezius Upper Fibers,"Levator Scapulae,Trapezius Middle Fibers",
2025-12-17T00:12:23.936Z,SBS Novice Hypertrophy 5x,Day 5,"Shrug, Smith Machine",0,10,,0,,,0,135,lb,,,0,,Trapezius Upper Fibers,"Levator Scapulae,Trapezius Middle Fibers",
2025-12-17T00:12:23.936Z,SBS Novice Hypertrophy 5x,Day 5,"Shrug, Smith Machine",0,10,,0,,,0,135,lb,,,0,,Trapezius Upper Fibers,"Levator Scapulae,Trapezius Middle Fibers",
2025-12-17T00:12:23.936Z,SBS Novice Hypertrophy 5x,Day 5,Incline Chest Fly,1,5,2,0,,,0,15,lb,25,lb,0,2025-12-17T00:45:00.371Z,Pectoralis Major Clavicular Head,"Biceps Brachii,Deltoid Anterior,Pectoralis Major Sternal Head",
2025-12-17T00:12:23.936Z,SBS Novice Hypertrophy 5x,Day 5,Incline Chest Fly,0,8,8,0,,,0,20,lb,25,lb,0,2025-12-17T00:48:49.172Z,Pectoralis Major Clavicular Head,"Biceps Brachii,Deltoid Anterior,Pectoralis Major Sternal Head",
2025-12-17T00:12:23.936Z,SBS Novice Hypertrophy 5x,Day 5,Incline Chest Fly,0,8,6,0,,,0,20,lb,25,lb,0,2025-12-17T00:54:15.401Z,Pectoralis Major Clavicular Head,"Biceps Brachii,Deltoid Anterior,Pectoralis Major Sternal Head",
2025-12-17T00:12:23.936Z,SBS Novice Hypertrophy 5x,Day 5,Incline Chest Fly,0,8,,0,,,0,20,lb,,,0,,Pectoralis Major Clavicular Head,"Biceps Brachii,Deltoid Anterior,Pectoralis Major Sternal Head",
2025-12-17T00:12:23.936Z,SBS Novice Hypertrophy 5x,Day 5,Incline Chest Fly,0,8,,0,,,0,20,lb,,,0,,Pectoralis Major Clavicular Head,"Biceps Brachii,Deltoid Anterior,Pectoralis Major Sternal Head",
2025-12-17T00:12:23.936Z,SBS Novice Hypertrophy 5x,Day 5,Standing Row Rear Delt With Rope,1,5,,0,,,0,20,lb,,,0,,Deltoid Posterior,"Brachialis,Brachioradialis,Deltoid Lateral,Infraspinatus,Teres Minor,Trapezius Lower Fibers,Trapezius Middle Fibers",
2025-12-17T00:12:23.936Z,SBS Novice Hypertrophy 5x,Day 5,Standing Row Rear Delt With Rope,1,5,,0,,,0,32.5,lb,,,0,,Deltoid Posterior,"Brachialis,Brachioradialis,Deltoid Lateral,Infraspinatus,Teres Minor,Trapezius Lower Fibers,Trapezius Middle Fibers",
2025-12-17T00:12:23.936Z,SBS Novice Hypertrophy 5x,Day 5,Standing Row Rear Delt With Rope,0,10,,0,,,0,42.5,lb,,,0,,Deltoid Posterior,"Brachialis,Brachioradialis,Deltoid Lateral,Infraspinatus,Teres Minor,Trapezius Lower Fibers,Trapezius Middle Fibers",
2025-12-17T00:12:23.936Z,SBS Novice Hypertrophy 5x,Day 5,Standing Row Rear Delt With Rope,0,10,,0,,,0,42.5,lb,,,0,,Deltoid Posterior,"Brachialis,Brachioradialis,Deltoid Lateral,Infraspinatus,Teres Minor,Trapezius Lower Fibers,Trapezius Middle Fibers",
2025-12-17T00:12:23.936Z,SBS Novice Hypertrophy 5x,Day 5,Standing Row Rear Delt With Rope,0,10,,0,,,0,42.5,lb,,,0,,Deltoid Posterior,"Brachialis,Brachioradialis,Deltoid Lateral,Infraspinatus,Teres Minor,Trapezius Lower Fibers,Trapezius Middle Fibers",
2025-12-17T00:12:23.936Z,SBS Novice Hypertrophy 5x,Day 5,Standing Row Rear Delt With Rope,0,10,,0,,,0,42.5,lb,,,0,,Deltoid Posterior,"Brachialis,Brachioradialis,Deltoid Lateral,Infraspinatus,Teres Minor,Trapezius Lower Fibers,Trapezius Middle Fibers",
2025-12-14T23:47:22.201Z,SBS Novice Hypertrophy 5x,Day 3,Shoulder Press,1,5,2,0,,,0,30,lb,40,lb,0,2025-12-14T23:48:48.081Z,Deltoid Anterior,"Deltoid Lateral,Pectoralis Major Clavicular Head,Serratus Anterior,Trapezius Lower Fibers,Trapezius Middle Fibers,Triceps Brachii",
2025-12-14T23:47:22.201Z,SBS Novice Hypertrophy 5x,Day 3,Shoulder Press,0,8,8,0,,,0,37.5,lb,40,lb,0,2025-12-14T23:55:10.675Z,Deltoid Anterior,"Deltoid Lateral,Pectoralis Major Clavicular Head,Serratus Anterior,Trapezius Lower Fibers,Trapezius Middle Fibers,Triceps Brachii",
2025-12-14T23:47:22.201Z,SBS Novice Hypertrophy 5x,Day 3,Shoulder Press,0,8,8,0,,,0,37.5,lb,40,lb,0,2025-12-15T00:00:17.983Z,Deltoid Anterior,"Deltoid Lateral,Pectoralis Major Clavicular Head,Serratus Anterior,Trapezius Lower Fibers,Trapezius Middle Fibers,Triceps Brachii",
2025-12-14T23:47:22.201Z,SBS Novice Hypertrophy 5x,Day 3,Shoulder Press,0,8,8,0,,,0,37.5,lb,40,lb,0,2025-12-15T00:08:27.796Z,Deltoid Anterior,"Deltoid Lateral,Pectoralis Major Clavicular Head,Serratus Anterior,Trapezius Lower Fibers,Trapezius Middle Fibers,Triceps Brachii",
2025-12-14T23:47:22.201Z,SBS Novice Hypertrophy 5x,Day 3,Pull Up,0,8,3,0,,,0,0,lb,0,lb,0,2025-12-14T23:49:46.210Z,Latissimus Dorsi,"Biceps Brachii,Brachialis,Brachioradialis,Deltoid Posterior,Infraspinatus,Levator Scapulae,Teres Major,Teres Minor,Trapezius Lower Fibers,Trapezius Middle Fibers",
2025-12-14T23:47:22.201Z,SBS Novice Hypertrophy 5x,Day 3,Pull Up,0,8,2,0,,,0,0,lb,0,lb,0,2025-12-14T23:55:32.961Z,Latissimus Dorsi,"Biceps Brachii,Brachialis,Brachioradialis,Deltoid Posterior,Infraspinatus,Levator Scapulae,Teres Major,Teres Minor,Trapezius Lower Fibers,Trapezius Middle Fibers",
2025-12-14T23:47:22.201Z,SBS Novice Hypertrophy 5x,Day 3,Pull Up,0,8,3,0,,,0,0,lb,0,lb,0,2025-12-15T00:02:34.798Z,Latissimus Dorsi,"Biceps Brachii,Brachialis,Brachioradialis,Deltoid Posterior,Infraspinatus,Levator Scapulae,Teres Major,Teres Minor,Trapezius Lower Fibers,Trapezius Middle Fibers",
2025-12-14T23:47:22.201Z,SBS Novice Hypertrophy 5x,Day 3,"Incline Bench Press, Dumbbell",1,,2,0,,,0,,,45,lb,0,2025-12-15T00:12:04.274Z,Pectoralis Major Clavicular Head,"Deltoid Anterior,Pectoralis Major Sternal Head,Triceps Brachii",
2025-12-14T23:47:22.201Z,SBS Novice Hypertrophy 5x,Day 3,"Incline Bench Press, Dumbbell",0,8,8,0,,,0,42.5,lb,45,lb,0,2025-12-15T00:17:27.162Z,Pectoralis Major Clavicular Head,"Deltoid Anterior,Pectoralis Major Sternal Head,Triceps Brachii",
2025-12-14T23:47:22.201Z,SBS Novice Hypertrophy 5x,Day 3,"Incline Bench Press, Dumbbell",0,8,10,0,,,0,42.5,lb,45,lb,0,2025-12-15T00:24:13.960Z,Pectoralis Major Clavicular Head,"Deltoid Anterior,Pectoralis Major Sternal Head,Triceps Brachii",
2025-12-14T23:47:22.201Z,SBS Novice Hypertrophy 5x,Day 3,"Incline Bench Press, Dumbbell",0,8,8,0,,,0,42.5,lb,45,lb,0,2025-12-15T00:27:57.453Z,Pectoralis Major Clavicular Head,"Deltoid Anterior,Pectoralis Major Sternal Head,Triceps Brachii",
2025-12-14T23:47:22.201Z,SBS Novice Hypertrophy 5x,Day 3,"Seated Row, Leverage Machine",1,5,2,0,,,0,55,lb,140,lb,0,2025-12-15T00:12:48.197Z,"Latissimus Dorsi,Trapezius Lower Fibers,Trapezius Middle Fibers","Brachialis,Brachioradialis,Deltoid Posterior,Erector Spinae,Infraspinatus,Pectoralis Major Sternal Head,Teres Major,Teres Minor",
2025-12-14T23:47:22.201Z,SBS Novice Hypertrophy 5x,Day 3,"Seated Row, Leverage Machine",0,10,10,0,,,0,70,lb,140,lb,0,2025-12-15T00:18:06.441Z,"Latissimus Dorsi,Trapezius Lower Fibers,Trapezius Middle Fibers","Brachialis,Brachioradialis,Deltoid Posterior,Erector Spinae,Infraspinatus,Pectoralis Major Sternal Head,Teres Major,Teres Minor",
2025-12-14T23:47:22.201Z,SBS Novice Hypertrophy 5x,Day 3,"Seated Row, Leverage Machine",0,10,7,0,,,0,70,lb,140,lb,0,2025-12-15T00:24:53.343Z,"Latissimus Dorsi,Trapezius Lower Fibers,Trapezius Middle Fibers","Brachialis,Brachioradialis,Deltoid Posterior,Erector Spinae,Infraspinatus,Pectoralis Major Sternal Head,Teres Major,Teres Minor",
2025-12-14T23:47:22.201Z,SBS Novice Hypertrophy 5x,Day 3,"Seated Row, Leverage Machine",0,10,7,0,,,0,70,lb,140,lb,0,2025-12-15T00:28:32.395Z,"Latissimus Dorsi,Trapezius Lower Fibers,Trapezius Middle Fibers","Brachialis,Brachioradialis,Deltoid Posterior,Erector Spinae,Infraspinatus,Pectoralis Major Sternal Head,Teres Major,Teres Minor",
2025-12-14T00:09:01.412Z,SBS Novice Hypertrophy 5x,Day 4,"Romanian Deadlift, Barbell",1,5,10,0,,,0,45,lb,45,lb,0,2025-12-14T00:10:53.948Z,Gluteus Maximus,"Adductor Magnus,Erector Spinae,Hamstrings",
2025-12-14T00:09:01.412Z,SBS Novice Hypertrophy 5x,Day 4,"Romanian Deadlift, Barbell",1,5,2,0,,,0,47.5,lb,115,lb,0,2025-12-14T00:12:19.462Z,Gluteus Maximus,"Adductor Magnus,Erector Spinae,Hamstrings",
2025-12-14T00:09:01.412Z,SBS Novice Hypertrophy 5x,Day 4,"Romanian Deadlift, Barbell",0,8,8,0,,,0,60,lb,120,lb,0,2025-12-14T00:15:51.217Z,Gluteus Maximus,"Adductor Magnus,Erector Spinae,Hamstrings",
2025-12-14T00:09:01.412Z,SBS Novice Hypertrophy 5x,Day 4,"Romanian Deadlift, Barbell",0,8,8,0,,,0,60,lb,120,lb,0,2025-12-14T00:20:59.141Z,Gluteus Maximus,"Adductor Magnus,Erector Spinae,Hamstrings",
2025-12-14T00:09:01.412Z,SBS Novice Hypertrophy 5x,Day 4,"Romanian Deadlift, Barbell",0,8,8,0,,,0,60,lb,120,lb,0,2025-12-14T00:26:41.495Z,Gluteus Maximus,"Adductor Magnus,Erector Spinae,Hamstrings",
2025-12-14T00:09:01.412Z,SBS Novice Hypertrophy 5x,Day 4,Leg Press,1,5,2,0,,,0,63.75,lb,165,lb,0,2025-12-14T00:13:40.323Z,Quadriceps,"Adductor Magnus,Gluteus Maximus,Soleus",
2025-12-14T00:09:01.412Z,SBS Novice Hypertrophy 5x,Day 4,Leg Press,0,8,8,0,,,0,80,lb,165,lb,0,2025-12-14T00:17:23.250Z,Quadriceps,"Adductor Magnus,Gluteus Maximus,Soleus",
2025-12-14T00:09:01.412Z,SBS Novice Hypertrophy 5x,Day 4,Leg Press,0,8,8,0,,,0,80,lb,165,lb,0,2025-12-14T00:22:51.782Z,Quadriceps,"Adductor Magnus,Gluteus Maximus,Soleus",
2025-12-14T00:09:01.412Z,SBS Novice Hypertrophy 5x,Day 4,Leg Press,0,8,8,0,,,0,80,lb,165,lb,0,2025-12-14T00:31:34.112Z,Quadriceps,"Adductor Magnus,Gluteus Maximus,Soleus",
2025-12-14T00:09:01.412Z,SBS Novice Hypertrophy 5x,Day 4,Leg Press,0,8,8,0,,,0,80,lb,165,lb,0,2025-12-14T00:37:33.403Z,Quadriceps,"Adductor Magnus,Gluteus Maximus,Soleus",
2025-12-14T00:09:01.412Z,SBS Novice Hypertrophy 5x,Day 4,Seated Leg Curl,1,5,2,0,,,0,33.75,lb,85,lb,0,2025-12-14T00:32:24.465Z,Hamstrings,"Gastrocnemius,Sartorius",
2025-12-14T00:09:01.412Z,SBS Novice Hypertrophy 5x,Day 4,Seated Leg Curl,0,8,8,0,,,0,42.5,lb,85,lb,0,2025-12-14T00:38:28.647Z,Hamstrings,"Gastrocnemius,Sartorius",
2025-12-14T00:09:01.412Z,SBS Novice Hypertrophy 5x,Day 4,Seated Leg Curl,0,8,8,0,,,0,42.5,lb,85,lb,0,2025-12-14T00:44:39.053Z,Hamstrings,"Gastrocnemius,Sartorius",
2025-12-14T00:09:01.412Z,SBS Novice Hypertrophy 5x,Day 4,Seated Leg Curl,0,8,8,0,,,0,42.5,lb,85,lb,0,2025-12-14T00:48:51.043Z,Hamstrings,"Gastrocnemius,Sartorius",
2025-12-14T00:09:01.412Z,SBS Novice Hypertrophy 5x,Day 4,Calf Press on Leg Press,1,5,2,0,,,0,283.75,lb,355,lb,0,2025-12-14T00:33:08.611Z,Gastrocnemius,Soleus,
2025-12-14T00:09:01.412Z,SBS Novice Hypertrophy 5x,Day 4,Calf Press on Leg Press,0,10,10,0,,,0,355,lb,355,lb,0,2025-12-14T00:39:13.776Z,Gastrocnemius,Soleus,
2025-12-14T00:09:01.412Z,SBS Novice Hypertrophy 5x,Day 4,Calf Press on Leg Press,0,10,10,0,,,0,355,lb,355,lb,0,2025-12-14T00:46:04.048Z,Gastrocnemius,Soleus,
2025-12-14T00:09:01.412Z,SBS Novice Hypertrophy 5x,Day 4,Calf Press on Leg Press,0,10,10,0,,,0,355,lb,355,lb,0,2025-12-14T00:49:23.424Z,Gastrocnemius,Soleus,
2025-12-14T00:09:01.412Z,SBS Novice Hypertrophy 5x,Day 4,Calf Press on Leg Press,0,10,10,0,,,0,355,lb,355,lb,0,2025-12-14T00:52:42.508Z,Gastrocnemius,Soleus,
2025-12-12T00:22:40.642Z,SBS Novice Hypertrophy 5x,Day 1,"Bench Press, Dumbbell",1,5,2,0,,,0,40,lb,50,lb,0,2025-12-12T00:25:24.290Z,Pectoralis Major Sternal Head,"Deltoid Anterior,Pectoralis Major Clavicular Head,Triceps Brachii",
2025-12-12T00:22:40.642Z,SBS Novice Hypertrophy 5x,Day 1,"Bench Press, Dumbbell",0,10,10,0,,,0,50,lb,50,lb,0,2025-12-12T00:29:02.089Z,Pectoralis Major Sternal Head,"Deltoid Anterior,Pectoralis Major Clavicular Head,Triceps Brachii",
2025-12-12T00:22:40.642Z,SBS Novice Hypertrophy 5x,Day 1,"Bench Press, Dumbbell",0,10,10,0,,,0,50,lb,50,lb,0,2025-12-12T00:34:23.136Z,Pectoralis Major Sternal Head,"Deltoid Anterior,Pectoralis Major Clavicular Head,Triceps Brachii",
2025-12-12T00:22:40.642Z,SBS Novice Hypertrophy 5x,Day 1,"Bench Press, Dumbbell",0,10,10,0,,,0,50,lb,50,lb,0,2025-12-12T00:40:14.527Z,Pectoralis Major Sternal Head,"Deltoid Anterior,Pectoralis Major Clavicular Head,Triceps Brachii",
2025-12-12T00:22:40.642Z,SBS Novice Hypertrophy 5x,Day 1,"Bench Press, Dumbbell",0,10,10,0,,,0,50,lb,50,lb,0,2025-12-12T00:44:51.118Z,Pectoralis Major Sternal Head,"Deltoid Anterior,Pectoralis Major Clavicular Head,Triceps Brachii",
2025-12-12T00:22:40.642Z,SBS Novice Hypertrophy 5x,Day 1,Bent Over Row,1,5,10,0,,,0,90,lb,45,lb,0,2025-12-12T00:26:45.632Z,"Latissimus Dorsi,Trapezius Lower Fibers,Trapezius Middle Fibers","Brachialis,Brachioradialis,Deltoid Posterior,Infraspinatus,Pectoralis Major Sternal Head,Teres Major,Teres Minor",
2025-12-12T00:22:40.642Z,SBS Novice Hypertrophy 5x,Day 1,Bent Over Row,1,5,2,0,,,0,90,lb,115,lb,0,2025-12-12T00:27:12.204Z,"Latissimus Dorsi,Trapezius Lower Fibers,Trapezius Middle Fibers","Brachialis,Brachioradialis,Deltoid Posterior,Infraspinatus,Pectoralis Major Sternal Head,Teres Major,Teres Minor",
2025-12-12T00:22:40.642Z,SBS Novice Hypertrophy 5x,Day 1,Bent Over Row,0,10,7,0,,,0,115,lb,115,lb,0,2025-12-12T00:29:33.561Z,"Latissimus Dorsi,Trapezius Lower Fibers,Trapezius Middle Fibers","Brachialis,Brachioradialis,Deltoid Posterior,Infraspinatus,Pectoralis Major Sternal Head,Teres Major,Teres Minor",
2025-12-12T00:22:40.642Z,SBS Novice Hypertrophy 5x,Day 1,Bent Over Row,0,10,5,0,,,0,115,lb,115,lb,0,2025-12-12T00:35:33.176Z,"Latissimus Dorsi,Trapezius Lower Fibers,Trapezius Middle Fibers","Brachialis,Brachioradialis,Deltoid Posterior,Infraspinatus,Pectoralis Major Sternal Head,Teres Major,Teres Minor",
2025-12-12T00:22:40.642Z,SBS Novice Hypertrophy 5x,Day 1,Bent Over Row,0,10,6,0,,,0,115,lb,115,lb,0,2025-12-12T00:40:17.866Z,"Latissimus Dorsi,Trapezius Lower Fibers,Trapezius Middle Fibers","Brachialis,Brachioradialis,Deltoid Posterior,Infraspinatus,Pectoralis Major Sternal Head,Teres Major,Teres Minor",
2025-12-12T00:22:40.642Z,SBS Novice Hypertrophy 5x,Day 1,"Shoulder Press, Leverage Machine",1,5,2,0,,,0,53.75,lb,67.5,lb,0,2025-12-12T00:46:51.591Z,Deltoid Anterior,"Deltoid Lateral,Pectoralis Major Clavicular Head,Serratus Anterior,Trapezius Lower Fibers,Trapezius Middle Fibers,Triceps Brachii",
2025-12-12T00:22:40.642Z,SBS Novice Hypertrophy 5x,Day 1,"Shoulder Press, Leverage Machine",0,10,10,0,,,0,67.5,lb,67.5,lb,0,2025-12-12T00:50:33.141Z,Deltoid Anterior,"Deltoid Lateral,Pectoralis Major Clavicular Head,Serratus Anterior,Trapezius Lower Fibers,Trapezius Middle Fibers,Triceps Brachii",
2025-12-12T00:22:40.642Z,SBS Novice Hypertrophy 5x,Day 1,"Shoulder Press, Leverage Machine",0,10,10,0,,,0,67.5,lb,67.5,lb,0,2025-12-12T00:54:59.401Z,Deltoid Anterior,"Deltoid Lateral,Pectoralis Major Clavicular Head,Serratus Anterior,Trapezius Lower Fibers,Trapezius Middle Fibers,Triceps Brachii",
2025-12-12T00:22:40.642Z,SBS Novice Hypertrophy 5x,Day 1,"Shoulder Press, Leverage Machine",0,10,10,0,,,0,67.5,lb,67.5,lb,0,2025-12-12T00:59:31.929Z,Deltoid Anterior,"Deltoid Lateral,Pectoralis Major Clavicular Head,Serratus Anterior,Trapezius Lower Fibers,Trapezius Middle Fibers,Triceps Brachii",
2025-12-12T00:22:40.642Z,SBS Novice Hypertrophy 5x,Day 1,"Shoulder Press, Leverage Machine",0,10,10,0,,,0,67.5,lb,67.5,lb,0,2025-12-12T01:03:44.115Z,Deltoid Anterior,"Deltoid Lateral,Pectoralis Major Clavicular Head,Serratus Anterior,Trapezius Lower Fibers,Trapezius Middle Fibers,Triceps Brachii",
2025-12-12T00:22:40.642Z,SBS Novice Hypertrophy 5x,Day 1,"Lat Pulldown, Leverage Machine",1,5,2,0,,,0,100,lb,125,lb,0,2025-12-12T00:47:53.262Z,Latissimus Dorsi,"Biceps Brachii,Brachialis,Brachioradialis,Deltoid Posterior,Infraspinatus,Levator Scapulae,Teres Major,Teres Minor,Trapezius Lower Fibers,Trapezius Middle Fibers",
2025-12-12T00:22:40.642Z,SBS Novice Hypertrophy 5x,Day 1,"Lat Pulldown, Leverage Machine",0,10,10,0,,,0,125,lb,125,lb,0,2025-12-12T00:51:22.061Z,Latissimus Dorsi,"Biceps Brachii,Brachialis,Brachioradialis,Deltoid Posterior,Infraspinatus,Levator Scapulae,Teres Major,Teres Minor,Trapezius Lower Fibers,Trapezius Middle Fibers",
2025-12-12T00:22:40.642Z,SBS Novice Hypertrophy 5x,Day 1,"Lat Pulldown, Leverage Machine",0,10,10,0,,,0,125,lb,125,lb,0,2025-12-12T00:55:35.287Z,Latissimus Dorsi,"Biceps Brachii,Brachialis,Brachioradialis,Deltoid Posterior,Infraspinatus,Levator Scapulae,Teres Major,Teres Minor,Trapezius Lower Fibers,Trapezius Middle Fibers",
2025-12-12T00:22:40.642Z,SBS Novice Hypertrophy 5x,Day 1,"Lat Pulldown, Leverage Machine",0,10,10,0,,,0,125,lb,125,lb,0,2025-12-12T01:00:24.389Z,Latissimus Dorsi,"Biceps Brachii,Brachialis,Brachioradialis,Deltoid Posterior,Infraspinatus,Levator Scapulae,Teres Major,Teres Minor,Trapezius Lower Fibers,Trapezius Middle Fibers",
2025-12-10T00:27:53.508Z,SBS Novice Hypertrophy 5x,Day 5,Concentration Curl,1,5,2,0,,,0,20,lb,25,lb,0,2025-12-10T00:28:41.306Z,Brachialis,"Biceps Brachii,Brachioradialis",
2025-12-10T00:27:53.508Z,SBS Novice Hypertrophy 5x,Day 5,Concentration Curl,0,10,10,0,,,0,25,lb,25,lb,0,2025-12-10T00:31:40.167Z,Brachialis,"Biceps Brachii,Brachioradialis",
2025-12-10T00:27:53.508Z,SBS Novice Hypertrophy 5x,Day 5,Concentration Curl,0,10,6,0,,,0,25,lb,25,lb,0,2025-12-10T00:35:21.262Z,Brachialis,"Biceps Brachii,Brachioradialis",
2025-12-10T00:27:53.508Z,SBS Novice Hypertrophy 5x,Day 5,Concentration Curl,0,10,7,0,,,0,25,lb,25,lb,0,2025-12-10T00:41:14.091Z,Brachialis,"Biceps Brachii,Brachioradialis",
2025-12-10T00:27:53.508Z,SBS Novice Hypertrophy 5x,Day 5,Skullcrusher,1,5,10,0,,,0,20,lb,0,lb,0,2025-12-10T00:29:45.885Z,Triceps Brachii,,
2025-12-10T00:27:53.508Z,SBS Novice Hypertrophy 5x,Day 5,Skullcrusher,0,10,10,0,,,0,20,lb,20,lb,0,2025-12-10T00:32:22.601Z,Triceps Brachii,,
2025-12-10T00:27:53.508Z,SBS Novice Hypertrophy 5x,Day 5,Skullcrusher,0,10,10,0,,,0,20,lb,20,lb,0,2025-12-10T00:36:09.264Z,Triceps Brachii,,
2025-12-10T00:27:53.508Z,SBS Novice Hypertrophy 5x,Day 5,Skullcrusher,0,10,10,0,,,0,20,lb,20,lb,0,2025-12-10T00:41:48.782Z,Triceps Brachii,,
2025-12-10T00:27:53.508Z,SBS Novice Hypertrophy 5x,Day 5,Skullcrusher,0,10,10,0,,,0,20,lb,20,lb,0,2025-12-10T00:46:05.711Z,Triceps Brachii,,
2025-12-10T00:27:53.508Z,SBS Novice Hypertrophy 5x,Day 5,Lateral Raise,1,5,2,0,,,0,20,lb,25,lb,0,2025-12-10T00:32:52.936Z,Deltoid Lateral,"Deltoid Anterior,Serratus Anterior,Trapezius Lower Fibers,Trapezius Middle Fibers",
2025-12-10T00:27:53.508Z,SBS Novice Hypertrophy 5x,Day 5,Lateral Raise,0,10,7,0,,,0,25,lb,25,lb,0,2025-12-10T00:36:40.465Z,Deltoid Lateral,"Deltoid Anterior,Serratus Anterior,Trapezius Lower Fibers,Trapezius Middle Fibers",
2025-12-10T00:27:53.508Z,SBS Novice Hypertrophy 5x,Day 5,Lateral Raise,0,10,7,0,,,0,25,lb,25,lb,0,2025-12-10T00:42:25.111Z,Deltoid Lateral,"Deltoid Anterior,Serratus Anterior,Trapezius Lower Fibers,Trapezius Middle Fibers",
2025-12-10T00:27:53.508Z,SBS Novice Hypertrophy 5x,Day 5,Lateral Raise,0,10,7,0,,,0,25,lb,25,lb,0,2025-12-10T00:46:33.893Z,Deltoid Lateral,"Deltoid Anterior,Serratus Anterior,Trapezius Lower Fibers,Trapezius Middle Fibers",
2025-12-10T00:27:53.508Z,SBS Novice Hypertrophy 5x,Day 5,Lateral Raise,0,10,3,0,,,0,25,lb,25,lb,0,2025-12-10T00:50:07.561Z,Deltoid Lateral,"Deltoid Anterior,Serratus Anterior,Trapezius Lower Fibers,Trapezius Middle Fibers",
2025-12-10T00:27:53.508Z,SBS Novice Hypertrophy 5x,Day 5,"Shrug, Smith Machine",1,5,10,0,,,0,107.5,lb,25,lb,0,2025-12-10T00:51:43.404Z,Trapezius Upper Fibers,"Levator Scapulae,Trapezius Middle Fibers",
2025-12-10T00:27:53.508Z,SBS Novice Hypertrophy 5x,Day 5,"Shrug, Smith Machine",1,5,2,0,,,0,135,lb,135,lb,0,2025-12-10T00:54:12.477Z,Trapezius Upper Fibers,"Levator Scapulae,Trapezius Middle Fibers",
2025-12-10T00:27:53.508Z,SBS Novice Hypertrophy 5x,Day 5,"Shrug, Smith Machine",0,8,8,0,,,0,135,lb,135,lb,0,2025-12-10T00:55:54.357Z,Trapezius Upper Fibers,"Levator Scapulae,Trapezius Middle Fibers",
2025-12-10T00:27:53.508Z,SBS Novice Hypertrophy 5x,Day 5,"Shrug, Smith Machine",0,8,8,0,,,0,135,lb,135,lb,0,2025-12-10T00:59:43.061Z,Trapezius Upper Fibers,"Levator Scapulae,Trapezius Middle Fibers",
2025-12-10T00:27:53.508Z,SBS Novice Hypertrophy 5x,Day 5,"Shrug, Smith Machine",0,8,8,0,,,0,135,lb,135,lb,0,2025-12-10T01:04:20.697Z,Trapezius Upper Fibers,"Levator Scapulae,Trapezius Middle Fibers",
2025-12-10T00:27:53.508Z,SBS Novice Hypertrophy 5x,Day 5,"Shrug, Smith Machine",0,8,8,0,,,0,135,lb,135,lb,0,2025-12-10T01:11:23.668Z,Trapezius Upper Fibers,"Levator Scapulae,Trapezius Middle Fibers",
2025-12-10T00:27:53.508Z,SBS Novice Hypertrophy 5x,Day 5,Incline Chest Fly,1,5,2,0,,,0,15,lb,25,lb,0,2025-12-10T00:48:29.009Z,Pectoralis Major Clavicular Head,"Biceps Brachii,Deltoid Anterior,Pectoralis Major Sternal Head",
2025-12-10T00:27:53.508Z,SBS Novice Hypertrophy 5x,Day 5,Incline Chest Fly,0,8,5,0,,,0,20,lb,25,lb,0,2025-12-10T00:50:53.094Z,Pectoralis Major Clavicular Head,"Biceps Brachii,Deltoid Anterior,Pectoralis Major Sternal Head",
2025-12-10T00:27:53.508Z,SBS Novice Hypertrophy 5x,Day 5,Incline Chest Fly,0,8,8,0,,,0,20,lb,25,lb,0,2025-12-10T01:01:08.998Z,Pectoralis Major Clavicular Head,"Biceps Brachii,Deltoid Anterior,Pectoralis Major Sternal Head",
2025-12-10T00:27:53.508Z,SBS Novice Hypertrophy 5x,Day 5,Incline Chest Fly,0,8,8,0,,,0,20,lb,25,lb,0,2025-12-10T01:06:29.409Z,Pectoralis Major Clavicular Head,"Biceps Brachii,Deltoid Anterior,Pectoralis Major Sternal Head",
2025-12-10T00:27:53.508Z,SBS Novice Hypertrophy 5x,Day 5,Incline Chest Fly,0,8,8,0,,,0,20,lb,25,lb,0,2025-12-10T01:14:28.583Z,Pectoralis Major Clavicular Head,"Biceps Brachii,Deltoid Anterior,Pectoralis Major Sternal Head",
2025-12-10T00:27:53.508Z,SBS Novice Hypertrophy 5x,Day 5,Standing Row Rear Delt With Rope,1,5,2,0,,,0,32.5,lb,42.5,lb,0,2025-12-10T01:15:58.487Z,Deltoid Posterior,"Brachialis,Brachioradialis,Deltoid Lateral,Infraspinatus,Teres Minor,Trapezius Lower Fibers,Trapezius Middle Fibers",
2025-12-10T00:27:53.508Z,SBS Novice Hypertrophy 5x,Day 5,Standing Row Rear Delt With Rope,0,10,10,0,,,0,42.5,lb,42.5,lb,0,2025-12-10T01:19:45.375Z,Deltoid Posterior,"Brachialis,Brachioradialis,Deltoid Lateral,Infraspinatus,Teres Minor,Trapezius Lower Fibers,Trapezius Middle Fibers",
2025-12-10T00:27:53.508Z,SBS Novice Hypertrophy 5x,Day 5,Standing Row Rear Delt With Rope,0,10,10,0,,,0,42.5,lb,42.5,lb,0,2025-12-10T01:23:01.526Z,Deltoid Posterior,"Brachialis,Brachioradialis,Deltoid Lateral,Infraspinatus,Teres Minor,Trapezius Lower Fibers,Trapezius Middle Fibers",
2025-12-10T00:27:53.508Z,SBS Novice Hypertrophy 5x,Day 5,Standing Row Rear Delt With Rope,0,10,,0,,,0,42.5,lb,,,0,,Deltoid Posterior,"Brachialis,Brachioradialis,Deltoid Lateral,Infraspinatus,Teres Minor,Trapezius Lower Fibers,Trapezius Middle Fibers",
2025-12-10T00:27:53.508Z,SBS Novice Hypertrophy 5x,Day 5,Standing Row Rear Delt With Rope,0,10,,0,,,0,42.5,lb,,,0,,Deltoid Posterior,"Brachialis,Brachioradialis,Deltoid Lateral,Infraspinatus,Teres Minor,Trapezius Lower Fibers,Trapezius Middle Fibers",
2025-12-06T00:20:45.413Z,SBS Novice Hypertrophy 5x,Day 3,Shoulder Press,1,5,2,0,,,0,27.5,lb,35,lb,0,2025-12-06T00:22:46.852Z,Deltoid Anterior,"Deltoid Lateral,Pectoralis Major Clavicular Head,Serratus Anterior,Trapezius Lower Fibers,Trapezius Middle Fibers,Triceps Brachii",
2025-12-06T00:20:45.413Z,SBS Novice Hypertrophy 5x,Day 3,Shoulder Press,0,10,10,0,,,0,35,lb,35,lb,0,2025-12-06T00:25:21.896Z,Deltoid Anterior,"Deltoid Lateral,Pectoralis Major Clavicular Head,Serratus Anterior,Trapezius Lower Fibers,Trapezius Middle Fibers,Triceps Brachii",
2025-12-06T00:20:45.413Z,SBS Novice Hypertrophy 5x,Day 3,Shoulder Press,0,10,10,0,,,0,35,lb,35,lb,0,2025-12-06T00:31:58.917Z,Deltoid Anterior,"Deltoid Lateral,Pectoralis Major Clavicular Head,Serratus Anterior,Trapezius Lower Fibers,Trapezius Middle Fibers,Triceps Brachii",
2025-12-06T00:20:45.413Z,SBS Novice Hypertrophy 5x,Day 3,Shoulder Press,0,10,10,0,,,0,35,lb,35,lb,0,2025-12-06T00:35:33.371Z,Deltoid Anterior,"Deltoid Lateral,Pectoralis Major Clavicular Head,Serratus Anterior,Trapezius Lower Fibers,Trapezius Middle Fibers,Triceps Brachii",
2025-12-06T00:20:45.413Z,SBS Novice Hypertrophy 5x,Day 3,Shoulder Press,0,10,10,0,,,0,35,lb,35,lb,0,2025-12-06T00:46:32.068Z,Deltoid Anterior,"Deltoid Lateral,Pectoralis Major Clavicular Head,Serratus Anterior,Trapezius Lower Fibers,Trapezius Middle Fibers,Triceps Brachii",
2025-12-06T00:20:45.413Z,SBS Novice Hypertrophy 5x,Day 3,Pull Up,1,,1,0,,,0,,,0,lb,0,2025-12-06T00:47:14.834Z,Latissimus Dorsi,"Biceps Brachii,Brachialis,Brachioradialis,Deltoid Posterior,Infraspinatus,Levator Scapulae,Teres Major,Teres Minor,Trapezius Lower Fibers,Trapezius Middle Fibers",
2025-12-06T00:20:45.413Z,SBS Novice Hypertrophy 5x,Day 3,Pull Up,0,8,1,0,,,0,0,lb,0,lb,0,2025-12-06T00:48:45.970Z,Latissimus Dorsi,"Biceps Brachii,Brachialis,Brachioradialis,Deltoid Posterior,Infraspinatus,Levator Scapulae,Teres Major,Teres Minor,Trapezius Lower Fibers,Trapezius Middle Fibers",
2025-12-06T00:20:45.413Z,SBS Novice Hypertrophy 5x,Day 3,Pull Up,0,8,2,0,,,0,0,lb,0,lb,0,2025-12-06T00:51:34.503Z,Latissimus Dorsi,"Biceps Brachii,Brachialis,Brachioradialis,Deltoid Posterior,Infraspinatus,Levator Scapulae,Teres Major,Teres Minor,Trapezius Lower Fibers,Trapezius Middle Fibers",
2025-12-06T00:20:45.413Z,SBS Novice Hypertrophy 5x,Day 3,Pull Up,0,8,1,0,,,0,0,lb,0,lb,0,2025-12-06T00:54:58.406Z,Latissimus Dorsi,"Biceps Brachii,Brachialis,Brachioradialis,Deltoid Posterior,Infraspinatus,Levator Scapulae,Teres Major,Teres Minor,Trapezius Lower Fibers,Trapezius Middle Fibers",
2025-12-06T00:20:45.413Z,SBS Novice Hypertrophy 5x,Day 3,"Incline Bench Press, Dumbbell",1,,2,0,,,0,,,40,lb,0,2025-12-06T00:56:08.607Z,Pectoralis Major Clavicular Head,"Deltoid Anterior,Pectoralis Major Sternal Head,Triceps Brachii",
2025-12-06T00:20:45.413Z,SBS Novice Hypertrophy 5x,Day 3,"Incline Bench Press, Dumbbell",0,10,10,0,,,0,40,lb,40,lb,0,2025-12-06T00:59:26.653Z,Pectoralis Major Clavicular Head,"Deltoid Anterior,Pectoralis Major Sternal Head,Triceps Brachii",
2025-12-06T00:20:45.413Z,SBS Novice Hypertrophy 5x,Day 3,"Incline Bench Press, Dumbbell",0,10,10,0,,,0,40,lb,40,lb,0,2025-12-06T01:05:28.601Z,Pectoralis Major Clavicular Head,"Deltoid Anterior,Pectoralis Major Sternal Head,Triceps Brachii",
2025-12-06T00:20:45.413Z,SBS Novice Hypertrophy 5x,Day 3,"Incline Bench Press, Dumbbell",0,10,10,0,,,0,40,lb,40,lb,0,2025-12-06T01:12:10.307Z,Pectoralis Major Clavicular Head,"Deltoid Anterior,Pectoralis Major Sternal Head,Triceps Brachii",
2025-12-06T00:20:45.413Z,SBS Novice Hypertrophy 5x,Day 3,"Incline Bench Press, Dumbbell",0,10,10,0,,,0,40,lb,40,lb,0,2025-12-06T01:15:42.198Z,Pectoralis Major Clavicular Head,"Deltoid Anterior,Pectoralis Major Sternal Head,Triceps Brachii",
2025-12-06T00:20:45.413Z,SBS Novice Hypertrophy 5x,Day 3,"Seated Row, Leverage Machine",1,5,2,0,,,0,55,lb,140,lb,0,2025-12-06T01:16:57.609Z,"Latissimus Dorsi,Trapezius Lower Fibers,Trapezius Middle Fibers","Brachialis,Brachioradialis,Deltoid Posterior,Erector Spinae,Infraspinatus,Pectoralis Major Sternal Head,Teres Major,Teres Minor",
2025-12-06T00:20:45.413Z,SBS Novice Hypertrophy 5x,Day 3,"Seated Row, Leverage Machine",0,10,6,0,,,0,70,lb,140,lb,0,2025-12-06T01:20:13.751Z,"Latissimus Dorsi,Trapezius Lower Fibers,Trapezius Middle Fibers","Brachialis,Brachioradialis,Deltoid Posterior,Erector Spinae,Infraspinatus,Pectoralis Major Sternal Head,Teres Major,Teres Minor",
2025-12-06T00:20:45.413Z,SBS Novice Hypertrophy 5x,Day 3,"Seated Row, Leverage Machine",0,10,3,0,,,0,70,lb,140,lb,0,2025-12-06T01:22:50.757Z,"Latissimus Dorsi,Trapezius Lower Fibers,Trapezius Middle Fibers","Brachialis,Brachioradialis,Deltoid Posterior,Erector Spinae,Infraspinatus,Pectoralis Major Sternal Head,Teres Major,Teres Minor",
2025-12-06T00:20:45.413Z,SBS Novice Hypertrophy 5x,Day 3,"Seated Row, Leverage Machine",0,10,5,0,,,0,70,lb,140,lb,0,2025-12-06T01:25:58.772Z,"Latissimus Dorsi,Trapezius Lower Fibers,Trapezius Middle Fibers","Brachialis,Brachioradialis,Deltoid Posterior,Erector Spinae,Infraspinatus,Pectoralis Major Sternal Head,Teres Major,Teres Minor",
2025-12-05T00:55:08.538Z,SBS Novice Hypertrophy 5x,Day 2,Squat,0,10,5,0,,,0,135,lb,95,lb,0,2025-12-05T00:57:37.895Z,Quadriceps,"Adductor Magnus,Gluteus Maximus,Soleus",
2025-12-05T00:55:08.538Z,SBS Novice Hypertrophy 5x,Day 2,Squat,0,10,5,0,,,0,135,lb,95,lb,0,2025-12-05T01:01:50.155Z,Quadriceps,"Adductor Magnus,Gluteus Maximus,Soleus",
2025-12-05T00:55:08.538Z,SBS Novice Hypertrophy 5x,Day 2,Deadlift,1,5,,0,,,0,127.5,lb,,,0,,Gluteus Maximus,"Adductor Magnus,Hamstrings,Quadriceps,Soleus",
2025-12-05T00:55:08.538Z,SBS Novice Hypertrophy 5x,Day 2,Deadlift,0,8,4,0,,,0,160,lb,95,lb,0,2025-12-05T01:02:48.297Z,Gluteus Maximus,"Adductor Magnus,Hamstrings,Quadriceps,Soleus",
2025-12-05T00:55:08.538Z,SBS Novice Hypertrophy 5x,Day 2,Deadlift,0,8,4,0,,,0,160,lb,95,lb,0,2025-12-05T01:04:43.907Z,Gluteus Maximus,"Adductor Magnus,Hamstrings,Quadriceps,Soleus",
2025-12-05T00:55:08.538Z,SBS Novice Hypertrophy 5x,Day 2,Bulgarian Split Squat,0,10,5,0,,,0,20,lb,10,lb,0,2025-12-05T01:09:16.555Z,Quadriceps,"Adductor Magnus,Gluteus Maximus,Soleus",
2025-12-05T00:55:08.538Z,SBS Novice Hypertrophy 5x,Day 2,Bulgarian Split Squat,0,10,5,0,,,0,20,lb,10,lb,0,2025-12-05T01:13:58.951Z,Quadriceps,"Adductor Magnus,Gluteus Maximus,Soleus",
2025-12-05T00:55:08.538Z,SBS Novice Hypertrophy 5x,Day 2,Calf Press on Leg Press,0,10,6,0,,,0,355,lb,180,lb,0,2025-12-05T01:06:09.960Z,Gastrocnemius,Soleus,
2025-12-05T00:55:08.538Z,SBS Novice Hypertrophy 5x,Day 2,Calf Press on Leg Press,0,10,5,0,,,0,355,lb,180,lb,0,2025-12-05T01:07:34.465Z,Gastrocnemius,Soleus,
2025-12-04T00:15:35.424Z,SBS Novice Hypertrophy 5x,Day 1,"Bench Press, Dumbbell",1,5,2,0,,,0,40,lb,50,lb,0,2025-12-04T00:17:37.771Z,Pectoralis Major Sternal Head,"Deltoid Anterior,Pectoralis Major Clavicular Head,Triceps Brachii",
2025-12-04T00:15:35.424Z,SBS Novice Hypertrophy 5x,Day 1,"Bench Press, Dumbbell",0,10,10,0,,,0,50,lb,50,lb,0,2025-12-04T00:21:44.750Z,Pectoralis Major Sternal Head,"Deltoid Anterior,Pectoralis Major Clavicular Head,Triceps Brachii",
2025-12-04T00:15:35.424Z,SBS Novice Hypertrophy 5x,Day 1,"Bench Press, Dumbbell",0,10,10,0,,,0,50,lb,50,lb,0,2025-12-04T00:25:57.070Z,Pectoralis Major Sternal Head,"Deltoid Anterior,Pectoralis Major Clavicular Head,Triceps Brachii",
2025-12-04T00:15:35.424Z,SBS Novice Hypertrophy 5x,Day 1,"Bench Press, Dumbbell",0,10,10,0,,,0,50,lb,50,lb,0,2025-12-04T00:29:34.199Z,Pectoralis Major Sternal Head,"Deltoid Anterior,Pectoralis Major Clavicular Head,Triceps Brachii",
2025-12-04T00:15:35.424Z,SBS Novice Hypertrophy 5x,Day 1,Bent Over Row,1,5,10,0,,,0,90,lb,45,lb,0,2025-12-04T01:37:59.053Z,"Latissimus Dorsi,Trapezius Lower Fibers,Trapezius Middle Fibers","Brachialis,Brachioradialis,Deltoid Posterior,Infraspinatus,Pectoralis Major Sternal Head,Teres Major,Teres Minor",
2025-12-04T00:15:35.424Z,SBS Novice Hypertrophy 5x,Day 1,Bent Over Row,1,2,2,0,,,0,115,lb,115,lb,0,2025-12-04T01:38:02.530Z,"Latissimus Dorsi,Trapezius Lower Fibers,Trapezius Middle Fibers","Brachialis,Brachioradialis,Deltoid Posterior,Infraspinatus,Pectoralis Major Sternal Head,Teres Major,Teres Minor",
2025-12-04T00:15:35.424Z,SBS Novice Hypertrophy 5x,Day 1,Bent Over Row,0,8,8,0,,,0,115,lb,115,lb,0,2025-12-04T01:43:37.139Z,"Latissimus Dorsi,Trapezius Lower Fibers,Trapezius Middle Fibers","Brachialis,Brachioradialis,Deltoid Posterior,Infraspinatus,Pectoralis Major Sternal Head,Teres Major,Teres Minor",
2025-12-04T00:15:35.424Z,SBS Novice Hypertrophy 5x,Day 1,Bent Over Row,0,8,8,0,,,0,115,lb,115,lb,0,2025-12-04T01:46:43.114Z,"Latissimus Dorsi,Trapezius Lower Fibers,Trapezius Middle Fibers","Brachialis,Brachioradialis,Deltoid Posterior,Infraspinatus,Pectoralis Major Sternal Head,Teres Major,Teres Minor",
2025-12-04T00:15:35.424Z,SBS Novice Hypertrophy 5x,Day 1,Bent Over Row,0,8,8,0,,,0,115,lb,115,lb,0,2025-12-04T01:51:39.963Z,"Latissimus Dorsi,Trapezius Lower Fibers,Trapezius Middle Fibers","Brachialis,Brachioradialis,Deltoid Posterior,Infraspinatus,Pectoralis Major Sternal Head,Teres Major,Teres Minor",
2025-12-04T00:15:35.424Z,SBS Novice Hypertrophy 5x,Day 1,Bent Over Row,0,8,8,0,,,0,115,lb,115,lb,0,2025-12-04T01:57:31.860Z,"Latissimus Dorsi,Trapezius Lower Fibers,Trapezius Middle Fibers","Brachialis,Brachioradialis,Deltoid Posterior,Infraspinatus,Pectoralis Major Sternal Head,Teres Major,Teres Minor",
2025-12-04T00:15:35.424Z,SBS Novice Hypertrophy 5x,Day 1,"Shoulder Press, Leverage Machine",1,5,2,0,,,0,53.75,lb,67.5,lb,0,2025-12-04T01:22:26.684Z,Deltoid Anterior,"Deltoid Lateral,Pectoralis Major Clavicular Head,Serratus Anterior,Trapezius Lower Fibers,Trapezius Middle Fibers,Triceps Brachii",
2025-12-04T00:15:35.424Z,SBS Novice Hypertrophy 5x,Day 1,"Shoulder Press, Leverage Machine",0,10,10,0,,,0,67.5,lb,67.5,lb,0,2025-12-04T01:26:31.572Z,Deltoid Anterior,"Deltoid Lateral,Pectoralis Major Clavicular Head,Serratus Anterior,Trapezius Lower Fibers,Trapezius Middle Fibers,Triceps Brachii",
2025-12-04T00:15:35.424Z,SBS Novice Hypertrophy 5x,Day 1,"Shoulder Press, Leverage Machine",0,10,10,0,,,0,67.5,lb,67.5,lb,0,2025-12-04T01:30:27.234Z,Deltoid Anterior,"Deltoid Lateral,Pectoralis Major Clavicular Head,Serratus Anterior,Trapezius Lower Fibers,Trapezius Middle Fibers,Triceps Brachii",
2025-12-04T00:15:35.424Z,SBS Novice Hypertrophy 5x,Day 1,"Shoulder Press, Leverage Machine",0,10,10,0,,,0,67.5,lb,67.5,lb,0,2025-12-04T01:34:12.944Z,Deltoid Anterior,"Deltoid Lateral,Pectoralis Major Clavicular Head,Serratus Anterior,Trapezius Lower Fibers,Trapezius Middle Fibers,Triceps Brachii",
2025-12-04T00:15:35.424Z,SBS Novice Hypertrophy 5x,Day 1,"Lat Pulldown, Leverage Machine",1,5,2,0,,,0,100,lb,125,lb,0,2025-12-04T00:22:43.446Z,Latissimus Dorsi,"Biceps Brachii,Brachialis,Brachioradialis,Deltoid Posterior,Infraspinatus,Levator Scapulae,Teres Major,Teres Minor,Trapezius Lower Fibers,Trapezius Middle Fibers",
2025-12-04T00:15:35.424Z,SBS Novice Hypertrophy 5x,Day 1,"Lat Pulldown, Leverage Machine",0,8,8,0,,,0,125,lb,125,lb,0,2025-12-04T00:26:30.428Z,Latissimus Dorsi,"Biceps Brachii,Brachialis,Brachioradialis,Deltoid Posterior,Infraspinatus,Levator Scapulae,Teres Major,Teres Minor,Trapezius Lower Fibers,Trapezius Middle Fibers",
2025-12-04T00:15:35.424Z,SBS Novice Hypertrophy 5x,Day 1,"Lat Pulldown, Leverage Machine",0,8,8,0,,,0,125,lb,125,lb,0,2025-12-04T01:18:50.174Z,Latissimus Dorsi,"Biceps Brachii,Brachialis,Brachioradialis,Deltoid Posterior,Infraspinatus,Levator Scapulae,Teres Major,Teres Minor,Trapezius Lower Fibers,Trapezius Middle Fibers",
2025-12-04T00:15:35.424Z,SBS Novice Hypertrophy 5x,Day 1,"Lat Pulldown, Leverage Machine",0,8,8,0,,,0,125,lb,125,lb,0,2025-12-04T01:21:51.980Z,Latissimus Dorsi,"Biceps Brachii,Brachialis,Brachioradialis,Deltoid Posterior,Infraspinatus,Levator Scapulae,Teres Major,Teres Minor,Trapezius Lower Fibers,Trapezius Middle Fibers",
2025-12-04T00:15:35.424Z,SBS Novice Hypertrophy 5x,Day 1,"Lat Pulldown, Leverage Machine",0,8,8,0,,,0,125,lb,125,lb,0,2025-12-04T01:25:47.023Z,Latissimus Dorsi,"Biceps Brachii,Brachialis,Brachioradialis,Deltoid Posterior,Infraspinatus,Levator Scapulae,Teres Major,Teres Minor,Trapezius Lower Fibers,Trapezius Middle Fibers",
2025-12-02T19:59:02.823Z,SBS Novice Hypertrophy 5x,Day 4,Romanian Deadlift,1,5,2,0,,,0,45,lb,40,lb,0,2025-12-02T20:01:17.503Z,Gluteus Maximus,"Adductor Magnus,Erector Spinae,Hamstrings",
2025-12-02T19:59:02.823Z,SBS Novice Hypertrophy 5x,Day 4,Romanian Deadlift,0,8,16,0,,,0,60,lb,40,lb,0,2025-12-02T20:05:01.200Z,Gluteus Maximus,"Adductor Magnus,Erector Spinae,Hamstrings",
2025-12-02T19:59:02.823Z,SBS Novice Hypertrophy 5x,Day 4,Romanian Deadlift,0,8,14,0,,,0,60,lb,40,lb,0,2025-12-02T20:11:20.415Z,Gluteus Maximus,"Adductor Magnus,Erector Spinae,Hamstrings",
2025-12-02T19:59:02.823Z,SBS Novice Hypertrophy 5x,Day 4,Romanian Deadlift,0,8,15,0,,,0,60,lb,40,lb,0,2025-12-02T20:16:30.753Z,Gluteus Maximus,"Adductor Magnus,Erector Spinae,Hamstrings",
2025-12-02T19:59:02.823Z,SBS Novice Hypertrophy 5x,Day 4,Bulgarian Split Squat,1,5,1,0,,,0,63.75,lb,40,lb,0,2025-12-02T20:17:42.202Z,Quadriceps,"Adductor Magnus,Gluteus Maximus,Soleus",
2025-12-02T19:59:02.823Z,SBS Novice Hypertrophy 5x,Day 4,Bulgarian Split Squat,0,8,5,0,,,0,80,lb,25,lb,0,2025-12-02T20:20:44.604Z,Quadriceps,"Adductor Magnus,Gluteus Maximus,Soleus",
2025-12-02T19:59:02.823Z,SBS Novice Hypertrophy 5x,Day 4,Bulgarian Split Squat,0,8,6,0,,,0,80,lb,25,lb,0,2025-12-02T20:29:36.441Z,Quadriceps,"Adductor Magnus,Gluteus Maximus,Soleus",
2025-12-02T19:59:02.823Z,SBS Novice Hypertrophy 5x,Day 4,Bulgarian Split Squat,0,8,4,0,,,0,80,lb,25,lb,0,2025-12-02T20:35:02.492Z,Quadriceps,"Adductor Magnus,Gluteus Maximus,Soleus",
2025-12-02T19:59:02.823Z,SBS Novice Hypertrophy 5x,Day 4,Bulgarian Split Squat,0,8,3,0,,,0,80,lb,25,lb,0,2025-12-02T20:48:06.585Z,Quadriceps,"Adductor Magnus,Gluteus Maximus,Soleus",
2025-12-02T19:59:02.823Z,SBS Novice Hypertrophy 5x,Day 4,Seated Leg Curl,1,5,,0,,,0,21.25,lb,,,0,,Hamstrings,"Gastrocnemius,Sartorius",
2025-12-02T19:59:02.823Z,SBS Novice Hypertrophy 5x,Day 4,Seated Leg Curl,1,5,,0,,,0,33.75,lb,,,0,,Hamstrings,"Gastrocnemius,Sartorius",
2025-12-02T19:59:02.823Z,SBS Novice Hypertrophy 5x,Day 4,Seated Leg Curl,0,8,,0,,,0,42.5,lb,,,0,,Hamstrings,"Gastrocnemius,Sartorius",
2025-12-02T19:59:02.823Z,SBS Novice Hypertrophy 5x,Day 4,Seated Leg Curl,0,8,,0,,,0,42.5,lb,,,0,,Hamstrings,"Gastrocnemius,Sartorius",
2025-12-02T19:59:02.823Z,SBS Novice Hypertrophy 5x,Day 4,Seated Leg Curl,0,8,,0,,,0,42.5,lb,,,0,,Hamstrings,"Gastrocnemius,Sartorius",
2025-12-02T19:59:02.823Z,SBS Novice Hypertrophy 5x,Day 4,"Seated Calf Raise, Dumbbell",1,5,5,0,,,0,283.75,lb,25,lb,0,2025-12-02T20:51:28.328Z,Soleus,Gastrocnemius,
2025-12-02T19:59:02.823Z,SBS Novice Hypertrophy 5x,Day 4,"Seated Calf Raise, Dumbbell",1,5,2,0,,,0,25,lb,40,lb,0,2025-12-02T20:51:28.940Z,Soleus,Gastrocnemius,
2025-12-02T19:59:02.823Z,SBS Novice Hypertrophy 5x,Day 4,"Seated Calf Raise, Dumbbell",0,10,21,0,,,0,355,lb,40,lb,0,2025-12-02T20:55:00.427Z,Soleus,Gastrocnemius,
2025-12-02T19:59:02.823Z,SBS Novice Hypertrophy 5x,Day 4,"Seated Calf Raise, Dumbbell",0,10,20,0,,,0,355,lb,40,lb,0,2025-12-02T21:00:07.024Z,Soleus,Gastrocnemius,
2025-12-02T19:59:02.823Z,SBS Novice Hypertrophy 5x,Day 4,"Seated Calf Raise, Dumbbell",0,10,20,0,,,0,355,lb,40,lb,0,2025-12-02T21:03:31.074Z,Soleus,Gastrocnemius,
2025-12-02T19:59:02.823Z,SBS Novice Hypertrophy 5x,Day 4,"Seated Calf Raise, Dumbbell",0,10,20,0,,,0,355,lb,40,lb,0,2025-12-02T21:03:31.494Z,Soleus,Gastrocnemius,
2025-11-29T17:24:52.508Z,SBS Novice Hypertrophy 5x,Day 5,"Preacher Curl, Leverage Machine",1,5,2,0,,,0,20,lb,45,lb,0,2025-11-29T18:05:23.907Z,Brachialis,"Biceps Brachii,Brachioradialis",
2025-11-29T17:24:52.508Z,SBS Novice Hypertrophy 5x,Day 5,"Preacher Curl, Leverage Machine",0,10,5,0,,,0,25,lb,45,lb,0,2025-11-29T18:06:09.130Z,Brachialis,"Biceps Brachii,Brachioradialis",
2025-11-29T17:24:52.508Z,SBS Novice Hypertrophy 5x,Day 5,"Preacher Curl, Leverage Machine",0,10,4,0,,,0,25,lb,45,lb,0,2025-11-29T18:09:52.891Z,Brachialis,"Biceps Brachii,Brachioradialis",
2025-11-29T17:24:52.508Z,SBS Novice Hypertrophy 5x,Day 5,"Preacher Curl, Leverage Machine",0,10,6,0,,,0,25,lb,45,lb,0,2025-11-29T18:13:01.403Z,Brachialis,"Biceps Brachii,Brachioradialis",
2025-11-29T17:24:52.508Z,SBS Novice Hypertrophy 5x,Day 5,Triceps Pushdown,0,10,10,0,,,0,20,lb,45,lb,0,2025-11-29T18:39:08.828Z,Triceps Brachii,,
2025-11-29T17:24:52.508Z,SBS Novice Hypertrophy 5x,Day 5,Triceps Pushdown,0,10,10,0,,,0,20,lb,42.5,lb,0,2025-11-29T18:39:15.527Z,Triceps Brachii,,
2025-11-29T17:24:52.508Z,SBS Novice Hypertrophy 5x,Day 5,Triceps Pushdown,0,10,10,0,,,0,20,lb,42.5,lb,0,2025-11-29T18:39:17.927Z,Triceps Brachii,,
2025-11-29T17:24:52.508Z,SBS Novice Hypertrophy 5x,Day 5,Lateral Raise,0,10,10,0,,,0,25,lb,25,lb,0,2025-11-29T18:15:55.662Z,Deltoid Lateral,"Deltoid Anterior,Serratus Anterior,Trapezius Lower Fibers,Trapezius Middle Fibers",
2025-11-29T17:24:52.508Z,SBS Novice Hypertrophy 5x,Day 5,Lateral Raise,0,10,10,0,,,0,25,lb,25,lb,0,2025-11-29T18:18:27.910Z,Deltoid Lateral,"Deltoid Anterior,Serratus Anterior,Trapezius Lower Fibers,Trapezius Middle Fibers",
2025-11-29T17:24:52.508Z,SBS Novice Hypertrophy 5x,Day 5,Lateral Raise,0,10,10,0,,,0,25,lb,20,lb,0,2025-11-29T18:22:26.624Z,Deltoid Lateral,"Deltoid Anterior,Serratus Anterior,Trapezius Lower Fibers,Trapezius Middle Fibers",
2025-11-29T17:24:52.508Z,SBS Novice Hypertrophy 5x,Day 5,"Shrug, Barbell",1,5,10,0,,,0,45,lb,45,lb,0,2025-11-29T17:49:22.513Z,Trapezius Upper Fibers,"Levator Scapulae,Trapezius Middle Fibers",
2025-11-29T17:24:52.508Z,SBS Novice Hypertrophy 5x,Day 5,"Shrug, Barbell",1,5,2,0,,,0,107.5,lb,135,lb,0,2025-11-29T17:50:34.582Z,Trapezius Upper Fibers,"Levator Scapulae,Trapezius Middle Fibers",
2025-11-29T17:24:52.508Z,SBS Novice Hypertrophy 5x,Day 5,"Shrug, Barbell",0,8,8,0,,,0,135,lb,135,lb,0,2025-11-29T17:52:40.430Z,Trapezius Upper Fibers,"Levator Scapulae,Trapezius Middle Fibers",
2025-11-29T17:24:52.508Z,SBS Novice Hypertrophy 5x,Day 5,"Shrug, Barbell",0,8,8,0,,,0,135,lb,135,lb,0,2025-11-29T17:55:20.282Z,Trapezius Upper Fibers,"Levator Scapulae,Trapezius Middle Fibers",
2025-11-29T17:24:52.508Z,SBS Novice Hypertrophy 5x,Day 5,"Shrug, Barbell",0,8,8,0,,,0,135,lb,135,lb,0,2025-11-29T17:58:09.715Z,Trapezius Upper Fibers,"Levator Scapulae,Trapezius Middle Fibers",
2025-11-29T17:24:52.508Z,SBS Novice Hypertrophy 5x,Day 5,"Shrug, Barbell",0,8,8,0,,,0,135,lb,135,lb,0,2025-11-29T18:02:07.563Z,Trapezius Upper Fibers,"Levator Scapulae,Trapezius Middle Fibers",
2025-11-29T17:24:52.508Z,SBS Novice Hypertrophy 5x,Day 5,Incline Chest Fly,1,5,2,0,,,0,15,lb,20,lb,0,2025-11-29T17:28:58.985Z,Pectoralis Major Clavicular Head,"Biceps Brachii,Deltoid Anterior,Pectoralis Major Sternal Head",
2025-11-29T17:24:52.508Z,SBS Novice Hypertrophy 5x,Day 5,Incline Chest Fly,0,8,8,0,,,0,20,lb,20,lb,0,2025-11-29T17:38:10.942Z,Pectoralis Major Clavicular Head,"Biceps Brachii,Deltoid Anterior,Pectoralis Major Sternal Head",
2025-11-29T17:24:52.508Z,SBS Novice Hypertrophy 5x,Day 5,Incline Chest Fly,0,8,8,0,,,0,20,lb,20,lb,0,2025-11-29T17:38:11.306Z,Pectoralis Major Clavicular Head,"Biceps Brachii,Deltoid Anterior,Pectoralis Major Sternal Head",
2025-11-29T17:24:52.508Z,SBS Novice Hypertrophy 5x,Day 5,Incline Chest Fly,0,8,8,0,,,0,20,lb,20,lb,0,2025-11-29T17:41:55.781Z,Pectoralis Major Clavicular Head,"Biceps Brachii,Deltoid Anterior,Pectoralis Major Sternal Head",
2025-11-29T17:24:52.508Z,SBS Novice Hypertrophy 5x,Day 5,Incline Chest Fly,0,8,8,0,,,0,20,lb,20,lb,0,2025-11-29T17:46:07.789Z,Pectoralis Major Clavicular Head,"Biceps Brachii,Deltoid Anterior,Pectoralis Major Sternal Head",
2025-11-29T17:24:52.508Z,SBS Novice Hypertrophy 5x,Day 5,Standing Row Rear Delt With Rope,1,5,2,0,,,0,32.5,lb,42.5,lb,0,2025-11-29T18:40:20.162Z,Deltoid Posterior,"Brachialis,Brachioradialis,Deltoid Lateral,Infraspinatus,Teres Minor,Trapezius Lower Fibers,Trapezius Middle Fibers",
2025-11-29T17:24:52.508Z,SBS Novice Hypertrophy 5x,Day 5,Standing Row Rear Delt With Rope,0,10,10,0,,,0,42.5,lb,37.5,lb,0,2025-11-29T18:42:24.062Z,Deltoid Posterior,"Brachialis,Brachioradialis,Deltoid Lateral,Infraspinatus,Teres Minor,Trapezius Lower Fibers,Trapezius Middle Fibers",
2025-11-29T17:24:52.508Z,SBS Novice Hypertrophy 5x,Day 5,Standing Row Rear Delt With Rope,0,10,10,0,,,0,42.5,lb,37.5,lb,0,2025-11-29T18:45:54.646Z,Deltoid Posterior,"Brachialis,Brachioradialis,Deltoid Lateral,Infraspinatus,Teres Minor,Trapezius Lower Fibers,Trapezius Middle Fibers",
2025-11-29T17:24:52.508Z,SBS Novice Hypertrophy 5x,Day 5,Standing Row Rear Delt With Rope,0,10,11,0,,,0,42.5,lb,37.5,lb,0,2025-11-29T18:49:18.401Z,Deltoid Posterior,"Brachialis,Brachioradialis,Deltoid Lateral,Infraspinatus,Teres Minor,Trapezius Lower Fibers,Trapezius Middle Fibers",
2025-11-27T00:52:07.189Z,SBS Novice Hypertrophy 5x,Day 3,Shoulder Press,1,5,2,0,,,0,27.5,lb,35,lb,0,2025-11-27T00:52:58.686Z,Deltoid Anterior,"Deltoid Lateral,Pectoralis Major Clavicular Head,Serratus Anterior,Trapezius Lower Fibers,Trapezius Middle Fibers,Triceps Brachii",
2025-11-27T00:52:07.189Z,SBS Novice Hypertrophy 5x,Day 3,Shoulder Press,0,10,10,0,,,0,35,lb,35,lb,0,2025-11-27T00:56:06.630Z,Deltoid Anterior,"Deltoid Lateral,Pectoralis Major Clavicular Head,Serratus Anterior,Trapezius Lower Fibers,Trapezius Middle Fibers,Triceps Brachii",
2025-11-27T00:52:07.189Z,SBS Novice Hypertrophy 5x,Day 3,Shoulder Press,0,10,10,0,,,0,35,lb,35,lb,0,2025-11-27T01:01:28.805Z,Deltoid Anterior,"Deltoid Lateral,Pectoralis Major Clavicular Head,Serratus Anterior,Trapezius Lower Fibers,Trapezius Middle Fibers,Triceps Brachii",
2025-11-27T00:52:07.189Z,SBS Novice Hypertrophy 5x,Day 3,Shoulder Press,0,10,10,0,,,0,35,lb,35,lb,0,2025-11-27T01:04:43.271Z,Deltoid Anterior,"Deltoid Lateral,Pectoralis Major Clavicular Head,Serratus Anterior,Trapezius Lower Fibers,Trapezius Middle Fibers,Triceps Brachii",
2025-11-27T00:52:07.189Z,SBS Novice Hypertrophy 5x,Day 3,Pull Up,0,8,4,0,,,0,0,lb,0,lb,0,2025-11-27T01:05:18.817Z,Latissimus Dorsi,"Biceps Brachii,Brachialis,Brachioradialis,Deltoid Posterior,Infraspinatus,Levator Scapulae,Teres Major,Teres Minor,Trapezius Lower Fibers,Trapezius Middle Fibers",
2025-11-27T00:52:07.189Z,SBS Novice Hypertrophy 5x,Day 3,Pull Up,0,8,2,0,,,0,0,lb,0,lb,0,2025-11-27T01:08:44.312Z,Latissimus Dorsi,"Biceps Brachii,Brachialis,Brachioradialis,Deltoid Posterior,Infraspinatus,Levator Scapulae,Teres Major,Teres Minor,Trapezius Lower Fibers,Trapezius Middle Fibers",
2025-11-27T00:52:07.189Z,SBS Novice Hypertrophy 5x,Day 3,Pull Up,0,8,2,0,,,0,0,lb,0,lb,0,2025-11-27T01:12:13.399Z,Latissimus Dorsi,"Biceps Brachii,Brachialis,Brachioradialis,Deltoid Posterior,Infraspinatus,Levator Scapulae,Teres Major,Teres Minor,Trapezius Lower Fibers,Trapezius Middle Fibers",
2025-11-27T00:52:07.189Z,SBS Novice Hypertrophy 5x,Day 3,"Incline Bench Press, Dumbbell",1,,2,0,,,0,,,40,lb,0,2025-11-27T01:13:10.838Z,Pectoralis Major Clavicular Head,"Deltoid Anterior,Pectoralis Major Sternal Head,Triceps Brachii",
2025-11-27T00:52:07.189Z,SBS Novice Hypertrophy 5x,Day 3,"Incline Bench Press, Dumbbell",0,10,10,0,,,0,40,lb,40,lb,0,2025-11-27T01:16:37.163Z,Pectoralis Major Clavicular Head,"Deltoid Anterior,Pectoralis Major Sternal Head,Triceps Brachii",
2025-11-27T00:52:07.189Z,SBS Novice Hypertrophy 5x,Day 3,"Incline Bench Press, Dumbbell",0,10,10,0,,,0,40,lb,40,lb,0,2025-11-27T01:21:45.948Z,Pectoralis Major Clavicular Head,"Deltoid Anterior,Pectoralis Major Sternal Head,Triceps Brachii",
2025-11-27T00:52:07.189Z,SBS Novice Hypertrophy 5x,Day 3,"Incline Bench Press, Dumbbell",0,10,10,0,,,0,40,lb,40,lb,0,2025-11-27T01:25:07.475Z,Pectoralis Major Clavicular Head,"Deltoid Anterior,Pectoralis Major Sternal Head,Triceps Brachii",
2025-11-27T00:52:07.189Z,SBS Novice Hypertrophy 5x,Day 3,"Seated Row, Leverage Machine",1,5,4,0,,,0,55,lb,70,lb,0,2025-11-27T01:25:54.231Z,"Latissimus Dorsi,Trapezius Lower Fibers,Trapezius Middle Fibers","Brachialis,Brachioradialis,Deltoid Posterior,Erector Spinae,Infraspinatus,Pectoralis Major Sternal Head,Teres Major,Teres Minor",
2025-11-27T00:52:07.189Z,SBS Novice Hypertrophy 5x,Day 3,"Seated Row, Leverage Machine",1,4,2,0,,,0,70,lb,137.5,lb,0,2025-11-27T01:26:29.212Z,"Latissimus Dorsi,Trapezius Lower Fibers,Trapezius Middle Fibers","Brachialis,Brachioradialis,Deltoid Posterior,Erector Spinae,Infraspinatus,Pectoralis Major Sternal Head,Teres Major,Teres Minor",
2025-11-27T00:52:07.189Z,SBS Novice Hypertrophy 5x,Day 3,"Seated Row, Leverage Machine",0,8,8,0,,,0,70,lb,137.5,lb,0,2025-11-27T01:29:22.153Z,"Latissimus Dorsi,Trapezius Lower Fibers,Trapezius Middle Fibers","Brachialis,Brachioradialis,Deltoid Posterior,Erector Spinae,Infraspinatus,Pectoralis Major Sternal Head,Teres Major,Teres Minor",
2025-11-27T00:52:07.189Z,SBS Novice Hypertrophy 5x,Day 3,"Seated Row, Leverage Machine",0,8,8,0,,,0,70,lb,137.5,lb,0,2025-11-27T01:36:12.272Z,"Latissimus Dorsi,Trapezius Lower Fibers,Trapezius Middle Fibers","Brachialis,Brachioradialis,Deltoid Posterior,Erector Spinae,Infraspinatus,Pectoralis Major Sternal Head,Teres Major,Teres Minor",
2025-11-27T00:52:07.189Z,SBS Novice Hypertrophy 5x,Day 3,"Seated Row, Leverage Machine",0,8,8,0,,,0,70,lb,137.5,lb,0,2025-11-27T01:36:17.820Z,"Latissimus Dorsi,Trapezius Lower Fibers,Trapezius Middle Fibers","Brachialis,Brachioradialis,Deltoid Posterior,Erector Spinae,Infraspinatus,Pectoralis Major Sternal Head,Teres Major,Teres Minor",
2025-11-27T00:52:07.189Z,SBS Novice Hypertrophy 5x,Day 3,"Seated Row, Leverage Machine",0,8,8,0,,,0,70,lb,137.5,lb,0,2025-11-27T01:36:39.949Z,"Latissimus Dorsi,Trapezius Lower Fibers,Trapezius Middle Fibers","Brachialis,Brachioradialis,Deltoid Posterior,Erector Spinae,Infraspinatus,Pectoralis Major Sternal Head,Teres Major,Teres Minor",
2025-11-23T21:32:30.542Z,SBS Novice Hypertrophy 5x,Day 2,Squat,1,5,5,0,,,0,45,lb,45,lb,0,2025-11-23T21:34:03.473Z,Quadriceps,"Adductor Magnus,Gluteus Maximus,Soleus",
2025-11-23T21:32:30.542Z,SBS Novice Hypertrophy 5x,Day 2,Squat,1,5,2,0,,,0,107.5,lb,135,lb,0,2025-11-23T21:35:12.980Z,Quadriceps,"Adductor Magnus,Gluteus Maximus,Soleus",
2025-11-23T21:32:30.542Z,SBS Novice Hypertrophy 5x,Day 2,Squat,0,8,8,0,,,0,135,lb,135,lb,0,2025-11-23T21:39:28.120Z,Quadriceps,"Adductor Magnus,Gluteus Maximus,Soleus",
2025-11-23T21:32:30.542Z,SBS Novice Hypertrophy 5x,Day 2,Squat,0,8,8,0,,,0,135,lb,135,lb,0,2025-11-23T21:52:22.293Z,Quadriceps,"Adductor Magnus,Gluteus Maximus,Soleus",
2025-11-23T21:32:30.542Z,SBS Novice Hypertrophy 5x,Day 2,Squat,0,8,8,0,,,0,135,lb,135,lb,0,2025-11-23T21:57:43.496Z,Quadriceps,"Adductor Magnus,Gluteus Maximus,Soleus",
2025-11-23T21:32:30.542Z,SBS Novice Hypertrophy 5x,Day 2,Squat,0,8,8,0,,,0,135,lb,135,lb,0,2025-11-23T22:06:17.004Z,Quadriceps,"Adductor Magnus,Gluteus Maximus,Soleus",
2025-11-23T21:32:30.542Z,SBS Novice Hypertrophy 5x,Day 2,Deadlift,1,5,3,0,,,0,80,lb,135,lb,0,2025-11-23T22:09:18.250Z,Gluteus Maximus,"Adductor Magnus,Hamstrings,Quadriceps,Soleus",
2025-11-23T21:32:30.542Z,SBS Novice Hypertrophy 5x,Day 2,Deadlift,1,5,2,0,,,0,127.5,lb,155,lb,0,2025-11-23T22:09:22.278Z,Gluteus Maximus,"Adductor Magnus,Hamstrings,Quadriceps,Soleus",
2025-11-23T21:32:30.542Z,SBS Novice Hypertrophy 5x,Day 2,Deadlift,0,8,8,0,,,0,160,lb,165,lb,0,2025-11-23T22:13:13.777Z,Gluteus Maximus,"Adductor Magnus,Hamstrings,Quadriceps,Soleus",
2025-11-23T21:32:30.542Z,SBS Novice Hypertrophy 5x,Day 2,Deadlift,0,8,8,0,,,0,160,lb,165,lb,0,2025-11-23T22:19:25.660Z,Gluteus Maximus,"Adductor Magnus,Hamstrings,Quadriceps,Soleus",
2025-11-23T21:32:30.542Z,SBS Novice Hypertrophy 5x,Day 2,Deadlift,0,8,6,0,,,0,160,lb,165,lb,0,2025-11-23T22:32:06.698Z,Gluteus Maximus,"Adductor Magnus,Hamstrings,Quadriceps,Soleus",
2025-11-23T21:32:30.542Z,SBS Novice Hypertrophy 5x,Day 2,Deadlift,0,8,8,0,,,0,160,lb,160,lb,0,2025-11-23T23:36:55.025Z,Gluteus Maximus,"Adductor Magnus,Hamstrings,Quadriceps,Soleus",
2025-11-23T21:32:30.542Z,SBS Novice Hypertrophy 5x,Day 2,Bulgarian Split Squat,1,5,2,0,,,0,15,lb,15,lb,0,2025-11-26T00:04:32.458Z,Quadriceps,"Adductor Magnus,Gluteus Maximus,Soleus",
2025-11-23T21:32:30.542Z,SBS Novice Hypertrophy 5x,Day 2,Bulgarian Split Squat,0,8,8,0,,,0,20,lb,20,lb,0,2025-11-26T00:07:49.426Z,Quadriceps,"Adductor Magnus,Gluteus Maximus,Soleus",
2025-11-23T21:32:30.542Z,SBS Novice Hypertrophy 5x,Day 2,Bulgarian Split Squat,0,8,8,0,,,0,20,lb,20,lb,0,2025-11-26T00:11:42.709Z,Quadriceps,"Adductor Magnus,Gluteus Maximus,Soleus",
2025-11-23T21:32:30.542Z,SBS Novice Hypertrophy 5x,Day 2,Bulgarian Split Squat,0,8,8,0,,,0,20,lb,20,lb,0,2025-11-26T00:15:15.749Z,Quadriceps,"Adductor Magnus,Gluteus Maximus,Soleus",
2025-11-23T21:32:30.542Z,SBS Novice Hypertrophy 5x,Day 2,Bulgarian Split Squat,0,8,8,0,,,0,20,lb,20,lb,0,2025-11-26T00:21:28.372Z,Quadriceps,"Adductor Magnus,Gluteus Maximus,Soleus",
2025-11-23T21:32:30.542Z,SBS Novice Hypertrophy 5x,Day 2,Calf Press on Leg Press,1,5,7,0,,,0,106.25,lb,105,lb,0,2025-11-26T00:21:57.413Z,Gastrocnemius,Soleus,
2025-11-23T21:32:30.542Z,SBS Novice Hypertrophy 5x,Day 2,Calf Press on Leg Press,1,5,5,0,,,0,177.5,lb,180,lb,0,2025-11-26T00:22:16.897Z,Gastrocnemius,Soleus,
2025-11-23T21:32:30.542Z,SBS Novice Hypertrophy 5x,Day 2,Calf Press on Leg Press,1,5,3,0,,,0,283.75,lb,283.75,lb,0,2025-11-26T00:22:28.633Z,Gastrocnemius,Soleus,
2025-11-23T21:32:30.542Z,SBS Novice Hypertrophy 5x,Day 2,Calf Press on Leg Press,1,3,2,0,,,0,283.75,lb,355,lb,0,2025-11-26T00:23:00.655Z,Gastrocnemius,Soleus,
2025-11-23T21:32:30.542Z,SBS Novice Hypertrophy 5x,Day 2,Calf Press on Leg Press,0,10,10,0,,,0,355,lb,355,lb,0,2025-11-26T00:25:01.437Z,Gastrocnemius,Soleus,
2025-11-23T21:32:30.542Z,SBS Novice Hypertrophy 5x,Day 2,Calf Press on Leg Press,0,10,10,0,,,0,355,lb,355,lb,0,2025-11-26T00:27:35.159Z,Gastrocnemius,Soleus,
2025-11-23T21:32:30.542Z,SBS Novice Hypertrophy 5x,Day 2,Calf Press on Leg Press,0,10,10,0,,,0,355,lb,355,lb,0,2025-11-26T00:30:08.859Z,Gastrocnemius,Soleus,
2025-11-22T23:32:26.257Z,SBS Novice Hypertrophy 5x,Day 1,"Bench Press, Dumbbell",1,5,2,0,,,0,40,lb,50,lb,0,2025-11-22T23:35:06.169Z,Pectoralis Major Sternal Head,"Deltoid Anterior,Pectoralis Major Clavicular Head,Triceps Brachii",
2025-11-22T23:32:26.257Z,SBS Novice Hypertrophy 5x,Day 1,"Bench Press, Dumbbell",0,8,8,0,,,0,50,lb,50,lb,0,2025-11-22T23:38:14.563Z,Pectoralis Major Sternal Head,"Deltoid Anterior,Pectoralis Major Clavicular Head,Triceps Brachii",
2025-11-22T23:32:26.257Z,SBS Novice Hypertrophy 5x,Day 1,"Bench Press, Dumbbell",0,8,8,0,,,0,50,lb,50,lb,0,2025-11-22T23:42:20.000Z,Pectoralis Major Sternal Head,"Deltoid Anterior,Pectoralis Major Clavicular Head,Triceps Brachii",
2025-11-22T23:32:26.257Z,SBS Novice Hypertrophy 5x,Day 1,"Bench Press, Dumbbell",0,8,8,0,,,0,50,lb,50,lb,0,2025-11-22T23:48:13.788Z,Pectoralis Major Sternal Head,"Deltoid Anterior,Pectoralis Major Clavicular Head,Triceps Brachii",
2025-11-22T23:32:26.257Z,SBS Novice Hypertrophy 5x,Day 1,"Bench Press, Dumbbell",0,8,8,0,,,0,50,lb,50,lb,0,2025-11-22T23:52:46.305Z,Pectoralis Major Sternal Head,"Deltoid Anterior,Pectoralis Major Clavicular Head,Triceps Brachii",
2025-11-22T23:32:26.257Z,SBS Novice Hypertrophy 5x,Day 1,"Bent Over Row, Smith Machine",1,5,10,0,,,0,90,lb,25,lb,0,2025-11-23T00:24:59.062Z,"Latissimus Dorsi,Trapezius Lower Fibers,Trapezius Middle Fibers","Brachialis,Brachioradialis,Deltoid Posterior,Infraspinatus,Pectoralis Major Sternal Head,Teres Major,Teres Minor",
2025-11-22T23:32:26.257Z,SBS Novice Hypertrophy 5x,Day 1,"Bent Over Row, Smith Machine",1,5,2,0,,,0,90,lb,115,lb,0,2025-11-23T00:26:18.686Z,"Latissimus Dorsi,Trapezius Lower Fibers,Trapezius Middle Fibers","Brachialis,Brachioradialis,Deltoid Posterior,Infraspinatus,Pectoralis Major Sternal Head,Teres Major,Teres Minor",
2025-11-22T23:32:26.257Z,SBS Novice Hypertrophy 5x,Day 1,"Bent Over Row, Smith Machine",0,8,8,0,,,0,115,lb,115,lb,0,2025-11-23T00:31:28.659Z,"Latissimus Dorsi,Trapezius Lower Fibers,Trapezius Middle Fibers","Brachialis,Brachioradialis,Deltoid Posterior,Infraspinatus,Pectoralis Major Sternal Head,Teres Major,Teres Minor",
2025-11-22T23:32:26.257Z,SBS Novice Hypertrophy 5x,Day 1,"Bent Over Row, Smith Machine",0,8,2,0,,,0,115,lb,115,lb,0,2025-11-23T00:34:00.885Z,"Latissimus Dorsi,Trapezius Lower Fibers,Trapezius Middle Fibers","Brachialis,Brachioradialis,Deltoid Posterior,Infraspinatus,Pectoralis Major Sternal Head,Teres Major,Teres Minor",
2025-11-22T23:32:26.257Z,SBS Novice Hypertrophy 5x,Day 1,"Bent Over Row, Smith Machine",0,8,5,0,,,0,115,lb,115,lb,0,2025-11-23T00:37:02.928Z,"Latissimus Dorsi,Trapezius Lower Fibers,Trapezius Middle Fibers","Brachialis,Brachioradialis,Deltoid Posterior,Infraspinatus,Pectoralis Major Sternal Head,Teres Major,Teres Minor",
2025-11-22T23:32:26.257Z,SBS Novice Hypertrophy 5x,Day 1,"Bent Over Row, Smith Machine",0,8,2,0,,,0,115,lb,115,lb,0,2025-11-23T00:40:11.700Z,"Latissimus Dorsi,Trapezius Lower Fibers,Trapezius Middle Fibers","Brachialis,Brachioradialis,Deltoid Posterior,Infraspinatus,Pectoralis Major Sternal Head,Teres Major,Teres Minor",
2025-11-22T23:32:26.257Z,SBS Novice Hypertrophy 5x,Day 1,"Shoulder Press, Leverage Machine",1,5,3,0,,,0,53.75,lb,45,lb,0,2025-11-22T23:53:47.921Z,Deltoid Anterior,"Deltoid Lateral,Pectoralis Major Clavicular Head,Serratus Anterior,Trapezius Lower Fibers,Trapezius Middle Fibers,Triceps Brachii",
2025-11-22T23:32:26.257Z,SBS Novice Hypertrophy 5x,Day 1,"Shoulder Press, Leverage Machine",1,3,2,0,,,0,45,lb,67.5,lb,0,2025-11-22T23:54:04.623Z,Deltoid Anterior,"Deltoid Lateral,Pectoralis Major Clavicular Head,Serratus Anterior,Trapezius Lower Fibers,Trapezius Middle Fibers,Triceps Brachii",
2025-11-22T23:32:26.257Z,SBS Novice Hypertrophy 5x,Day 1,"Shoulder Press, Leverage Machine",0,8,8,0,,,0,67.5,lb,67.5,lb,0,2025-11-22T23:58:05.393Z,Deltoid Anterior,"Deltoid Lateral,Pectoralis Major Clavicular Head,Serratus Anterior,Trapezius Lower Fibers,Trapezius Middle Fibers,Triceps Brachii",
2025-11-22T23:32:26.257Z,SBS Novice Hypertrophy 5x,Day 1,"Shoulder Press, Leverage Machine",0,8,8,0,,,0,67.5,lb,67.5,lb,0,2025-11-23T00:02:55.986Z,Deltoid Anterior,"Deltoid Lateral,Pectoralis Major Clavicular Head,Serratus Anterior,Trapezius Lower Fibers,Trapezius Middle Fibers,Triceps Brachii",
2025-11-22T23:32:26.257Z,SBS Novice Hypertrophy 5x,Day 1,"Shoulder Press, Leverage Machine",0,8,8,0,,,0,67.5,lb,67.5,lb,0,2025-11-23T00:07:21.463Z,Deltoid Anterior,"Deltoid Lateral,Pectoralis Major Clavicular Head,Serratus Anterior,Trapezius Lower Fibers,Trapezius Middle Fibers,Triceps Brachii",
2025-11-22T23:32:26.257Z,SBS Novice Hypertrophy 5x,Day 1,"Shoulder Press, Leverage Machine",0,8,8,0,,,0,67.5,lb,67.5,lb,0,2025-11-23T00:11:16.527Z,Deltoid Anterior,"Deltoid Lateral,Pectoralis Major Clavicular Head,Serratus Anterior,Trapezius Lower Fibers,Trapezius Middle Fibers,Triceps Brachii",
2025-11-22T23:32:26.257Z,SBS Novice Hypertrophy 5x,Day 1,"Lat Pulldown, Leverage Machine",1,,2,0,,,0,,,125,lb,0,2025-11-23T00:11:55.391Z,Latissimus Dorsi,"Biceps Brachii,Brachialis,Brachioradialis,Deltoid Posterior,Infraspinatus,Levator Scapulae,Teres Major,Teres Minor,Trapezius Lower Fibers,Trapezius Middle Fibers",
2025-11-22T23:32:26.257Z,SBS Novice Hypertrophy 5x,Day 1,"Lat Pulldown, Leverage Machine",0,8,8,0,,,0,,,125,lb,0,2025-11-23T00:15:13.289Z,Latissimus Dorsi,"Biceps Brachii,Brachialis,Brachioradialis,Deltoid Posterior,Infraspinatus,Levator Scapulae,Teres Major,Teres Minor,Trapezius Lower Fibers,Trapezius Middle Fibers",
2025-11-22T23:32:26.257Z,SBS Novice Hypertrophy 5x,Day 1,"Lat Pulldown, Leverage Machine",0,8,8,0,,,0,,,125,lb,0,2025-11-23T00:20:26.963Z,Latissimus Dorsi,"Biceps Brachii,Brachialis,Brachioradialis,Deltoid Posterior,Infraspinatus,Levator Scapulae,Teres Major,Teres Minor,Trapezius Lower Fibers,Trapezius Middle Fibers",
2025-11-22T23:32:26.257Z,SBS Novice Hypertrophy 5x,Day 1,"Lat Pulldown, Leverage Machine",0,8,8,0,,,0,,,125,lb,0,2025-11-23T00:23:38.814Z,Latissimus Dorsi,"Biceps Brachii,Brachialis,Brachioradialis,Deltoid Posterior,Infraspinatus,Levator Scapulae,Teres Major,Teres Minor,Trapezius Lower Fibers,Trapezius Middle Fibers",
2025-11-20T23:38:19.764Z,SBS Novice Hypertrophy 5x,Day 5,Concentration Curl,1,5,3,0,,,0,20,lb,20,lb,0,2025-11-20T23:39:20.820Z,Brachialis,"Biceps Brachii,Brachioradialis",
2025-11-20T23:38:19.764Z,SBS Novice Hypertrophy 5x,Day 5,Concentration Curl,1,3,1,0,,,0,20,lb,25,lb,0,2025-11-20T23:39:25.420Z,Brachialis,"Biceps Brachii,Brachioradialis",
2025-11-20T23:38:19.764Z,SBS Novice Hypertrophy 5x,Day 5,Concentration Curl,0,8,8,0,,,0,25,lb,25,lb,0,2025-11-20T23:42:08.438Z,Brachialis,"Biceps Brachii,Brachioradialis",
2025-11-20T23:38:19.764Z,SBS Novice Hypertrophy 5x,Day 5,Concentration Curl,0,8,8,0,,,0,25,lb,25,lb,0,2025-11-20T23:45:48.054Z,Brachialis,"Biceps Brachii,Brachioradialis",
2025-11-20T23:38:19.764Z,SBS Novice Hypertrophy 5x,Day 5,Concentration Curl,0,8,8,0,,,0,25,lb,25,lb,0,2025-11-20T23:50:37.390Z,Brachialis,"Biceps Brachii,Brachioradialis",
2025-11-20T23:38:19.764Z,SBS Novice Hypertrophy 5x,Day 5,Concentration Curl,0,8,8,0,,,0,25,lb,25,lb,0,2025-11-20T23:54:36.697Z,Brachialis,"Biceps Brachii,Brachioradialis",
2025-11-20T23:38:19.764Z,SBS Novice Hypertrophy 5x,Day 5,Skullcrusher,1,5,10,0,,,0,20,lb,0,lb,0,2025-11-20T23:55:59.337Z,Triceps Brachii,,
2025-11-20T23:38:19.764Z,SBS Novice Hypertrophy 5x,Day 5,Skullcrusher,1,2,2,0,,,0,30,lb,30,lb,0,2025-11-20T23:58:54.640Z,Triceps Brachii,,
2025-11-20T23:38:19.764Z,SBS Novice Hypertrophy 5x,Day 5,Skullcrusher,0,10,10,0,,,0,20,lb,30,lb,0,2025-11-21T00:02:42.887Z,Triceps Brachii,,
2025-11-20T23:38:19.764Z,SBS Novice Hypertrophy 5x,Day 5,Skullcrusher,0,10,10,0,,,0,20,lb,30,lb,0,2025-11-21T00:08:31.958Z,Triceps Brachii,,
2025-11-20T23:38:19.764Z,SBS Novice Hypertrophy 5x,Day 5,Skullcrusher,0,10,10,0,,,0,20,lb,30,lb,0,2025-11-21T00:13:55.100Z,Triceps Brachii,,
2025-11-20T23:38:19.764Z,SBS Novice Hypertrophy 5x,Day 5,Lateral Raise,1,5,2,0,,,0,20,lb,20,lb,0,2025-11-21T00:15:19.071Z,Deltoid Lateral,"Deltoid Anterior,Serratus Anterior,Trapezius Lower Fibers,Trapezius Middle Fibers",
2025-11-20T23:38:19.764Z,SBS Novice Hypertrophy 5x,Day 5,Lateral Raise,1,2,1,0,,,0,20,lb,25,lb,0,2025-11-21T00:15:24.713Z,Deltoid Lateral,"Deltoid Anterior,Serratus Anterior,Trapezius Lower Fibers,Trapezius Middle Fibers",
2025-11-20T23:38:19.764Z,SBS Novice Hypertrophy 5x,Day 5,Lateral Raise,0,10,10,0,,,0,25,lb,25,lb,0,2025-11-21T00:19:23.863Z,Deltoid Lateral,"Deltoid Anterior,Serratus Anterior,Trapezius Lower Fibers,Trapezius Middle Fibers",
2025-11-20T23:38:19.764Z,SBS Novice Hypertrophy 5x,Day 5,Lateral Raise,0,10,6,0,,,0,25,lb,25,lb,0,2025-11-21T00:22:14.238Z,Deltoid Lateral,"Deltoid Anterior,Serratus Anterior,Trapezius Lower Fibers,Trapezius Middle Fibers",
2025-11-20T23:38:19.764Z,SBS Novice Hypertrophy 5x,Day 5,Lateral Raise,0,10,10,0,,,0,25,lb,25,lb,0,2025-11-21T00:24:57.150Z,Deltoid Lateral,"Deltoid Anterior,Serratus Anterior,Trapezius Lower Fibers,Trapezius Middle Fibers",
2025-11-20T23:38:19.764Z,SBS Novice Hypertrophy 5x,Day 5,"Shrug, Smith Machine",1,,10,0,,,0,,,25,lb,0,2025-11-21T00:46:36.016Z,Trapezius Upper Fibers,"Levator Scapulae,Trapezius Middle Fibers",
2025-11-20T23:38:19.764Z,SBS Novice Hypertrophy 5x,Day 5,"Shrug, Smith Machine",0,8,8,0,,,0,,,115,lb,0,2025-11-21T00:48:46.909Z,Trapezius Upper Fibers,"Levator Scapulae,Trapezius Middle Fibers",
2025-11-20T23:38:19.764Z,SBS Novice Hypertrophy 5x,Day 5,"Shrug, Smith Machine",0,8,8,0,,,0,,,135,lb,0,2025-11-21T00:51:50.945Z,Trapezius Upper Fibers,"Levator Scapulae,Trapezius Middle Fibers",
2025-11-20T23:38:19.764Z,SBS Novice Hypertrophy 5x,Day 5,"Shrug, Smith Machine",0,8,8,0,,,0,,,135,lb,0,2025-11-21T00:54:52.102Z,Trapezius Upper Fibers,"Levator Scapulae,Trapezius Middle Fibers",
2025-11-20T23:38:19.764Z,SBS Novice Hypertrophy 5x,Day 5,Chest Fly,1,5,2,0,,,0,15,lb,20,lb,0,2025-11-21T00:25:46.472Z,Pectoralis Major Sternal Head,"Biceps Brachii,Deltoid Anterior,Pectoralis Major Clavicular Head",
2025-11-20T23:38:19.764Z,SBS Novice Hypertrophy 5x,Day 5,Chest Fly,0,8,8,0,,,0,20,lb,20,lb,0,2025-11-21T00:28:44.271Z,Pectoralis Major Sternal Head,"Biceps Brachii,Deltoid Anterior,Pectoralis Major Clavicular Head",
2025-11-20T23:38:19.764Z,SBS Novice Hypertrophy 5x,Day 5,Chest Fly,0,8,8,0,,,0,20,lb,20,lb,0,2025-11-21T00:31:59.848Z,Pectoralis Major Sternal Head,"Biceps Brachii,Deltoid Anterior,Pectoralis Major Clavicular Head",
2025-11-20T23:38:19.764Z,SBS Novice Hypertrophy 5x,Day 5,Chest Fly,0,8,8,0,,,0,20,lb,20,lb,0,2025-11-21T00:37:54.565Z,Pectoralis Major Sternal Head,"Biceps Brachii,Deltoid Anterior,Pectoralis Major Clavicular Head",
2025-11-20T23:38:19.764Z,SBS Novice Hypertrophy 5x,Day 5,Standing Row Rear Delt With Rope,1,5,5,0,,,0,20,lb,22.5,lb,0,2025-11-21T00:39:07.208Z,Deltoid Posterior,"Brachialis,Brachioradialis,Deltoid Lateral,Infraspinatus,Teres Minor,Trapezius Lower Fibers,Trapezius Middle Fibers",
2025-11-20T23:38:19.764Z,SBS Novice Hypertrophy 5x,Day 5,Standing Row Rear Delt With Rope,1,5,3,0,,,0,32.5,lb,32.5,lb,0,2025-11-21T00:39:27.392Z,Deltoid Posterior,"Brachialis,Brachioradialis,Deltoid Lateral,Infraspinatus,Teres Minor,Trapezius Lower Fibers,Trapezius Middle Fibers",
2025-11-20T23:38:19.764Z,SBS Novice Hypertrophy 5x,Day 5,Standing Row Rear Delt With Rope,1,3,2,0,,,0,32.5,lb,42.5,lb,0,2025-11-21T00:39:56.706Z,Deltoid Posterior,"Brachialis,Brachioradialis,Deltoid Lateral,Infraspinatus,Teres Minor,Trapezius Lower Fibers,Trapezius Middle Fibers",
2025-11-20T23:38:19.764Z,SBS Novice Hypertrophy 5x,Day 5,Standing Row Rear Delt With Rope,0,8,9,0,,,0,42.5,lb,42.5,lb,0,2025-11-21T00:43:01.467Z,Deltoid Posterior,"Brachialis,Brachioradialis,Deltoid Lateral,Infraspinatus,Teres Minor,Trapezius Lower Fibers,Trapezius Middle Fibers",
2025-11-20T23:38:19.764Z,SBS Novice Hypertrophy 5x,Day 5,Standing Row Rear Delt With Rope,0,8,8,0,,,0,42.5,lb,42.5,lb,0,2025-11-21T00:56:53.462Z,Deltoid Posterior,"Brachialis,Brachioradialis,Deltoid Lateral,Infraspinatus,Teres Minor,Trapezius Lower Fibers,Trapezius Middle Fibers",
2025-11-20T23:38:19.764Z,SBS Novice Hypertrophy 5x,Day 5,Standing Row Rear Delt With Rope,0,8,8,0,,,0,42.5,lb,42.5,lb,0,2025-11-21T01:00:25.065Z,Deltoid Posterior,"Brachialis,Brachioradialis,Deltoid Lateral,Infraspinatus,Teres Minor,Trapezius Lower Fibers,Trapezius Middle Fibers",
2025-11-20T23:38:19.764Z,SBS Novice Hypertrophy 5x,Day 5,Standing Row Rear Delt With Rope,0,8,9,0,,,0,42.5,lb,42.5,lb,0,2025-11-21T01:02:31.155Z,Deltoid Posterior,"Brachialis,Brachioradialis,Deltoid Lateral,Infraspinatus,Teres Minor,Trapezius Lower Fibers,Trapezius Middle Fibers",
2025-11-20T00:28:02.836Z,SBS Novice Hypertrophy 5x,Day 4,"Romanian Deadlift, Barbell",1,5,10,0,,,0,45,lb,45,lb,0,2025-11-20T00:29:33.539Z,Gluteus Maximus,"Adductor Magnus,Erector Spinae,Hamstrings",
2025-11-20T00:28:02.836Z,SBS Novice Hypertrophy 5x,Day 4,"Romanian Deadlift, Barbell",1,5,2,0,,,0,47.5,lb,115,lb,0,2025-11-20T00:32:33.176Z,Gluteus Maximus,"Adductor Magnus,Erector Spinae,Hamstrings",
2025-11-20T00:28:02.836Z,SBS Novice Hypertrophy 5x,Day 4,"Romanian Deadlift, Barbell",1,2,2,0,,,0,120,lb,120,lb,0,2025-11-20T00:32:33.660Z,Gluteus Maximus,"Adductor Magnus,Erector Spinae,Hamstrings",
2025-11-20T00:28:02.836Z,SBS Novice Hypertrophy 5x,Day 4,"Romanian Deadlift, Barbell",0,8,8,0,,,0,60,lb,120,lb,0,2025-11-20T00:36:26.560Z,Gluteus Maximus,"Adductor Magnus,Erector Spinae,Hamstrings",
2025-11-20T00:28:02.836Z,SBS Novice Hypertrophy 5x,Day 4,"Romanian Deadlift, Barbell",0,8,8,0,,,0,60,lb,125,lb,0,2025-11-20T00:39:50.451Z,Gluteus Maximus,"Adductor Magnus,Erector Spinae,Hamstrings",
2025-11-20T00:28:02.836Z,SBS Novice Hypertrophy 5x,Day 4,"Romanian Deadlift, Barbell",0,8,5,0,,,0,60,lb,130,lb,0,2025-11-20T00:43:39.107Z,Gluteus Maximus,"Adductor Magnus,Erector Spinae,Hamstrings",
2025-11-20T00:28:02.836Z,SBS Novice Hypertrophy 5x,Day 4,Leg Press,1,5,10,0,,,0,40,lb,45,lb,0,2025-11-20T00:47:04.590Z,Quadriceps,"Adductor Magnus,Gluteus Maximus,Soleus",
2025-11-20T00:28:02.836Z,SBS Novice Hypertrophy 5x,Day 4,Leg Press,1,5,2,0,,,0,63.75,lb,165,lb,0,2025-11-20T00:47:05.625Z,Quadriceps,"Adductor Magnus,Gluteus Maximus,Soleus",
2025-11-20T00:28:02.836Z,SBS Novice Hypertrophy 5x,Day 4,Leg Press,0,8,8,0,,,0,80,lb,165,lb,0,2025-11-20T00:49:49.061Z,Quadriceps,"Adductor Magnus,Gluteus Maximus,Soleus",
2025-11-20T00:28:02.836Z,SBS Novice Hypertrophy 5x,Day 4,Leg Press,0,8,8,0,,,0,80,lb,180,lb,0,2025-11-20T00:52:48.944Z,Quadriceps,"Adductor Magnus,Gluteus Maximus,Soleus",
2025-11-20T00:28:02.836Z,SBS Novice Hypertrophy 5x,Day 4,Leg Press,0,8,8,0,,,0,80,lb,200,lb,0,2025-11-20T00:56:59.907Z,Quadriceps,"Adductor Magnus,Gluteus Maximus,Soleus",
2025-11-20T00:28:02.836Z,SBS Novice Hypertrophy 5x,Day 4,Seated Leg Curl,1,5,5,0,,,0,33.75,lb,42.5,lb,0,2025-11-20T00:58:13.451Z,Hamstrings,"Gastrocnemius,Sartorius",
2025-11-20T00:28:02.836Z,SBS Novice Hypertrophy 5x,Day 4,Seated Leg Curl,1,5,2,0,,,0,42.5,lb,85,lb,0,2025-11-20T00:59:13.566Z,Hamstrings,"Gastrocnemius,Sartorius",
2025-11-20T00:28:02.836Z,SBS Novice Hypertrophy 5x,Day 4,Seated Leg Curl,0,8,8,0,,,0,42.5,lb,85,lb,0,2025-11-20T01:02:11.950Z,Hamstrings,"Gastrocnemius,Sartorius",
2025-11-20T00:28:02.836Z,SBS Novice Hypertrophy 5x,Day 4,Seated Leg Curl,0,8,8,0,,,0,42.5,lb,85,lb,0,2025-11-20T01:05:22.466Z,Hamstrings,"Gastrocnemius,Sartorius",
2025-11-20T00:28:02.836Z,SBS Novice Hypertrophy 5x,Day 4,Seated Leg Curl,0,8,5,0,,,0,42.5,lb,87.5,lb,0,2025-11-20T01:09:49.663Z,Hamstrings,"Gastrocnemius,Sartorius",
2025-11-20T00:28:02.836Z,SBS Novice Hypertrophy 5x,Day 4,Calf Press on Leg Press,1,,2,0,,,0,,,345,lb,0,2025-11-20T01:12:07.207Z,Gastrocnemius,Soleus,
2025-11-20T00:28:02.836Z,SBS Novice Hypertrophy 5x,Day 4,Calf Press on Leg Press,0,8,8,0,,,0,,,350,lb,0,2025-11-20T01:12:07.592Z,Gastrocnemius,Soleus,
2025-11-20T00:28:02.836Z,SBS Novice Hypertrophy 5x,Day 4,Calf Press on Leg Press,0,8,8,0,,,0,,,350,lb,0,2025-11-20T01:15:08.794Z,Gastrocnemius,Soleus,
2025-11-20T00:28:02.836Z,SBS Novice Hypertrophy 5x,Day 4,Calf Press on Leg Press,0,8,8,0,,,0,,,350,lb,0,2025-11-20T01:17:43.333Z,Gastrocnemius,Soleus,
2025-11-20T00:28:02.836Z,SBS Novice Hypertrophy 5x,Day 4,Calf Press on Leg Press,0,8,8,0,,,0,,,355,lb,0,2025-11-20T01:22:13.283Z,Gastrocnemius,Soleus,
2025-11-18T00:11:41.400Z,SBS Novice Hypertrophy 5x,Day 3,Shoulder Press,1,5,5,0,,,0,17.5,lb,20,lb,0,2025-11-18T00:15:08.007Z,Deltoid Anterior,"Deltoid Lateral,Pectoralis Major Clavicular Head,Serratus Anterior,Trapezius Lower Fibers,Trapezius Middle Fibers,Triceps Brachii",
2025-11-18T00:11:41.400Z,SBS Novice Hypertrophy 5x,Day 3,Shoulder Press,1,5,2,0,,,0,27.5,lb,35,lb,0,2025-11-18T00:15:10.510Z,Deltoid Anterior,"Deltoid Lateral,Pectoralis Major Clavicular Head,Serratus Anterior,Trapezius Lower Fibers,Trapezius Middle Fibers,Triceps Brachii",
2025-11-18T00:11:41.400Z,SBS Novice Hypertrophy 5x,Day 3,Shoulder Press,0,8,8,0,,,0,35,lb,35,lb,0,2025-11-18T00:24:03.263Z,Deltoid Anterior,"Deltoid Lateral,Pectoralis Major Clavicular Head,Serratus Anterior,Trapezius Lower Fibers,Trapezius Middle Fibers,Triceps Brachii",
2025-11-18T00:11:41.400Z,SBS Novice Hypertrophy 5x,Day 3,Shoulder Press,0,8,8,0,,,0,35,lb,35,lb,0,2025-11-18T00:24:02.379Z,Deltoid Anterior,"Deltoid Lateral,Pectoralis Major Clavicular Head,Serratus Anterior,Trapezius Lower Fibers,Trapezius Middle Fibers,Triceps Brachii",
2025-11-18T00:11:41.400Z,SBS Novice Hypertrophy 5x,Day 3,Shoulder Press,0,8,8,0,,,0,35,lb,35,lb,0,2025-11-18T00:27:03.121Z,Deltoid Anterior,"Deltoid Lateral,Pectoralis Major Clavicular Head,Serratus Anterior,Trapezius Lower Fibers,Trapezius Middle Fibers,Triceps Brachii",
2025-11-18T00:11:41.400Z,SBS Novice Hypertrophy 5x,Day 3,Shoulder Press,0,8,8,0,,,0,35,lb,35,lb,0,2025-11-18T00:32:22.316Z,Deltoid Anterior,"Deltoid Lateral,Pectoralis Major Clavicular Head,Serratus Anterior,Trapezius Lower Fibers,Trapezius Middle Fibers,Triceps Brachii",
2025-11-18T00:11:41.400Z,SBS Novice Hypertrophy 5x,Day 3,Pull Up,1,,2,0,,,0,,,0,lb,0,2025-11-18T00:32:58.910Z,Latissimus Dorsi,"Biceps Brachii,Brachialis,Brachioradialis,Deltoid Posterior,Infraspinatus,Levator Scapulae,Teres Major,Teres Minor,Trapezius Lower Fibers,Trapezius Middle Fibers",
2025-11-18T00:11:41.400Z,SBS Novice Hypertrophy 5x,Day 3,Pull Up,0,8,3,0,,,0,0,lb,0,lb,0,2025-11-18T00:35:05.601Z,Latissimus Dorsi,"Biceps Brachii,Brachialis,Brachioradialis,Deltoid Posterior,Infraspinatus,Levator Scapulae,Teres Major,Teres Minor,Trapezius Lower Fibers,Trapezius Middle Fibers",
2025-11-18T00:11:41.400Z,SBS Novice Hypertrophy 5x,Day 3,Pull Up,0,8,3,0,,,0,0,lb,0,lb,0,2025-11-18T00:37:39.135Z,Latissimus Dorsi,"Biceps Brachii,Brachialis,Brachioradialis,Deltoid Posterior,Infraspinatus,Levator Scapulae,Teres Major,Teres Minor,Trapezius Lower Fibers,Trapezius Middle Fibers",
2025-11-18T00:11:41.400Z,SBS Novice Hypertrophy 5x,Day 3,Pull Up,0,8,2,0,,,0,0,lb,0,lb,0,2025-11-18T00:40:22.640Z,Latissimus Dorsi,"Biceps Brachii,Brachialis,Brachioradialis,Deltoid Posterior,Infraspinatus,Levator Scapulae,Teres Major,Teres Minor,Trapezius Lower Fibers,Trapezius Middle Fibers",
2025-11-18T00:11:41.400Z,SBS Novice Hypertrophy 5x,Day 3,"Incline Bench Press, Dumbbell",1,,2,0,,,0,,,40,lb,0,2025-11-18T00:41:15.565Z,Pectoralis Major Clavicular Head,"Deltoid Anterior,Pectoralis Major Sternal Head,Triceps Brachii",
2025-11-18T00:11:41.400Z,SBS Novice Hypertrophy 5x,Day 3,"Incline Bench Press, Dumbbell",0,8,8,0,,,0,40,lb,40,lb,0,2025-11-18T00:43:32.174Z,Pectoralis Major Clavicular Head,"Deltoid Anterior,Pectoralis Major Sternal Head,Triceps Brachii",
2025-11-18T00:11:41.400Z,SBS Novice Hypertrophy 5x,Day 3,"Incline Bench Press, Dumbbell",0,8,8,0,,,0,40,lb,40,lb,0,2025-11-18T00:47:11.476Z,Pectoralis Major Clavicular Head,"Deltoid Anterior,Pectoralis Major Sternal Head,Triceps Brachii",
2025-11-18T00:11:41.400Z,SBS Novice Hypertrophy 5x,Day 3,"Incline Bench Press, Dumbbell",0,8,8,0,,,0,40,lb,40,lb,0,2025-11-18T00:50:28.771Z,Pectoralis Major Clavicular Head,"Deltoid Anterior,Pectoralis Major Sternal Head,Triceps Brachii",
2025-11-18T00:11:41.400Z,SBS Novice Hypertrophy 5x,Day 3,"Incline Bench Press, Dumbbell",0,8,8,0,,,0,40,lb,40,lb,0,2025-11-18T00:53:26.954Z,Pectoralis Major Clavicular Head,"Deltoid Anterior,Pectoralis Major Sternal Head,Triceps Brachii",
2025-11-18T00:11:41.400Z,SBS Novice Hypertrophy 5x,Day 3,"Seated Row, Leverage Machine",1,5,2,0,,,0,55,lb,137.5,lb,0,2025-11-18T00:54:07.871Z,"Latissimus Dorsi,Trapezius Lower Fibers,Trapezius Middle Fibers","Brachialis,Brachioradialis,Deltoid Posterior,Erector Spinae,Infraspinatus,Pectoralis Major Sternal Head,Teres Major,Teres Minor",
2025-11-18T00:11:41.400Z,SBS Novice Hypertrophy 5x,Day 3,"Seated Row, Leverage Machine",0,8,8,0,,,0,70,lb,137.5,lb,0,2025-11-18T00:56:11.652Z,"Latissimus Dorsi,Trapezius Lower Fibers,Trapezius Middle Fibers","Brachialis,Brachioradialis,Deltoid Posterior,Erector Spinae,Infraspinatus,Pectoralis Major Sternal Head,Teres Major,Teres Minor",
2025-11-18T00:11:41.400Z,SBS Novice Hypertrophy 5x,Day 3,"Seated Row, Leverage Machine",0,8,8,0,,,0,70,lb,137.5,lb,0,2025-11-18T01:00:10.775Z,"Latissimus Dorsi,Trapezius Lower Fibers,Trapezius Middle Fibers","Brachialis,Brachioradialis,Deltoid Posterior,Erector Spinae,Infraspinatus,Pectoralis Major Sternal Head,Teres Major,Teres Minor",
2025-11-18T00:11:41.400Z,SBS Novice Hypertrophy 5x,Day 3,"Seated Row, Leverage Machine",0,8,8,0,,,0,70,lb,137.5,lb,0,2025-11-18T01:02:39.640Z,"Latissimus Dorsi,Trapezius Lower Fibers,Trapezius Middle Fibers","Brachialis,Brachioradialis,Deltoid Posterior,Erector Spinae,Infraspinatus,Pectoralis Major Sternal Head,Teres Major,Teres Minor",
2025-11-12T23:58:17.001Z,SBS Novice Hypertrophy 5x,Day 2,Squat,1,5,10,0,,,0,45,lb,45,lb,0,2025-11-13T00:01:03.002Z,Quadriceps,"Adductor Magnus,Gluteus Maximus,Soleus",
2025-11-12T23:58:17.001Z,SBS Novice Hypertrophy 5x,Day 2,Squat,1,5,2,0,,,0,107.5,lb,135,lb,0,2025-11-13T00:02:20.230Z,Quadriceps,"Adductor Magnus,Gluteus Maximus,Soleus",
2025-11-12T23:58:17.001Z,SBS Novice Hypertrophy 5x,Day 2,Squat,0,8,8,0,,,0,135,lb,135,lb,0,2025-11-13T00:07:20.264Z,Quadriceps,"Adductor Magnus,Gluteus Maximus,Soleus",
2025-11-12T23:58:17.001Z,SBS Novice Hypertrophy 5x,Day 2,Squat,0,8,8,0,,,0,135,lb,135,lb,0,2025-11-13T00:11:37.738Z,Quadriceps,"Adductor Magnus,Gluteus Maximus,Soleus",
2025-11-12T23:58:17.001Z,SBS Novice Hypertrophy 5x,Day 2,Squat,0,8,8,0,,,0,135,lb,135,lb,0,2025-11-13T00:15:27.794Z,Quadriceps,"Adductor Magnus,Gluteus Maximus,Soleus",
2025-11-12T23:58:17.001Z,SBS Novice Hypertrophy 5x,Day 2,Squat,0,8,6,0,,,0,135,lb,135,lb,0,2025-11-13T00:22:59.765Z,Quadriceps,"Adductor Magnus,Gluteus Maximus,Soleus",
2025-11-12T23:58:17.001Z,SBS Novice Hypertrophy 5x,Day 2,Deadlift,1,,8,0,,,0,,,45,lb,0,2025-11-16T20:06:21.288Z,Gluteus Maximus,"Adductor Magnus,Hamstrings,Quadriceps,Soleus",
2025-11-12T23:58:17.001Z,SBS Novice Hypertrophy 5x,Day 2,Deadlift,1,2,2,0,,,0,165,lb,160,lb,0,2025-11-16T20:10:25.208Z,Gluteus Maximus,"Adductor Magnus,Hamstrings,Quadriceps,Soleus",
2025-11-12T23:58:17.001Z,SBS Novice Hypertrophy 5x,Day 2,Deadlift,0,8,8,0,,,0,,,160,lb,0,2025-11-16T20:18:29.741Z,Gluteus Maximus,"Adductor Magnus,Hamstrings,Quadriceps,Soleus",
2025-11-12T23:58:17.001Z,SBS Novice Hypertrophy 5x,Day 2,Deadlift,0,8,8,0,,,0,,,160,lb,0,2025-11-16T20:24:03.350Z,Gluteus Maximus,"Adductor Magnus,Hamstrings,Quadriceps,Soleus",
2025-11-12T23:58:17.001Z,SBS Novice Hypertrophy 5x,Day 2,Deadlift,0,8,8,0,,,0,,,160,lb,0,2025-11-16T20:28:28.950Z,Gluteus Maximus,"Adductor Magnus,Hamstrings,Quadriceps,Soleus",
2025-11-12T23:58:17.001Z,SBS Novice Hypertrophy 5x,Day 2,Bulgarian Split Squat,1,5,3,0,,,0,15,lb,15,lb,0,2025-11-16T20:35:53.231Z,Quadriceps,"Adductor Magnus,Gluteus Maximus,Soleus",
2025-11-12T23:58:17.001Z,SBS Novice Hypertrophy 5x,Day 2,Bulgarian Split Squat,0,8,8,0,,,0,20,lb,20,lb,0,2025-11-16T20:41:27.245Z,Quadriceps,"Adductor Magnus,Gluteus Maximus,Soleus",
2025-11-12T23:58:17.001Z,SBS Novice Hypertrophy 5x,Day 2,Bulgarian Split Squat,0,8,8,0,,,0,20,lb,20,lb,0,2025-11-16T20:42:48.613Z,Quadriceps,"Adductor Magnus,Gluteus Maximus,Soleus",
2025-11-12T23:58:17.001Z,SBS Novice Hypertrophy 5x,Day 2,Bulgarian Split Squat,0,8,8,0,,,0,20,lb,20,lb,0,2025-11-16T20:48:21.563Z,Quadriceps,"Adductor Magnus,Gluteus Maximus,Soleus",
2025-11-12T23:58:17.001Z,SBS Novice Hypertrophy 5x,Day 2,Calf Press on Leg Press,1,5,2,0,,,0,143.75,lb,340,lb,0,2025-11-13T00:25:29.064Z,Gastrocnemius,Soleus,
2025-11-12T23:58:17.001Z,SBS Novice Hypertrophy 5x,Day 2,Calf Press on Leg Press,0,8,8,0,,,0,180,lb,340,lb,0,2025-11-13T00:27:34.152Z,Gastrocnemius,Soleus,
2025-11-12T23:58:17.001Z,SBS Novice Hypertrophy 5x,Day 2,Calf Press on Leg Press,0,8,8,0,,,0,180,lb,340,lb,0,2025-11-13T00:31:39.036Z,Gastrocnemius,Soleus,
2025-11-12T23:58:17.001Z,SBS Novice Hypertrophy 5x,Day 2,Calf Press on Leg Press,0,8,9,0,,,0,180,lb,340,lb,0,2025-11-13T00:34:36.430Z,Gastrocnemius,Soleus,
2025-11-12T02:07:00.901Z,SBS Novice Hypertrophy 5x,Day 1,"Bench Press, Dumbbell",1,,2,0,,,0,,,50,lb,0,2025-11-12T02:09:34.358Z,Pectoralis Major Sternal Head,"Deltoid Anterior,Pectoralis Major Clavicular Head,Triceps Brachii",
2025-11-12T02:07:00.901Z,SBS Novice Hypertrophy 5x,Day 1,"Bench Press, Dumbbell",0,8,8,0,,,0,,,50,lb,0,2025-11-12T02:12:18.278Z,Pectoralis Major Sternal Head,"Deltoid Anterior,Pectoralis Major Clavicular Head,Triceps Brachii",
2025-11-12T02:07:00.901Z,SBS Novice Hypertrophy 5x,Day 1,"Bench Press, Dumbbell",0,8,8,0,,,0,,,50,lb,0,2025-11-12T02:15:34.796Z,Pectoralis Major Sternal Head,"Deltoid Anterior,Pectoralis Major Clavicular Head,Triceps Brachii",
2025-11-12T02:07:00.901Z,SBS Novice Hypertrophy 5x,Day 1,"Bench Press, Dumbbell",0,8,8,0,,,0,,,50,lb,0,2025-11-12T02:19:21.233Z,Pectoralis Major Sternal Head,"Deltoid Anterior,Pectoralis Major Clavicular Head,Triceps Brachii",
2025-11-12T02:07:00.901Z,SBS Novice Hypertrophy 5x,Day 1,Bent Over Row,1,,2,0,,,0,,,115,lb,0,2025-11-12T02:21:46.577Z,"Latissimus Dorsi,Trapezius Lower Fibers,Trapezius Middle Fibers","Brachialis,Brachioradialis,Deltoid Posterior,Infraspinatus,Pectoralis Major Sternal Head,Teres Major,Teres Minor",
2025-11-12T02:07:00.901Z,SBS Novice Hypertrophy 5x,Day 1,Bent Over Row,0,8,8,0,,,0,,,115,lb,0,2025-11-12T02:24:18.098Z,"Latissimus Dorsi,Trapezius Lower Fibers,Trapezius Middle Fibers","Brachialis,Brachioradialis,Deltoid Posterior,Infraspinatus,Pectoralis Major Sternal Head,Teres Major,Teres Minor",
2025-11-12T02:07:00.901Z,SBS Novice Hypertrophy 5x,Day 1,Bent Over Row,0,8,8,0,,,0,,,115,lb,0,2025-11-12T02:27:51.756Z,"Latissimus Dorsi,Trapezius Lower Fibers,Trapezius Middle Fibers","Brachialis,Brachioradialis,Deltoid Posterior,Infraspinatus,Pectoralis Major Sternal Head,Teres Major,Teres Minor",
2025-11-12T02:07:00.901Z,SBS Novice Hypertrophy 5x,Day 1,Bent Over Row,0,8,8,0,,,0,,,115,lb,0,2025-11-12T02:32:25.042Z,"Latissimus Dorsi,Trapezius Lower Fibers,Trapezius Middle Fibers","Brachialis,Brachioradialis,Deltoid Posterior,Infraspinatus,Pectoralis Major Sternal Head,Teres Major,Teres Minor",
2025-11-12T02:07:00.901Z,SBS Novice Hypertrophy 5x,Day 1,"Shoulder Press, Leverage Machine",1,,3,0,,,0,,,60,lb,0,2025-11-12T02:34:13.263Z,Deltoid Anterior,"Deltoid Lateral,Pectoralis Major Clavicular Head,Serratus Anterior,Trapezius Lower Fibers,Trapezius Middle Fibers,Triceps Brachii",
2025-11-12T02:07:00.901Z,SBS Novice Hypertrophy 5x,Day 1,"Shoulder Press, Leverage Machine",0,8,8,0,,,0,,,62.5,lb,0,2025-11-12T02:37:21.119Z,Deltoid Anterior,"Deltoid Lateral,Pectoralis Major Clavicular Head,Serratus Anterior,Trapezius Lower Fibers,Trapezius Middle Fibers,Triceps Brachii",
2025-11-12T02:07:00.901Z,SBS Novice Hypertrophy 5x,Day 1,"Shoulder Press, Leverage Machine",0,8,8,0,,,0,,,65,lb,0,2025-11-12T02:41:28.652Z,Deltoid Anterior,"Deltoid Lateral,Pectoralis Major Clavicular Head,Serratus Anterior,Trapezius Lower Fibers,Trapezius Middle Fibers,Triceps Brachii",
2025-11-12T02:07:00.901Z,SBS Novice Hypertrophy 5x,Day 1,"Shoulder Press, Leverage Machine",0,8,8,0,,,0,,,67.5,lb,0,2025-11-12T02:44:27.286Z,Deltoid Anterior,"Deltoid Lateral,Pectoralis Major Clavicular Head,Serratus Anterior,Trapezius Lower Fibers,Trapezius Middle Fibers,Triceps Brachii",
2025-11-12T02:07:00.901Z,SBS Novice Hypertrophy 5x,Day 1,"Lat Pulldown, Leverage Machine",1,,2,0,,,0,,,120,lb,0,2025-11-12T02:45:53.115Z,Latissimus Dorsi,"Biceps Brachii,Brachialis,Brachioradialis,Deltoid Posterior,Infraspinatus,Levator Scapulae,Teres Major,Teres Minor,Trapezius Lower Fibers,Trapezius Middle Fibers",
2025-11-12T02:07:00.901Z,SBS Novice Hypertrophy 5x,Day 1,"Lat Pulldown, Leverage Machine",0,8,8,0,,,0,,,122.5,lb,0,2025-11-12T02:48:42.514Z,Latissimus Dorsi,"Biceps Brachii,Brachialis,Brachioradialis,Deltoid Posterior,Infraspinatus,Levator Scapulae,Teres Major,Teres Minor,Trapezius Lower Fibers,Trapezius Middle Fibers",
2025-11-12T02:07:00.901Z,SBS Novice Hypertrophy 5x,Day 1,"Lat Pulldown, Leverage Machine",0,8,8,0,,,0,,,122.5,lb,0,2025-11-12T02:51:38.524Z,Latissimus Dorsi,"Biceps Brachii,Brachialis,Brachioradialis,Deltoid Posterior,Infraspinatus,Levator Scapulae,Teres Major,Teres Minor,Trapezius Lower Fibers,Trapezius Middle Fibers",
2025-11-12T02:07:00.901Z,SBS Novice Hypertrophy 5x,Day 1,"Lat Pulldown, Leverage Machine",0,8,8,0,,,0,,,122.5,lb,0,2025-11-12T02:54:04.738Z,Latissimus Dorsi,"Biceps Brachii,Brachialis,Brachioradialis,Deltoid Posterior,Infraspinatus,Levator Scapulae,Teres Major,Teres Minor,Trapezius Lower Fibers,Trapezius Middle Fibers",
2025-11-11T00:34:45.302Z,SBS Novice Hypertrophy 5x,Day 5,Concentration Curl,1,,2,0,,,0,,,25,lb,0,2025-11-11T00:35:58.387Z,Brachialis,"Biceps Brachii,Brachioradialis",
2025-11-11T00:34:45.302Z,SBS Novice Hypertrophy 5x,Day 5,Concentration Curl,0,8,9,0,,,0,,,25,lb,0,2025-11-11T00:40:19.305Z,Brachialis,"Biceps Brachii,Brachioradialis",
2025-11-11T00:34:45.302Z,SBS Novice Hypertrophy 5x,Day 5,Concentration Curl,0,8,8,0,,,0,,,25,lb,0,2025-11-11T00:44:30.729Z,Brachialis,"Biceps Brachii,Brachioradialis",
2025-11-11T00:34:45.302Z,SBS Novice Hypertrophy 5x,Day 5,Concentration Curl,0,8,8,0,,,0,,,25,lb,0,2025-11-11T00:48:13.281Z,Brachialis,"Biceps Brachii,Brachioradialis",
2025-11-11T00:34:45.302Z,SBS Novice Hypertrophy 5x,Day 5,Skullcrusher,0,8,8,0,,,0,20,lb,20,lb,0,2025-11-11T00:51:21.335Z,Triceps Brachii,,
2025-11-11T00:34:45.302Z,SBS Novice Hypertrophy 5x,Day 5,Skullcrusher,0,8,8,0,,,0,20,lb,30,lb,0,2025-11-11T00:55:05.732Z,Triceps Brachii,,
2025-11-11T00:34:45.302Z,SBS Novice Hypertrophy 5x,Day 5,Skullcrusher,0,8,8,0,,,0,20,lb,30,lb,0,2025-11-11T00:59:46.424Z,Triceps Brachii,,
2025-11-11T00:34:45.302Z,SBS Novice Hypertrophy 5x,Day 5,Skullcrusher,0,8,8,0,,,0,20,lb,30,lb,0,2025-11-11T01:04:18.280Z,Triceps Brachii,,
2025-11-11T00:34:45.302Z,SBS Novice Hypertrophy 5x,Day 5,Lateral Raise,1,5,3,0,,,0,20,lb,20,lb,0,2025-11-11T01:07:47.297Z,Deltoid Lateral,"Deltoid Anterior,Serratus Anterior,Trapezius Lower Fibers,Trapezius Middle Fibers",
2025-11-11T00:34:45.302Z,SBS Novice Hypertrophy 5x,Day 5,Lateral Raise,1,3,2,0,,,0,20,lb,25,lb,0,2025-11-11T01:07:54.823Z,Deltoid Lateral,"Deltoid Anterior,Serratus Anterior,Trapezius Lower Fibers,Trapezius Middle Fibers",
2025-11-11T00:34:45.302Z,SBS Novice Hypertrophy 5x,Day 5,Lateral Raise,0,8,8,0,,,0,25,lb,25,lb,0,2025-11-11T01:11:18.207Z,Deltoid Lateral,"Deltoid Anterior,Serratus Anterior,Trapezius Lower Fibers,Trapezius Middle Fibers",
2025-11-11T00:34:45.302Z,SBS Novice Hypertrophy 5x,Day 5,Lateral Raise,0,8,8,0,,,0,25,lb,25,lb,0,2025-11-11T01:14:56.885Z,Deltoid Lateral,"Deltoid Anterior,Serratus Anterior,Trapezius Lower Fibers,Trapezius Middle Fibers",
2025-11-11T00:34:45.302Z,SBS Novice Hypertrophy 5x,Day 5,Lateral Raise,0,8,8,0,,,0,25,lb,25,lb,0,2025-11-11T01:19:59.179Z,Deltoid Lateral,"Deltoid Anterior,Serratus Anterior,Trapezius Lower Fibers,Trapezius Middle Fibers",
2025-11-11T00:34:45.302Z,SBS Novice Hypertrophy 5x,Day 5,Lateral Raise,0,8,8,0,,,0,25,lb,25,lb,0,2025-11-11T01:24:29.737Z,Deltoid Lateral,"Deltoid Anterior,Serratus Anterior,Trapezius Lower Fibers,Trapezius Middle Fibers",
2025-11-11T00:34:45.302Z,SBS Novice Hypertrophy 5x,Day 5,"Shrug, Smith Machine",1,,10,0,,,0,,,25,lb,0,2025-11-11T01:26:10.713Z,Trapezius Upper Fibers,"Levator Scapulae,Trapezius Middle Fibers",
2025-11-11T00:34:45.302Z,SBS Novice Hypertrophy 5x,Day 5,"Shrug, Smith Machine",1,10,2,0,,,0,25,lb,115,lb,0,2025-11-11T01:27:00.809Z,Trapezius Upper Fibers,"Levator Scapulae,Trapezius Middle Fibers",
2025-11-11T00:34:45.302Z,SBS Novice Hypertrophy 5x,Day 5,"Shrug, Smith Machine",0,8,8,0,,,0,,,115,lb,0,2025-11-11T01:31:03.708Z,Trapezius Upper Fibers,"Levator Scapulae,Trapezius Middle Fibers",
2025-11-11T00:34:45.302Z,SBS Novice Hypertrophy 5x,Day 5,"Shrug, Smith Machine",0,8,10,0,,,0,,,125,lb,0,2025-11-11T01:33:50.482Z,Trapezius Upper Fibers,"Levator Scapulae,Trapezius Middle Fibers",
2025-11-11T00:34:45.302Z,SBS Novice Hypertrophy 5x,Day 5,"Shrug, Smith Machine",0,8,8,0,,,0,,,135,lb,0,2025-11-11T01:37:58.558Z,Trapezius Upper Fibers,"Levator Scapulae,Trapezius Middle Fibers",
2025-11-11T00:34:45.302Z,SBS Novice Hypertrophy 5x,Day 5,Chest Fly,1,5,5,0,,,0,15,lb,15,lb,0,2025-11-11T01:40:25.563Z,Pectoralis Major Sternal Head,"Biceps Brachii,Deltoid Anterior,Pectoralis Major Clavicular Head",
2025-11-11T00:34:45.302Z,SBS Novice Hypertrophy 5x,Day 5,Chest Fly,1,5,2,0,,,0,15,lb,25,lb,0,2025-11-11T01:40:28.466Z,Pectoralis Major Sternal Head,"Biceps Brachii,Deltoid Anterior,Pectoralis Major Clavicular Head",
2025-11-11T00:34:45.302Z,SBS Novice Hypertrophy 5x,Day 5,Chest Fly,0,8,7,0,,,0,20,lb,25,lb,0,2025-11-11T01:47:40.335Z,Pectoralis Major Sternal Head,"Biceps Brachii,Deltoid Anterior,Pectoralis Major Clavicular Head",
2025-11-11T00:34:45.302Z,SBS Novice Hypertrophy 5x,Day 5,Chest Fly,0,8,8,0,,,0,20,lb,25,lb,0,2025-11-11T01:47:40.619Z,Pectoralis Major Sternal Head,"Biceps Brachii,Deltoid Anterior,Pectoralis Major Clavicular Head",
2025-11-11T00:34:45.302Z,SBS Novice Hypertrophy 5x,Day 5,Chest Fly,0,8,8,0,,,0,20,lb,25,lb,0,2025-11-11T01:51:02.521Z,Pectoralis Major Sternal Head,"Biceps Brachii,Deltoid Anterior,Pectoralis Major Clavicular Head",
2025-11-11T00:34:45.302Z,SBS Novice Hypertrophy 5x,Day 5,Standing Row Rear Delt With Rope,1,,2,0,,,0,,,32.5,lb,0,2025-11-11T01:52:06.515Z,Deltoid Posterior,"Brachialis,Brachioradialis,Deltoid Lateral,Infraspinatus,Teres Minor,Trapezius Lower Fibers,Trapezius Middle Fibers",
2025-11-11T00:34:45.302Z,SBS Novice Hypertrophy 5x,Day 5,Standing Row Rear Delt With Rope,0,8,11,0,,,0,,,32.5,lb,0,2025-11-11T01:54:24.138Z,Deltoid Posterior,"Brachialis,Brachioradialis,Deltoid Lateral,Infraspinatus,Teres Minor,Trapezius Lower Fibers,Trapezius Middle Fibers",
2025-11-11T00:34:45.302Z,SBS Novice Hypertrophy 5x,Day 5,Standing Row Rear Delt With Rope,0,8,8,0,,,0,,,37.5,lb,0,2025-11-11T01:58:25.510Z,Deltoid Posterior,"Brachialis,Brachioradialis,Deltoid Lateral,Infraspinatus,Teres Minor,Trapezius Lower Fibers,Trapezius Middle Fibers",
2025-11-11T00:34:45.302Z,SBS Novice Hypertrophy 5x,Day 5,Standing Row Rear Delt With Rope,0,8,8,0,,,0,,,42.5,lb,0,2025-11-11T02:03:53.866Z,Deltoid Posterior,"Brachialis,Brachioradialis,Deltoid Lateral,Infraspinatus,Teres Minor,Trapezius Lower Fibers,Trapezius Middle Fibers",
2025-11-08T01:04:17.177Z,SBS Novice Hypertrophy 5x,Day 4,"Romanian Deadlift, Barbell",0,8,4,0,,,0,,,60,lb,0,2025-11-08T01:06:13.353Z,Gluteus Maximus,"Adductor Magnus,Erector Spinae,Hamstrings",
2025-11-08T01:04:17.177Z,SBS Novice Hypertrophy 5x,Day 4,"Romanian Deadlift, Barbell",0,8,4,0,,,0,,,60,lb,0,2025-11-08T01:09:58.276Z,Gluteus Maximus,"Adductor Magnus,Erector Spinae,Hamstrings",
2025-11-08T01:04:17.177Z,SBS Novice Hypertrophy 5x,Day 4,Leg Press,0,8,4,0,,,0,,,80,lb,0,2025-11-08T01:10:47.439Z,Quadriceps,"Adductor Magnus,Gluteus Maximus,Soleus",
2025-11-08T01:04:17.177Z,SBS Novice Hypertrophy 5x,Day 4,Leg Press,0,8,4,0,,,0,,,80,lb,0,2025-11-08T01:12:49.058Z,Quadriceps,"Adductor Magnus,Gluteus Maximus,Soleus",
2025-11-08T01:04:17.177Z,SBS Novice Hypertrophy 5x,Day 4,Seated Leg Curl,0,8,4,0,,,0,,,42.5,lb,0,2025-11-08T01:23:27.547Z,Hamstrings,"Gastrocnemius,Sartorius",
2025-11-08T01:04:17.177Z,SBS Novice Hypertrophy 5x,Day 4,Seated Leg Curl,0,8,4,0,,,0,,,42.5,lb,0,2025-11-08T02:35:55.972Z,Hamstrings,"Gastrocnemius,Sartorius",
2025-11-08T01:04:17.177Z,SBS Novice Hypertrophy 5x,Day 4,Calf Press on Leg Press,0,8,4,0,,,0,,,185,lb,0,2025-11-08T01:14:43.547Z,Gastrocnemius,Soleus,
2025-11-08T01:04:17.177Z,SBS Novice Hypertrophy 5x,Day 4,Calf Press on Leg Press,0,8,4,0,,,0,,,185,lb,0,2025-11-08T01:22:44.886Z,Gastrocnemius,Soleus,
2025-11-06T00:45:29.107Z,SBS Novice Hypertrophy 5x,Day 3,Shoulder Press,0,8,4,0,,,0,35,lb,20,lb,0,2025-11-06T00:47:36.168Z,Deltoid Anterior,"Deltoid Lateral,Pectoralis Major Clavicular Head,Serratus Anterior,Trapezius Lower Fibers,Trapezius Middle Fibers,Triceps Brachii",
2025-11-06T00:45:29.107Z,SBS Novice Hypertrophy 5x,Day 3,Shoulder Press,0,8,4,0,,,0,35,lb,20,lb,0,2025-11-06T00:49:32.810Z,Deltoid Anterior,"Deltoid Lateral,Pectoralis Major Clavicular Head,Serratus Anterior,Trapezius Lower Fibers,Trapezius Middle Fibers,Triceps Brachii",
2025-11-06T00:45:29.107Z,SBS Novice Hypertrophy 5x,Day 3,Pull Up,0,8,2,0,,,0,0,lb,0,lb,0,2025-11-06T00:50:05.282Z,Latissimus Dorsi,"Biceps Brachii,Brachialis,Brachioradialis,Deltoid Posterior,Infraspinatus,Levator Scapulae,Teres Major,Teres Minor,Trapezius Lower Fibers,Trapezius Middle Fibers",
2025-11-06T00:45:29.107Z,SBS Novice Hypertrophy 5x,Day 3,Pull Up,0,8,2,0,,,0,0,lb,0,lb,0,2025-11-06T00:52:13.526Z,Latissimus Dorsi,"Biceps Brachii,Brachialis,Brachioradialis,Deltoid Posterior,Infraspinatus,Levator Scapulae,Teres Major,Teres Minor,Trapezius Lower Fibers,Trapezius Middle Fibers",
2025-11-06T00:45:29.107Z,SBS Novice Hypertrophy 5x,Day 3,"Incline Bench Press, Dumbbell",0,8,4,0,,,0,40,lb,20,lb,0,2025-11-06T00:52:59.664Z,Pectoralis Major Clavicular Head,"Deltoid Anterior,Pectoralis Major Sternal Head,Triceps Brachii",
2025-11-06T00:45:29.107Z,SBS Novice Hypertrophy 5x,Day 3,"Incline Bench Press, Dumbbell",0,8,4,0,,,0,40,lb,20,lb,0,2025-11-06T00:55:10.179Z,Pectoralis Major Clavicular Head,"Deltoid Anterior,Pectoralis Major Sternal Head,Triceps Brachii",
2025-11-06T00:45:29.107Z,SBS Novice Hypertrophy 5x,Day 3,"Seated Row, Leverage Machine",0,8,4,0,,,0,,,70,lb,0,2025-11-06T00:55:47.515Z,"Latissimus Dorsi,Trapezius Lower Fibers,Trapezius Middle Fibers","Brachialis,Brachioradialis,Deltoid Posterior,Erector Spinae,Infraspinatus,Pectoralis Major Sternal Head,Teres Major,Teres Minor",
2025-11-06T00:45:29.107Z,SBS Novice Hypertrophy 5x,Day 3,"Seated Row, Leverage Machine",0,8,4,0,,,0,,,70,lb,0,2025-11-06T00:59:01.593Z,"Latissimus Dorsi,Trapezius Lower Fibers,Trapezius Middle Fibers","Brachialis,Brachioradialis,Deltoid Posterior,Erector Spinae,Infraspinatus,Pectoralis Major Sternal Head,Teres Major,Teres Minor",
2025-11-04T00:35:02.280Z,SBS Novice Hypertrophy 5x,Day 2,Squat,0,8,4,0,,,0,135,lb,95,lb,0,2025-11-04T00:37:18.329Z,Quadriceps,"Adductor Magnus,Gluteus Maximus,Soleus",
2025-11-04T00:35:02.280Z,SBS Novice Hypertrophy 5x,Day 2,Squat,0,8,4,0,,,0,135,lb,95,lb,0,2025-11-04T00:39:49.338Z,Quadriceps,"Adductor Magnus,Gluteus Maximus,Soleus",
2025-11-04T00:35:02.280Z,SBS Novice Hypertrophy 5x,Day 2,Deadlift,0,8,4,0,,,0,,,95,lb,0,2025-11-04T00:42:13.546Z,Gluteus Maximus,"Adductor Magnus,Hamstrings,Quadriceps,Soleus",
2025-11-04T00:35:02.280Z,SBS Novice Hypertrophy 5x,Day 2,Deadlift,0,8,4,0,,,0,,,95,lb,0,2025-11-04T00:45:39.928Z,Gluteus Maximus,"Adductor Magnus,Hamstrings,Quadriceps,Soleus",
2025-11-04T00:35:02.280Z,SBS Novice Hypertrophy 5x,Day 2,Bulgarian Split Squat,0,8,4,0,,,0,20,lb,10,lb,0,2025-11-04T00:46:41.219Z,Quadriceps,"Adductor Magnus,Gluteus Maximus,Soleus",
2025-11-04T00:35:02.280Z,SBS Novice Hypertrophy 5x,Day 2,Bulgarian Split Squat,0,8,4,0,,,0,20,lb,10,lb,0,2025-11-04T00:48:39.481Z,Quadriceps,"Adductor Magnus,Gluteus Maximus,Soleus",
2025-11-04T00:35:02.280Z,SBS Novice Hypertrophy 5x,Day 2,Calf Press on Leg Press,0,8,4,0,,,0,,,180,lb,0,2025-11-04T00:49:43.781Z,Gastrocnemius,Soleus,
2025-11-04T00:35:02.280Z,SBS Novice Hypertrophy 5x,Day 2,Calf Press on Leg Press,0,8,4,0,,,0,,,180,lb,0,2025-11-04T00:51:27.836Z,Gastrocnemius,Soleus,
2025-11-04T00:34:58.125Z,SBS Novice Hypertrophy 5x,Day 1,"Bench Press, Dumbbell",0,8,,0,,,0,,,,,0,,Pectoralis Major Sternal Head,"Deltoid Anterior,Pectoralis Major Clavicular Head,Triceps Brachii",
2025-11-04T00:34:58.125Z,SBS Novice Hypertrophy 5x,Day 1,"Bench Press, Dumbbell",0,8,,0,,,0,,,,,0,,Pectoralis Major Sternal Head,"Deltoid Anterior,Pectoralis Major Clavicular Head,Triceps Brachii",
2025-11-04T00:34:58.125Z,SBS Novice Hypertrophy 5x,Day 1,"Bench Press, Dumbbell",0,8,,0,,,0,,,,,0,,Pectoralis Major Sternal Head,"Deltoid Anterior,Pectoralis Major Clavicular Head,Triceps Brachii",
2025-11-04T00:34:58.125Z,SBS Novice Hypertrophy 5x,Day 1,Bent Over Row,0,8,,0,,,0,,,,,0,,"Latissimus Dorsi,Trapezius Lower Fibers,Trapezius Middle Fibers","Brachialis,Brachioradialis,Deltoid Posterior,Infraspinatus,Pectoralis Major Sternal Head,Teres Major,Teres Minor",
2025-11-04T00:34:58.125Z,SBS Novice Hypertrophy 5x,Day 1,Bent Over Row,0,8,,0,,,0,,,,,0,,"Latissimus Dorsi,Trapezius Lower Fibers,Trapezius Middle Fibers","Brachialis,Brachioradialis,Deltoid Posterior,Infraspinatus,Pectoralis Major Sternal Head,Teres Major,Teres Minor",
2025-11-04T00:34:58.125Z,SBS Novice Hypertrophy 5x,Day 1,Bent Over Row,0,8,,0,,,0,,,,,0,,"Latissimus Dorsi,Trapezius Lower Fibers,Trapezius Middle Fibers","Brachialis,Brachioradialis,Deltoid Posterior,Infraspinatus,Pectoralis Major Sternal Head,Teres Major,Teres Minor",
2025-11-04T00:34:58.125Z,SBS Novice Hypertrophy 5x,Day 1,"Shoulder Press, Leverage Machine",0,8,,0,,,0,,,,,0,,Deltoid Anterior,"Deltoid Lateral,Pectoralis Major Clavicular Head,Serratus Anterior,Trapezius Lower Fibers,Trapezius Middle Fibers,Triceps Brachii",
2025-11-04T00:34:58.125Z,SBS Novice Hypertrophy 5x,Day 1,"Shoulder Press, Leverage Machine",0,8,,0,,,0,,,,,0,,Deltoid Anterior,"Deltoid Lateral,Pectoralis Major Clavicular Head,Serratus Anterior,Trapezius Lower Fibers,Trapezius Middle Fibers,Triceps Brachii",
2025-11-04T00:34:58.125Z,SBS Novice Hypertrophy 5x,Day 1,"Shoulder Press, Leverage Machine",0,8,,0,,,0,,,,,0,,Deltoid Anterior,"Deltoid Lateral,Pectoralis Major Clavicular Head,Serratus Anterior,Trapezius Lower Fibers,Trapezius Middle Fibers,Triceps Brachii",
2025-11-04T00:34:58.125Z,SBS Novice Hypertrophy 5x,Day 1,Lat Pulldown,0,8,,0,,,0,,,,,0,,Latissimus Dorsi,"Biceps Brachii,Brachialis,Brachioradialis,Deltoid Posterior,Infraspinatus,Levator Scapulae,Teres Major,Teres Minor,Trapezius Lower Fibers,Trapezius Middle Fibers",
2025-11-04T00:34:58.125Z,SBS Novice Hypertrophy 5x,Day 1,Lat Pulldown,0,8,,0,,,0,,,,,0,,Latissimus Dorsi,"Biceps Brachii,Brachialis,Brachioradialis,Deltoid Posterior,Infraspinatus,Levator Scapulae,Teres Major,Teres Minor,Trapezius Lower Fibers,Trapezius Middle Fibers",
2025-11-04T00:34:58.125Z,SBS Novice Hypertrophy 5x,Day 1,Lat Pulldown,0,8,,0,,,0,,,,,0,,Latissimus Dorsi,"Biceps Brachii,Brachialis,Brachioradialis,Deltoid Posterior,Infraspinatus,Levator Scapulae,Teres Major,Teres Minor,Trapezius Lower Fibers,Trapezius Middle Fibers",
2025-10-30T00:43:57.200Z,SBS Novice Hypertrophy 5x,Day 5,Concentration Curl,1,,2,0,,,0,,,20,lb,0,2025-10-30T00:46:22.252Z,Brachialis,"Biceps Brachii,Brachioradialis",
2025-10-30T00:43:57.200Z,SBS Novice Hypertrophy 5x,Day 5,Concentration Curl,0,8,8,0,,,0,,,20,lb,0,2025-10-30T00:48:17.805Z,Brachialis,"Biceps Brachii,Brachioradialis",
2025-10-30T00:43:57.200Z,SBS Novice Hypertrophy 5x,Day 5,Concentration Curl,0,8,8,0,,,0,,,20,lb,0,2025-10-30T00:56:37.127Z,Brachialis,"Biceps Brachii,Brachioradialis",
2025-10-30T00:43:57.200Z,SBS Novice Hypertrophy 5x,Day 5,Concentration Curl,0,8,8,0,,,0,,,20,lb,0,2025-10-30T01:00:12.600Z,Brachialis,"Biceps Brachii,Brachioradialis",
2025-10-30T00:43:57.200Z,SBS Novice Hypertrophy 5x,Day 5,Skullcrusher,1,,2,0,,,0,,,20,lb,0,2025-10-30T01:01:24.766Z,Triceps Brachii,,
2025-10-30T00:43:57.200Z,SBS Novice Hypertrophy 5x,Day 5,Skullcrusher,0,8,8,0,,,0,,,20,lb,0,2025-10-30T01:04:27.320Z,Triceps Brachii,,
2025-10-30T00:43:57.200Z,SBS Novice Hypertrophy 5x,Day 5,Skullcrusher,0,8,11,0,,,0,,,20,lb,0,2025-10-30T01:08:11.836Z,Triceps Brachii,,
2025-10-30T00:43:57.200Z,SBS Novice Hypertrophy 5x,Day 5,Skullcrusher,0,8,8,0,,,0,,,20,lb,0,2025-10-30T01:13:12.338Z,Triceps Brachii,,
2025-10-30T00:43:57.200Z,SBS Novice Hypertrophy 5x,Day 5,Lateral Raise,1,,2,0,,,0,,,25,lb,0,2025-10-30T01:15:09.873Z,Deltoid Lateral,"Deltoid Anterior,Serratus Anterior,Trapezius Lower Fibers,Trapezius Middle Fibers",
2025-10-30T00:43:57.200Z,SBS Novice Hypertrophy 5x,Day 5,Lateral Raise,0,8,8,0,,,0,,,25,lb,0,2025-10-30T01:16:55.834Z,Deltoid Lateral,"Deltoid Anterior,Serratus Anterior,Trapezius Lower Fibers,Trapezius Middle Fibers",
2025-10-30T00:43:57.200Z,SBS Novice Hypertrophy 5x,Day 5,Lateral Raise,0,8,8,0,,,0,,,25,lb,0,2025-10-30T01:25:33.211Z,Deltoid Lateral,"Deltoid Anterior,Serratus Anterior,Trapezius Lower Fibers,Trapezius Middle Fibers",
2025-10-30T00:43:57.200Z,SBS Novice Hypertrophy 5x,Day 5,Lateral Raise,0,8,8,0,,,0,,,25,lb,0,2025-10-30T01:25:33.425Z,Deltoid Lateral,"Deltoid Anterior,Serratus Anterior,Trapezius Lower Fibers,Trapezius Middle Fibers",
2025-10-30T00:43:57.200Z,SBS Novice Hypertrophy 5x,Day 5,Shrug,1,,3,0,,,0,,,25,lb,0,2025-10-30T01:25:38.190Z,Trapezius Upper Fibers,"Levator Scapulae,Trapezius Middle Fibers",
2025-10-30T00:43:57.200Z,SBS Novice Hypertrophy 5x,Day 5,Shrug,0,8,,0,,,0,,,,,0,,Trapezius Upper Fibers,"Levator Scapulae,Trapezius Middle Fibers",
2025-10-30T00:43:57.200Z,SBS Novice Hypertrophy 5x,Day 5,Shrug,0,8,,0,,,0,,,,,0,,Trapezius Upper Fibers,"Levator Scapulae,Trapezius Middle Fibers",
2025-10-30T00:43:57.200Z,SBS Novice Hypertrophy 5x,Day 5,Shrug,0,8,,0,,,0,,,,,0,,Trapezius Upper Fibers,"Levator Scapulae,Trapezius Middle Fibers",
2025-10-30T00:43:57.200Z,SBS Novice Hypertrophy 5x,Day 5,Chest Fly,1,,2,0,,,0,,,20,lb,0,2025-10-30T01:29:15.909Z,Pectoralis Major Sternal Head,"Biceps Brachii,Deltoid Anterior,Pectoralis Major Clavicular Head",
2025-10-30T00:43:57.200Z,SBS Novice Hypertrophy 5x,Day 5,Chest Fly,0,8,8,0,,,0,,,20,lb,0,2025-10-30T01:29:16.193Z,Pectoralis Major Sternal Head,"Biceps Brachii,Deltoid Anterior,Pectoralis Major Clavicular Head",
2025-10-30T00:43:57.200Z,SBS Novice Hypertrophy 5x,Day 5,Chest Fly,0,8,,0,,,0,,,,,0,,Pectoralis Major Sternal Head,"Biceps Brachii,Deltoid Anterior,Pectoralis Major Clavicular Head",
2025-10-30T00:43:57.200Z,SBS Novice Hypertrophy 5x,Day 5,Chest Fly,0,8,,0,,,0,,,,,0,,Pectoralis Major Sternal Head,"Biceps Brachii,Deltoid Anterior,Pectoralis Major Clavicular Head",
2025-10-30T00:43:57.200Z,SBS Novice Hypertrophy 5x,Day 5,Standing Row Rear Delt With Rope,0,8,,0,,,0,,,,,0,,Deltoid Posterior,"Brachialis,Brachioradialis,Deltoid Lateral,Infraspinatus,Teres Minor,Trapezius Lower Fibers,Trapezius Middle Fibers",
2025-10-30T00:43:57.200Z,SBS Novice Hypertrophy 5x,Day 5,Standing Row Rear Delt With Rope,0,8,,0,,,0,,,,,0,,Deltoid Posterior,"Brachialis,Brachioradialis,Deltoid Lateral,Infraspinatus,Teres Minor,Trapezius Lower Fibers,Trapezius Middle Fibers",
2025-10-30T00:43:57.200Z,SBS Novice Hypertrophy 5x,Day 5,Standing Row Rear Delt With Rope,0,8,,0,,,0,,,,,0,,Deltoid Posterior,"Brachialis,Brachioradialis,Deltoid Lateral,Infraspinatus,Teres Minor,Trapezius Lower Fibers,Trapezius Middle Fibers",
2025-10-27T23:37:31.889Z,SBS Novice Hypertrophy 5x,Day 3,Shoulder Press,1,,2,0,,,0,,,35,lb,0,2025-10-27T23:39:55.098Z,Deltoid Anterior,"Deltoid Lateral,Pectoralis Major Clavicular Head,Serratus Anterior,Trapezius Lower Fibers,Trapezius Middle Fibers,Triceps Brachii",
2025-10-27T23:37:31.889Z,SBS Novice Hypertrophy 5x,Day 3,Shoulder Press,0,8,8,0,,,0,,,35,lb,0,2025-10-27T23:43:12.747Z,Deltoid Anterior,"Deltoid Lateral,Pectoralis Major Clavicular Head,Serratus Anterior,Trapezius Lower Fibers,Trapezius Middle Fibers,Triceps Brachii",
2025-10-27T23:37:31.889Z,SBS Novice Hypertrophy 5x,Day 3,Shoulder Press,0,8,8,0,,,0,,,35,lb,0,2025-10-27T23:48:07.328Z,Deltoid Anterior,"Deltoid Lateral,Pectoralis Major Clavicular Head,Serratus Anterior,Trapezius Lower Fibers,Trapezius Middle Fibers,Triceps Brachii",
2025-10-27T23:37:31.889Z,SBS Novice Hypertrophy 5x,Day 3,Shoulder Press,0,8,8,0,,,0,,,35,lb,0,2025-10-27T23:52:48.979Z,Deltoid Anterior,"Deltoid Lateral,Pectoralis Major Clavicular Head,Serratus Anterior,Trapezius Lower Fibers,Trapezius Middle Fibers,Triceps Brachii",
2025-10-27T23:37:31.889Z,SBS Novice Hypertrophy 5x,Day 3,Pull Up,1,,1,0,,,0,,,0,lb,0,2025-10-27T23:53:24.680Z,Latissimus Dorsi,"Biceps Brachii,Brachialis,Brachioradialis,Deltoid Posterior,Infraspinatus,Levator Scapulae,Teres Major,Teres Minor,Trapezius Lower Fibers,Trapezius Middle Fibers",
2025-10-27T23:37:31.889Z,SBS Novice Hypertrophy 5x,Day 3,Pull Up,0,8,3,0,,,0,0,lb,0,lb,0,2025-10-27T23:58:57.862Z,Latissimus Dorsi,"Biceps Brachii,Brachialis,Brachioradialis,Deltoid Posterior,Infraspinatus,Levator Scapulae,Teres Major,Teres Minor,Trapezius Lower Fibers,Trapezius Middle Fibers",
2025-10-27T23:37:31.889Z,SBS Novice Hypertrophy 5x,Day 3,Pull Up,0,8,2,0,,,0,0,lb,0,lb,0,2025-10-28T00:01:58.875Z,Latissimus Dorsi,"Biceps Brachii,Brachialis,Brachioradialis,Deltoid Posterior,Infraspinatus,Levator Scapulae,Teres Major,Teres Minor,Trapezius Lower Fibers,Trapezius Middle Fibers",
2025-10-27T23:37:31.889Z,SBS Novice Hypertrophy 5x,Day 3,Pull Up,0,8,2,0,,,0,0,lb,0,lb,0,2025-10-28T00:07:03.969Z,Latissimus Dorsi,"Biceps Brachii,Brachialis,Brachioradialis,Deltoid Posterior,Infraspinatus,Levator Scapulae,Teres Major,Teres Minor,Trapezius Lower Fibers,Trapezius Middle Fibers",
2025-10-27T23:37:31.889Z,SBS Novice Hypertrophy 5x,Day 3,"Incline Bench Press, Dumbbell",1,,2,0,,,0,,,40,lb,0,2025-10-28T00:08:14.450Z,Pectoralis Major Clavicular Head,"Deltoid Anterior,Pectoralis Major Sternal Head,Triceps Brachii",
2025-10-27T23:37:31.889Z,SBS Novice Hypertrophy 5x,Day 3,"Incline Bench Press, Dumbbell",0,8,8,0,,,0,,,40,lb,0,2025-10-28T00:11:28.331Z,Pectoralis Major Clavicular Head,"Deltoid Anterior,Pectoralis Major Sternal Head,Triceps Brachii",
2025-10-27T23:37:31.889Z,SBS Novice Hypertrophy 5x,Day 3,"Incline Bench Press, Dumbbell",0,8,8,0,,,0,,,40,lb,0,2025-10-28T00:16:02.341Z,Pectoralis Major Clavicular Head,"Deltoid Anterior,Pectoralis Major Sternal Head,Triceps Brachii",
2025-10-27T23:37:31.889Z,SBS Novice Hypertrophy 5x,Day 3,"Incline Bench Press, Dumbbell",0,8,8,0,,,0,,,40,lb,0,2025-10-28T00:24:40.380Z,Pectoralis Major Clavicular Head,"Deltoid Anterior,Pectoralis Major Sternal Head,Triceps Brachii",
2025-10-27T23:37:31.889Z,SBS Novice Hypertrophy 5x,Day 3,"Seated Row, Leverage Machine",1,,2,0,,,0,,,137.5,lb,0,2025-10-28T00:25:35.538Z,"Latissimus Dorsi,Trapezius Lower Fibers,Trapezius Middle Fibers","Brachialis,Brachioradialis,Deltoid Posterior,Erector Spinae,Infraspinatus,Pectoralis Major Sternal Head,Teres Major,Teres Minor",
2025-10-27T23:37:31.889Z,SBS Novice Hypertrophy 5x,Day 3,"Seated Row, Leverage Machine",0,8,8,0,,,0,,,137.5,lb,0,2025-10-28T00:27:28.094Z,"Latissimus Dorsi,Trapezius Lower Fibers,Trapezius Middle Fibers","Brachialis,Brachioradialis,Deltoid Posterior,Erector Spinae,Infraspinatus,Pectoralis Major Sternal Head,Teres Major,Teres Minor",
2025-10-27T23:37:31.889Z,SBS Novice Hypertrophy 5x,Day 3,"Seated Row, Leverage Machine",0,8,8,0,,,0,,,137.5,lb,0,2025-10-28T00:33:51.431Z,"Latissimus Dorsi,Trapezius Lower Fibers,Trapezius Middle Fibers","Brachialis,Brachioradialis,Deltoid Posterior,Erector Spinae,Infraspinatus,Pectoralis Major Sternal Head,Teres Major,Teres Minor",
2025-10-27T23:37:31.889Z,SBS Novice Hypertrophy 5x,Day 3,"Seated Row, Leverage Machine",0,8,8,0,,,0,,,137.5,lb,0,2025-10-28T00:38:20.355Z,"Latissimus Dorsi,Trapezius Lower Fibers,Trapezius Middle Fibers","Brachialis,Brachioradialis,Deltoid Posterior,Erector Spinae,Infraspinatus,Pectoralis Major Sternal Head,Teres Major,Teres Minor",
2025-10-27T00:39:12.182Z,SBS Novice Hypertrophy 5x,Day 2,Squat,1,,10,0,,,0,,,45,lb,0,2025-10-27T00:44:07.768Z,Quadriceps,"Adductor Magnus,Gluteus Maximus,Soleus",
2025-10-27T00:39:12.182Z,SBS Novice Hypertrophy 5x,Day 2,Squat,1,,2,0,,,0,,,135,lb,0,2025-10-27T00:44:08.093Z,Quadriceps,"Adductor Magnus,Gluteus Maximus,Soleus",
2025-10-27T00:39:12.182Z,SBS Novice Hypertrophy 5x,Day 2,Squat,0,8,8,0,,,0,,,135,lb,0,2025-10-27T00:46:41.990Z,Quadriceps,"Adductor Magnus,Gluteus Maximus,Soleus",
2025-10-27T00:39:12.182Z,SBS Novice Hypertrophy 5x,Day 2,Squat,0,8,8,0,,,0,,,135,lb,0,2025-10-27T00:53:14.372Z,Quadriceps,"Adductor Magnus,Gluteus Maximus,Soleus",
2025-10-27T00:39:12.182Z,SBS Novice Hypertrophy 5x,Day 2,Squat,0,8,8,0,,,0,,,135,lb,0,2025-10-27T01:00:00.467Z,Quadriceps,"Adductor Magnus,Gluteus Maximus,Soleus",
2025-10-27T00:39:12.182Z,SBS Novice Hypertrophy 5x,Day 2,Deadlift,1,,3,0,,,0,,,135,lb,0,2025-10-27T01:02:00.425Z,Gluteus Maximus,"Adductor Magnus,Hamstrings,Quadriceps,Soleus",
2025-10-27T00:39:12.182Z,SBS Novice Hypertrophy 5x,Day 2,Deadlift,1,,2,0,,,0,,,155,lb,0,2025-10-27T01:02:44.459Z,Gluteus Maximus,"Adductor Magnus,Hamstrings,Quadriceps,Soleus",
2025-10-27T00:39:12.182Z,SBS Novice Hypertrophy 5x,Day 2,Deadlift,0,8,8,0,,,0,,,155,lb,0,2025-10-27T01:05:58.602Z,Gluteus Maximus,"Adductor Magnus,Hamstrings,Quadriceps,Soleus",
2025-10-27T00:39:12.182Z,SBS Novice Hypertrophy 5x,Day 2,Deadlift,0,8,8,0,,,0,,,155,lb,0,2025-10-27T01:12:31.617Z,Gluteus Maximus,"Adductor Magnus,Hamstrings,Quadriceps,Soleus",
2025-10-27T00:39:12.182Z,SBS Novice Hypertrophy 5x,Day 2,Deadlift,0,8,8,0,,,0,,,155,lb,0,2025-10-27T01:12:32.016Z,Gluteus Maximus,"Adductor Magnus,Hamstrings,Quadriceps,Soleus",
2025-10-27T00:39:12.182Z,SBS Novice Hypertrophy 5x,Day 2,Bulgarian Split Squat,1,,2,0,,,0,,,20,lb,0,2025-10-27T01:15:37.699Z,Quadriceps,"Adductor Magnus,Gluteus Maximus,Soleus",
2025-10-27T00:39:12.182Z,SBS Novice Hypertrophy 5x,Day 2,Bulgarian Split Squat,0,8,3,0,,,0,,,20,lb,0,2025-10-27T01:19:40.357Z,Quadriceps,"Adductor Magnus,Gluteus Maximus,Soleus",
2025-10-27T00:39:12.182Z,SBS Novice Hypertrophy 5x,Day 2,Bulgarian Split Squat,0,8,,0,,,0,,,,,0,,Quadriceps,"Adductor Magnus,Gluteus Maximus,Soleus",
2025-10-27T00:39:12.182Z,SBS Novice Hypertrophy 5x,Day 2,Bulgarian Split Squat,0,8,,0,,,0,,,,,0,,Quadriceps,"Adductor Magnus,Gluteus Maximus,Soleus",
2025-10-27T00:39:12.182Z,SBS Novice Hypertrophy 5x,Day 2,Calf Press on Leg Press,0,8,,0,,,0,,,,,0,,Gastrocnemius,Soleus,
2025-10-27T00:39:12.182Z,SBS Novice Hypertrophy 5x,Day 2,Calf Press on Leg Press,0,8,,0,,,0,,,,,0,,Gastrocnemius,Soleus,
2025-10-27T00:39:12.182Z,SBS Novice Hypertrophy 5x,Day 2,Calf Press on Leg Press,0,8,,0,,,0,,,,,0,,Gastrocnemius,Soleus,
2025-10-27T00:39:04.660Z,SBS Novice Hypertrophy 5x,Day 1,"Bench Press, Dumbbell",0,8,,0,,,0,,,,,0,,Pectoralis Major Sternal Head,"Deltoid Anterior,Pectoralis Major Clavicular Head,Triceps Brachii",
2025-10-27T00:39:04.660Z,SBS Novice Hypertrophy 5x,Day 1,"Bench Press, Dumbbell",0,8,,0,,,0,,,,,0,,Pectoralis Major Sternal Head,"Deltoid Anterior,Pectoralis Major Clavicular Head,Triceps Brachii",
2025-10-27T00:39:04.660Z,SBS Novice Hypertrophy 5x,Day 1,"Bench Press, Dumbbell",0,8,,0,,,0,,,,,0,,Pectoralis Major Sternal Head,"Deltoid Anterior,Pectoralis Major Clavicular Head,Triceps Brachii",
2025-10-27T00:39:04.660Z,SBS Novice Hypertrophy 5x,Day 1,Bent Over Row,0,8,,0,,,0,,,,,0,,"Latissimus Dorsi,Trapezius Lower Fibers,Trapezius Middle Fibers","Brachialis,Brachioradialis,Deltoid Posterior,Infraspinatus,Pectoralis Major Sternal Head,Teres Major,Teres Minor",
2025-10-27T00:39:04.660Z,SBS Novice Hypertrophy 5x,Day 1,Bent Over Row,0,8,,0,,,0,,,,,0,,"Latissimus Dorsi,Trapezius Lower Fibers,Trapezius Middle Fibers","Brachialis,Brachioradialis,Deltoid Posterior,Infraspinatus,Pectoralis Major Sternal Head,Teres Major,Teres Minor",
2025-10-27T00:39:04.660Z,SBS Novice Hypertrophy 5x,Day 1,Bent Over Row,0,8,,0,,,0,,,,,0,,"Latissimus Dorsi,Trapezius Lower Fibers,Trapezius Middle Fibers","Brachialis,Brachioradialis,Deltoid Posterior,Infraspinatus,Pectoralis Major Sternal Head,Teres Major,Teres Minor",
2025-10-27T00:39:04.660Z,SBS Novice Hypertrophy 5x,Day 1,"Shoulder Press, Leverage Machine",0,8,,0,,,0,,,,,0,,Deltoid Anterior,"Deltoid Lateral,Pectoralis Major Clavicular Head,Serratus Anterior,Trapezius Lower Fibers,Trapezius Middle Fibers,Triceps Brachii",
2025-10-27T00:39:04.660Z,SBS Novice Hypertrophy 5x,Day 1,"Shoulder Press, Leverage Machine",0,8,,0,,,0,,,,,0,,Deltoid Anterior,"Deltoid Lateral,Pectoralis Major Clavicular Head,Serratus Anterior,Trapezius Lower Fibers,Trapezius Middle Fibers,Triceps Brachii",
2025-10-27T00:39:04.660Z,SBS Novice Hypertrophy 5x,Day 1,"Shoulder Press, Leverage Machine",0,8,,0,,,0,,,,,0,,Deltoid Anterior,"Deltoid Lateral,Pectoralis Major Clavicular Head,Serratus Anterior,Trapezius Lower Fibers,Trapezius Middle Fibers,Triceps Brachii",
2025-10-27T00:39:04.660Z,SBS Novice Hypertrophy 5x,Day 1,Lat Pulldown,0,8,,0,,,0,,,,,0,,Latissimus Dorsi,"Biceps Brachii,Brachialis,Brachioradialis,Deltoid Posterior,Infraspinatus,Levator Scapulae,Teres Major,Teres Minor,Trapezius Lower Fibers,Trapezius Middle Fibers",
2025-10-27T00:39:04.660Z,SBS Novice Hypertrophy 5x,Day 1,Lat Pulldown,0,8,,0,,,0,,,,,0,,Latissimus Dorsi,"Biceps Brachii,Brachialis,Brachioradialis,Deltoid Posterior,Infraspinatus,Levator Scapulae,Teres Major,Teres Minor,Trapezius Lower Fibers,Trapezius Middle Fibers",
2025-10-27T00:39:04.660Z,SBS Novice Hypertrophy 5x,Day 1,Lat Pulldown,0,8,,0,,,0,,,,,0,,Latissimus Dorsi,"Biceps Brachii,Brachialis,Brachioradialis,Deltoid Posterior,Infraspinatus,Levator Scapulae,Teres Major,Teres Minor,Trapezius Lower Fibers,Trapezius Middle Fibers",
2025-10-24T00:27:42.799Z,SBS Hypertrophy 5x,Week 1 - Day 4,Overhead Press,1,5,10,0,,,0,45,lb,45,lb,0,2025-10-24T00:29:22.182Z,Deltoid Anterior,"Deltoid Lateral,Pectoralis Major Clavicular Head,Serratus Anterior,Trapezius Lower Fibers,Trapezius Middle Fibers,Triceps Brachii",15 rack position
2025-10-24T00:27:42.799Z,SBS Hypertrophy 5x,Week 1 - Day 4,Overhead Press,1,5,2,0,,,0,45,lb,65,lb,0,2025-10-24T00:30:48.304Z,Deltoid Anterior,"Deltoid Lateral,Pectoralis Major Clavicular Head,Serratus Anterior,Trapezius Lower Fibers,Trapezius Middle Fibers,Triceps Brachii",15 rack position
2025-10-24T00:27:42.799Z,SBS Hypertrophy 5x,Week 1 - Day 4,Overhead Press,0,10,10,0,,,0,47.5,lb,65,lb,0,2025-10-24T00:33:25.571Z,Deltoid Anterior,"Deltoid Lateral,Pectoralis Major Clavicular Head,Serratus Anterior,Trapezius Lower Fibers,Trapezius Middle Fibers,Triceps Brachii",15 rack position
2025-10-24T00:27:42.799Z,SBS Hypertrophy 5x,Week 1 - Day 4,Overhead Press,0,10,10,0,,,0,47.5,lb,65,lb,0,2025-10-24T00:38:24.971Z,Deltoid Anterior,"Deltoid Lateral,Pectoralis Major Clavicular Head,Serratus Anterior,Trapezius Lower Fibers,Trapezius Middle Fibers,Triceps Brachii",15 rack position
2025-10-24T00:27:42.799Z,SBS Hypertrophy 5x,Week 1 - Day 4,Overhead Press,0,10,10,0,,,0,47.5,lb,65,lb,0,2025-10-24T00:41:30.848Z,Deltoid Anterior,"Deltoid Lateral,Pectoralis Major Clavicular Head,Serratus Anterior,Trapezius Lower Fibers,Trapezius Middle Fibers,Triceps Brachii",15 rack position
2025-10-24T00:27:42.799Z,SBS Hypertrophy 5x,Week 1 - Day 4,Overhead Press,0,12,13,1,,,0,47.5,lb,65,lb,0,2025-10-24T00:45:43.315Z,Deltoid Anterior,"Deltoid Lateral,Pectoralis Major Clavicular Head,Serratus Anterior,Trapezius Lower Fibers,Trapezius Middle Fibers,Triceps Brachii",15 rack position
2025-10-24T00:27:42.799Z,SBS Hypertrophy 5x,Week 1 - Day 4,Front Squat,1,5,2,0,,,0,52.5,lb,65,lb,0,2025-10-24T00:46:29.147Z,Quadriceps,"Adductor Magnus,Gluteus Maximus,Soleus",
2025-10-24T00:27:42.799Z,SBS Hypertrophy 5x,Week 1 - Day 4,Front Squat,0,12,9,0,,,0,77.5,lb,75,lb,0,2025-10-24T00:49:06.477Z,Quadriceps,"Adductor Magnus,Gluteus Maximus,Soleus",
2025-10-24T00:27:42.799Z,SBS Hypertrophy 5x,Week 1 - Day 4,Front Squat,0,12,6,0,,,0,77.5,lb,75,lb,0,2025-10-24T00:53:22.493Z,Quadriceps,"Adductor Magnus,Gluteus Maximus,Soleus",
2025-10-24T00:27:42.799Z,SBS Hypertrophy 5x,Week 1 - Day 4,Front Squat,0,12,9,0,,,0,77.5,lb,75,lb,0,2025-10-24T00:57:49.906Z,Quadriceps,"Adductor Magnus,Gluteus Maximus,Soleus",
2025-10-24T00:27:42.799Z,SBS Hypertrophy 5x,Week 1 - Day 4,Front Squat,0,15,6,1,,,0,77.5,lb,75,lb,0,2025-10-24T01:02:37.537Z,Quadriceps,"Adductor Magnus,Gluteus Maximus,Soleus",
2025-10-24T00:27:42.799Z,SBS Hypertrophy 5x,Week 1 - Day 4,"Lat Pulldown, Leverage Machine",1,5,10,0,,,0,30,lb,45,lb,0,2025-10-24T01:06:36.051Z,Latissimus Dorsi,"Biceps Brachii,Brachialis,Brachioradialis,Deltoid Posterior,Infraspinatus,Levator Scapulae,Teres Major,Teres Minor,Trapezius Lower Fibers,Trapezius Middle Fibers",
2025-10-24T00:27:42.799Z,SBS Hypertrophy 5x,Week 1 - Day 4,"Lat Pulldown, Leverage Machine",1,5,5,0,,,0,50,lb,50,lb,0,2025-10-24T01:06:55.291Z,Latissimus Dorsi,"Biceps Brachii,Brachialis,Brachioradialis,Deltoid Posterior,Infraspinatus,Levator Scapulae,Teres Major,Teres Minor,Trapezius Lower Fibers,Trapezius Middle Fibers",
2025-10-24T00:27:42.799Z,SBS Hypertrophy 5x,Week 1 - Day 4,"Lat Pulldown, Leverage Machine",1,5,5,0,,,0,80,lb,80,lb,0,2025-10-24T01:07:17.991Z,Latissimus Dorsi,"Biceps Brachii,Brachialis,Brachioradialis,Deltoid Posterior,Infraspinatus,Levator Scapulae,Teres Major,Teres Minor,Trapezius Lower Fibers,Trapezius Middle Fibers",
2025-10-24T00:27:42.799Z,SBS Hypertrophy 5x,Week 1 - Day 4,"Lat Pulldown, Leverage Machine",1,5,2,0,,,0,80,lb,100,lb,0,2025-10-24T01:07:36.494Z,Latissimus Dorsi,"Biceps Brachii,Brachialis,Brachioradialis,Deltoid Posterior,Infraspinatus,Levator Scapulae,Teres Major,Teres Minor,Trapezius Lower Fibers,Trapezius Middle Fibers",
2025-10-24T00:27:42.799Z,SBS Hypertrophy 5x,Week 1 - Day 4,"Lat Pulldown, Leverage Machine",0,15,15,0,,,0,100,lb,100,lb,0,2025-10-24T01:09:15.919Z,Latissimus Dorsi,"Biceps Brachii,Brachialis,Brachioradialis,Deltoid Posterior,Infraspinatus,Levator Scapulae,Teres Major,Teres Minor,Trapezius Lower Fibers,Trapezius Middle Fibers",
2025-10-24T00:27:42.799Z,SBS Hypertrophy 5x,Week 1 - Day 4,"Lat Pulldown, Leverage Machine",0,15,15,0,,,0,100,lb,100,lb,0,2025-10-24T01:12:16.819Z,Latissimus Dorsi,"Biceps Brachii,Brachialis,Brachioradialis,Deltoid Posterior,Infraspinatus,Levator Scapulae,Teres Major,Teres Minor,Trapezius Lower Fibers,Trapezius Middle Fibers",
2025-10-24T00:27:42.799Z,SBS Hypertrophy 5x,Week 1 - Day 4,"Triceps Extension, Cable",1,5,5,0,,,0,20,lb,22.5,lb,0,2025-10-24T01:13:30.570Z,Triceps Brachii,,
2025-10-24T00:27:42.799Z,SBS Hypertrophy 5x,Week 1 - Day 4,"Triceps Extension, Cable",1,5,5,0,,,0,32.5,lb,32.5,lb,0,2025-10-24T01:13:51.781Z,Triceps Brachii,,
2025-10-24T00:27:42.799Z,SBS Hypertrophy 5x,Week 1 - Day 4,"Triceps Extension, Cable",1,5,1,0,,,0,32.5,lb,42.5,lb,0,2025-10-24T01:14:25.062Z,Triceps Brachii,,
2025-10-24T00:27:42.799Z,SBS Hypertrophy 5x,Week 1 - Day 4,"Triceps Extension, Cable",0,12,12,0,,,0,42.5,lb,42.5,lb,0,2025-10-24T01:17:10.379Z,Triceps Brachii,,
2025-10-22T00:09:03.420Z,SBS Hypertrophy 5x,Week 1 - Day 3,Deadlift,1,5,10,0,,,0,45,lb,45,lb,0,2025-10-22T00:10:45.645Z,Gluteus Maximus,"Adductor Magnus,Hamstrings,Quadriceps,Soleus",
2025-10-22T00:09:03.420Z,SBS Hypertrophy 5x,Week 1 - Day 3,Deadlift,1,5,1,0,,,0,97.5,lb,135,lb,0,2025-10-22T00:13:41.194Z,Gluteus Maximus,"Adductor Magnus,Hamstrings,Quadriceps,Soleus",
2025-10-22T00:09:03.420Z,SBS Hypertrophy 5x,Week 1 - Day 3,Deadlift,0,10,6,0,,,0,142.5,lb,135,lb,0,2025-10-22T00:16:57.562Z,Gluteus Maximus,"Adductor Magnus,Hamstrings,Quadriceps,Soleus",
2025-10-22T00:09:03.420Z,SBS Hypertrophy 5x,Week 1 - Day 3,Deadlift,0,10,9,0,,,0,142.5,lb,135,lb,0,2025-10-22T00:24:54.002Z,Gluteus Maximus,"Adductor Magnus,Hamstrings,Quadriceps,Soleus",
2025-10-22T00:09:03.420Z,SBS Hypertrophy 5x,Week 1 - Day 3,Deadlift,0,10,8,0,,,0,142.5,lb,135,lb,0,2025-10-22T00:34:22.156Z,Gluteus Maximus,"Adductor Magnus,Hamstrings,Quadriceps,Soleus",
2025-10-22T00:09:03.420Z,SBS Hypertrophy 5x,Week 1 - Day 3,Deadlift,0,12,10,1,,,0,142.5,lb,135,lb,0,2025-10-22T00:40:11.647Z,Gluteus Maximus,"Adductor Magnus,Hamstrings,Quadriceps,Soleus",
2025-10-22T00:09:03.420Z,SBS Hypertrophy 5x,Week 1 - Day 3,Incline Bench Press,0,12,10,0,,,0,105,lb,45,lb,0,2025-10-22T00:45:28.601Z,Pectoralis Major Clavicular Head,"Deltoid Anterior,Pectoralis Major Sternal Head,Triceps Brachii",
2025-10-22T00:09:03.420Z,SBS Hypertrophy 5x,Week 1 - Day 3,Incline Bench Press,0,12,12,0,,,0,105,lb,45,lb,0,2025-10-22T00:48:37.478Z,Pectoralis Major Clavicular Head,"Deltoid Anterior,Pectoralis Major Sternal Head,Triceps Brachii",
2025-10-22T00:09:03.420Z,SBS Hypertrophy 5x,Week 1 - Day 3,Incline Bench Press,0,12,12,0,,,0,105,lb,45,lb,0,2025-10-22T00:51:45.286Z,Pectoralis Major Clavicular Head,"Deltoid Anterior,Pectoralis Major Sternal Head,Triceps Brachii",
2025-10-22T00:09:03.420Z,SBS Hypertrophy 5x,Week 1 - Day 3,Incline Bench Press,0,15,24,1,,,0,105,lb,45,lb,0,2025-10-22T00:54:48.400Z,Pectoralis Major Clavicular Head,"Deltoid Anterior,Pectoralis Major Sternal Head,Triceps Brachii",
2025-10-22T00:09:03.420Z,SBS Hypertrophy 5x,Week 1 - Day 3,Bent Over One Arm Row,1,5,3,0,,,0,35,lb,35,lb,0,2025-10-22T00:55:47.692Z,"Latissimus Dorsi,Trapezius Lower Fibers,Trapezius Middle Fibers","Infraspinatus,Teres Major,Teres Minor,Brachialis,Brachioradialis,Deltoid Posterior,Pectoralis Major Sternal Head",
2025-10-22T00:09:03.420Z,SBS Hypertrophy 5x,Week 1 - Day 3,Bent Over One Arm Row,1,3,2,0,,,0,35,lb,45,lb,0,2025-10-22T00:57:23.356Z,"Latissimus Dorsi,Trapezius Lower Fibers,Trapezius Middle Fibers","Infraspinatus,Teres Major,Teres Minor,Brachialis,Brachioradialis,Deltoid Posterior,Pectoralis Major Sternal Head",
2025-10-22T00:09:03.420Z,SBS Hypertrophy 5x,Week 1 - Day 3,Bent Over One Arm Row,0,8,8,0,,,0,45,lb,45,lb,0,2025-10-22T01:00:37.000Z,"Latissimus Dorsi,Trapezius Lower Fibers,Trapezius Middle Fibers","Infraspinatus,Teres Major,Teres Minor,Brachialis,Brachioradialis,Deltoid Posterior,Pectoralis Major Sternal Head",
2025-10-22T00:09:03.420Z,SBS Hypertrophy 5x,Week 1 - Day 3,Bent Over One Arm Row,0,8,8,0,,,0,45,lb,45,lb,0,2025-10-22T01:04:52.682Z,"Latissimus Dorsi,Trapezius Lower Fibers,Trapezius Middle Fibers","Infraspinatus,Teres Major,Teres Minor,Brachialis,Brachioradialis,Deltoid Posterior,Pectoralis Major Sternal Head",
2025-10-22T00:09:03.420Z,SBS Hypertrophy 5x,Week 1 - Day 3,"Crunch, Leverage Machine",0,15,6,0,,,0,5,lb,5,lb,0,2025-10-22T01:06:27.682Z,Rectus Abdominis,Obliques,
2025-10-21T00:33:54.417Z,SBS Hypertrophy 5x,Week 1 - Day 2,Bench Press,1,5,10,0,,,0,45,lb,45,lb,0,2025-10-21T00:36:38.090Z,Pectoralis Major Sternal Head,"Deltoid Anterior,Pectoralis Major Clavicular Head,Triceps Brachii",
2025-10-21T00:33:54.417Z,SBS Hypertrophy 5x,Week 1 - Day 2,Bench Press,1,5,3,0,,,0,80,lb,95,lb,0,2025-10-21T00:38:34.218Z,Pectoralis Major Sternal Head,"Deltoid Anterior,Pectoralis Major Clavicular Head,Triceps Brachii",
2025-10-21T00:33:54.417Z,SBS Hypertrophy 5x,Week 1 - Day 2,Bench Press,1,3,2,0,,,0,95,lb,115,lb,0,2025-10-21T00:38:40.442Z,Pectoralis Major Sternal Head,"Deltoid Anterior,Pectoralis Major Clavicular Head,Triceps Brachii",
2025-10-21T00:33:54.417Z,SBS Hypertrophy 5x,Week 1 - Day 2,Bench Press,0,10,10,0,,,0,115,lb,115,lb,0,2025-10-21T00:42:09.955Z,Pectoralis Major Sternal Head,"Deltoid Anterior,Pectoralis Major Clavicular Head,Triceps Brachii",
2025-10-21T00:33:54.417Z,SBS Hypertrophy 5x,Week 1 - Day 2,Bench Press,0,10,10,0,,,0,115,lb,115,lb,0,2025-10-21T00:45:12.443Z,Pectoralis Major Sternal Head,"Deltoid Anterior,Pectoralis Major Clavicular Head,Triceps Brachii",
2025-10-21T00:33:54.417Z,SBS Hypertrophy 5x,Week 1 - Day 2,Bench Press,0,10,10,0,,,0,115,lb,115,lb,0,2025-10-21T00:48:43.789Z,Pectoralis Major Sternal Head,"Deltoid Anterior,Pectoralis Major Clavicular Head,Triceps Brachii",
2025-10-21T00:33:54.417Z,SBS Hypertrophy 5x,Week 1 - Day 2,Bench Press,0,12,10,1,,,0,115,lb,115,lb,0,2025-10-21T00:51:41.329Z,Pectoralis Major Sternal Head,"Deltoid Anterior,Pectoralis Major Clavicular Head,Triceps Brachii",
2025-10-21T00:33:54.417Z,SBS Hypertrophy 5x,Week 1 - Day 2,Leg Press,1,5,10,0,,,0,45,lb,45,lb,0,2025-10-21T00:54:28.876Z,Quadriceps,"Adductor Magnus,Gluteus Maximus,Soleus",
2025-10-21T00:33:54.417Z,SBS Hypertrophy 5x,Week 1 - Day 2,Leg Press,1,5,3,0,,,0,113.75,lb,115,lb,0,2025-10-21T00:54:56.485Z,Quadriceps,"Adductor Magnus,Gluteus Maximus,Soleus",
2025-10-21T00:33:54.417Z,SBS Hypertrophy 5x,Week 1 - Day 2,Leg Press,1,3,2,0,,,0,115,lb,160,lb,0,2025-10-21T00:55:40.912Z,Quadriceps,"Adductor Magnus,Gluteus Maximus,Soleus",
2025-10-21T00:33:54.417Z,SBS Hypertrophy 5x,Week 1 - Day 2,Leg Press,0,12,12,0,,,0,162.5,lb,160,lb,0,2025-10-21T00:59:01.281Z,Quadriceps,"Adductor Magnus,Gluteus Maximus,Soleus",
2025-10-21T00:33:54.417Z,SBS Hypertrophy 5x,Week 1 - Day 2,Leg Press,0,12,12,0,,,0,162.5,lb,160,lb,0,2025-10-21T01:02:33.328Z,Quadriceps,"Adductor Magnus,Gluteus Maximus,Soleus",
2025-10-21T00:33:54.417Z,SBS Hypertrophy 5x,Week 1 - Day 2,Leg Press,0,12,12,0,,,0,162.5,lb,160,lb,0,2025-10-21T01:06:10.912Z,Quadriceps,"Adductor Magnus,Gluteus Maximus,Soleus",
2025-10-21T00:33:54.417Z,SBS Hypertrophy 5x,Week 1 - Day 2,Leg Press,0,15,13,1,,,0,162.5,lb,160,lb,0,2025-10-21T01:10:52.866Z,Quadriceps,"Adductor Magnus,Gluteus Maximus,Soleus",
2025-10-21T00:33:54.417Z,SBS Hypertrophy 5x,Week 1 - Day 2,"Seated Row, Leverage Machine",1,5,10,0,,,0,35,lb,45,lb,0,2025-10-21T01:11:58.147Z,"Latissimus Dorsi,Trapezius Lower Fibers,Trapezius Middle Fibers","Brachialis,Brachioradialis,Deltoid Posterior,Erector Spinae,Infraspinatus,Pectoralis Major Sternal Head,Teres Major,Teres Minor",
2025-10-21T00:33:54.417Z,SBS Hypertrophy 5x,Week 1 - Day 2,"Seated Row, Leverage Machine",1,5,5,0,,,0,60,lb,60,lb,0,2025-10-21T01:12:16.253Z,"Latissimus Dorsi,Trapezius Lower Fibers,Trapezius Middle Fibers","Brachialis,Brachioradialis,Deltoid Posterior,Erector Spinae,Infraspinatus,Pectoralis Major Sternal Head,Teres Major,Teres Minor",
2025-10-21T00:33:54.417Z,SBS Hypertrophy 5x,Week 1 - Day 2,"Seated Row, Leverage Machine",1,5,2,0,,,0,95,lb,95,lb,0,2025-10-21T01:12:37.410Z,"Latissimus Dorsi,Trapezius Lower Fibers,Trapezius Middle Fibers","Brachialis,Brachioradialis,Deltoid Posterior,Erector Spinae,Infraspinatus,Pectoralis Major Sternal Head,Teres Major,Teres Minor",
2025-10-21T00:33:54.417Z,SBS Hypertrophy 5x,Week 1 - Day 2,"Seated Row, Leverage Machine",1,2,1,0,,,0,95,lb,122.5,lb,0,2025-10-21T01:12:57.618Z,"Latissimus Dorsi,Trapezius Lower Fibers,Trapezius Middle Fibers","Brachialis,Brachioradialis,Deltoid Posterior,Erector Spinae,Infraspinatus,Pectoralis Major Sternal Head,Teres Major,Teres Minor",
2025-10-21T00:33:54.417Z,SBS Hypertrophy 5x,Week 1 - Day 2,"Seated Row, Leverage Machine",0,10,10,0,,,0,120,lb,120,lb,0,2025-10-21T01:14:28.397Z,"Latissimus Dorsi,Trapezius Lower Fibers,Trapezius Middle Fibers","Brachialis,Brachioradialis,Deltoid Posterior,Erector Spinae,Infraspinatus,Pectoralis Major Sternal Head,Teres Major,Teres Minor",
2025-10-21T00:33:54.417Z,SBS Hypertrophy 5x,Week 1 - Day 2,"Seated Row, Leverage Machine",0,10,10,0,,,0,120,lb,120,lb,0,2025-10-21T01:17:05.034Z,"Latissimus Dorsi,Trapezius Lower Fibers,Trapezius Middle Fibers","Brachialis,Brachioradialis,Deltoid Posterior,Erector Spinae,Infraspinatus,Pectoralis Major Sternal Head,Teres Major,Teres Minor",
2025-10-21T00:33:54.417Z,SBS Hypertrophy 5x,Week 1 - Day 2,Triceps Pushdown,1,5,10,0,,,0,20,lb,12.5,lb,0,2025-10-21T01:17:51.549Z,Triceps Brachii,,
2025-10-21T00:33:54.417Z,SBS Hypertrophy 5x,Week 1 - Day 2,Triceps Pushdown,1,5,2,0,,,0,32.5,lb,32.5,lb,0,2025-10-21T01:18:04.409Z,Triceps Brachii,,
2025-10-21T00:33:54.417Z,SBS Hypertrophy 5x,Week 1 - Day 2,Triceps Pushdown,1,2,1,0,,,0,32.5,lb,42.5,lb,0,2025-10-21T01:18:18.144Z,Triceps Brachii,,
2025-10-21T00:33:54.417Z,SBS Hypertrophy 5x,Week 1 - Day 2,Triceps Pushdown,0,12,12,0,,,0,42.5,lb,42.5,lb,0,2025-10-21T01:19:54.005Z,Triceps Brachii,,
2025-10-11T13:27:49.798Z,SBS Hypertrophy 5x,Week 1 - Day 1,Squat,1,5,5,0,,,0,45,lb,45,lb,0,2025-10-14T01:05:30.022Z,Quadriceps,"Adductor Magnus,Gluteus Maximus,Soleus",
2025-10-11T13:27:49.798Z,SBS Hypertrophy 5x,Week 1 - Day 1,Squat,1,5,4,0,,,0,62.5,lb,65,lb,0,2025-10-14T01:08:01.075Z,Quadriceps,"Adductor Magnus,Gluteus Maximus,Soleus",
2025-10-11T13:27:49.798Z,SBS Hypertrophy 5x,Week 1 - Day 1,Squat,1,4,2,0,,,0,65,lb,85,lb,0,2025-10-14T01:09:10.235Z,Quadriceps,"Adductor Magnus,Gluteus Maximus,Soleus",
2025-10-11T13:27:49.798Z,SBS Hypertrophy 5x,Week 1 - Day 1,Squat,1,2,1,0,,,0,85,lb,100,lb,0,2025-10-14T01:09:43.559Z,Quadriceps,"Adductor Magnus,Gluteus Maximus,Soleus",
2025-10-11T13:27:49.798Z,SBS Hypertrophy 5x,Week 1 - Day 1,Squat,0,10,10,0,,,0,92.5,lb,110,lb,0,2025-10-14T01:14:40.213Z,Quadriceps,"Adductor Magnus,Gluteus Maximus,Soleus",
2025-10-11T13:27:49.798Z,SBS Hypertrophy 5x,Week 1 - Day 1,Squat,0,10,4,0,,,0,92.5,lb,110,lb,0,2025-10-14T01:20:27.422Z,Quadriceps,"Adductor Magnus,Gluteus Maximus,Soleus",
2025-10-11T13:27:49.798Z,SBS Hypertrophy 5x,Week 1 - Day 1,Squat,0,10,4,0,,,0,92.5,lb,105,lb,0,2025-10-14T01:24:47.581Z,Quadriceps,"Adductor Magnus,Gluteus Maximus,Soleus",
2025-10-11T13:27:49.798Z,SBS Hypertrophy 5x,Week 1 - Day 1,Squat,0,12,13,1,,,0,92.5,lb,95,lb,0,2025-10-14T01:29:29.184Z,Quadriceps,"Adductor Magnus,Gluteus Maximus,Soleus",
2025-10-11T13:27:49.798Z,SBS Hypertrophy 5x,Week 1 - Day 1,"Overhead Press, Dumbbell",1,5,6,0,,,0,45,lb,15,lb,0,2025-10-14T01:32:00.552Z,Deltoid Anterior,"Deltoid Lateral,Pectoralis Major Clavicular Head,Serratus Anterior,Trapezius Lower Fibers,Trapezius Middle Fibers,Triceps Brachii",
2025-10-11T13:27:49.798Z,SBS Hypertrophy 5x,Week 1 - Day 1,"Overhead Press, Dumbbell",1,5,2,0,,,0,32.5,lb,30,lb,0,2025-10-14T01:32:31.272Z,Deltoid Anterior,"Deltoid Lateral,Pectoralis Major Clavicular Head,Serratus Anterior,Trapezius Lower Fibers,Trapezius Middle Fibers,Triceps Brachii",
2025-10-11T13:27:49.798Z,SBS Hypertrophy 5x,Week 1 - Day 1,"Overhead Press, Dumbbell",0,12,12,0,,,0,47.5,lb,30,lb,0,2025-10-14T01:34:23.257Z,Deltoid Anterior,"Deltoid Lateral,Pectoralis Major Clavicular Head,Serratus Anterior,Trapezius Lower Fibers,Trapezius Middle Fibers,Triceps Brachii",
2025-10-11T13:27:49.798Z,SBS Hypertrophy 5x,Week 1 - Day 1,"Overhead Press, Dumbbell",0,12,12,0,,,0,47.5,lb,30,lb,0,2025-10-14T01:36:33.362Z,Deltoid Anterior,"Deltoid Lateral,Pectoralis Major Clavicular Head,Serratus Anterior,Trapezius Lower Fibers,Trapezius Middle Fibers,Triceps Brachii",
2025-10-11T13:27:49.798Z,SBS Hypertrophy 5x,Week 1 - Day 1,"Overhead Press, Dumbbell",0,12,12,0,,,0,47.5,lb,30,lb,0,2025-10-14T01:40:44.834Z,Deltoid Anterior,"Deltoid Lateral,Pectoralis Major Clavicular Head,Serratus Anterior,Trapezius Lower Fibers,Trapezius Middle Fibers,Triceps Brachii",
2025-10-11T13:27:49.798Z,SBS Hypertrophy 5x,Week 1 - Day 1,"Overhead Press, Dumbbell",0,15,12,1,,,0,47.5,lb,30,lb,0,2025-10-14T01:43:23.075Z,Deltoid Anterior,"Deltoid Lateral,Pectoralis Major Clavicular Head,Serratus Anterior,Trapezius Lower Fibers,Trapezius Middle Fibers,Triceps Brachii",
2025-10-11T13:27:49.798Z,SBS Hypertrophy 5x,Week 1 - Day 1,Chin Up,1,,1,0,,,0,,,0,lb,0,2025-10-14T01:44:42.343Z,Latissimus Dorsi,"Brachialis,Brachioradialis,Deltoid Posterior,Levator Scapulae,Pectoralis Major Sternal Head,Teres Major,Trapezius Lower Fibers,Trapezius Middle Fibers",
2025-10-03T00:02:57.526Z,RP Hypertrophy v4 Template: 4-Day Upper/Lower,Deload - Day 4 - Lower B,"Romanian Deadlift, Barbell",1,10,10,0,,,0,45,lb,45,lb,0,2025-10-03T00:04:01.189Z,Gluteus Maximus,"Adductor Magnus,Erector Spinae,Hamstrings",
2025-10-03T00:02:57.526Z,RP Hypertrophy v4 Template: 4-Day Upper/Lower,Deload - Day 4 - Lower B,"Romanian Deadlift, Barbell",1,2,2,0,,,0,57.5,lb,65,lb,0,2025-10-03T00:05:33.041Z,Gluteus Maximus,"Adductor Magnus,Erector Spinae,Hamstrings",
2025-10-03T00:02:57.526Z,RP Hypertrophy v4 Template: 4-Day Upper/Lower,Deload - Day 4 - Lower B,"Romanian Deadlift, Barbell",0,6,6,0,3,,0,57.5,lb,65,lb,0,2025-10-03T00:08:26.912Z,Gluteus Maximus,"Adductor Magnus,Erector Spinae,Hamstrings",
2025-10-03T00:02:57.526Z,RP Hypertrophy v4 Template: 4-Day Upper/Lower,Deload - Day 4 - Lower B,Bulgarian Split Squat,1,8,2,0,,,0,10,lb,10,lb,0,2025-10-03T00:09:10.948Z,Quadriceps,"Adductor Magnus,Gluteus Maximus,Soleus",
2025-10-03T00:02:57.526Z,RP Hypertrophy v4 Template: 4-Day Upper/Lower,Deload - Day 4 - Lower B,Bulgarian Split Squat,0,6,6,0,3,,0,10,lb,10,lb,0,2025-10-03T00:11:17.098Z,Quadriceps,"Adductor Magnus,Gluteus Maximus,Soleus",
2025-10-03T00:02:57.526Z,RP Hypertrophy v4 Template: 4-Day Upper/Lower,Deload - Day 4 - Lower B,Leg Extension,0,10,10,0,3,,0,20,lb,20,lb,0,2025-10-03T00:14:04.880Z,Quadriceps,,
2025-10-03T00:02:57.526Z,RP Hypertrophy v4 Template: 4-Day Upper/Lower,Deload - Day 4 - Lower B,Calf Press on Leg Press,1,8,8,0,,,0,51.25,lb,55,lb,0,2025-10-03T00:16:00.921Z,Gastrocnemius,Soleus,
2025-10-03T00:02:57.526Z,RP Hypertrophy v4 Template: 4-Day Upper/Lower,Deload - Day 4 - Lower B,Calf Press on Leg Press,1,3,3,0,,,0,67.5,lb,70,lb,0,2025-10-03T00:16:12.295Z,Gastrocnemius,Soleus,
2025-10-03T00:02:57.526Z,RP Hypertrophy v4 Template: 4-Day Upper/Lower,Deload - Day 4 - Lower B,Calf Press on Leg Press,0,14,14,0,3,,0,80,lb,80,lb,0,2025-10-03T00:19:11.183Z,Gastrocnemius,Soleus,
2025-10-03T00:02:57.526Z,RP Hypertrophy v4 Template: 4-Day Upper/Lower,Deload - Day 4 - Lower B,Lateral Raise,1,8,2,0,,,0,10,lb,10,lb,0,2025-10-03T00:20:40.554Z,Deltoid Lateral,"Deltoid Anterior,Serratus Anterior,Trapezius Lower Fibers,Trapezius Middle Fibers",
2025-10-03T00:02:57.526Z,RP Hypertrophy v4 Template: 4-Day Upper/Lower,Deload - Day 4 - Lower B,Lateral Raise,0,10,10,0,3,,0,10,lb,10,lb,0,2025-10-03T00:24:30.712Z,Deltoid Lateral,"Deltoid Anterior,Serratus Anterior,Trapezius Lower Fibers,Trapezius Middle Fibers",
2025-10-03T00:02:57.526Z,RP Hypertrophy v4 Template: 4-Day Upper/Lower,Deload - Day 4 - Lower B,Lateral Raise,0,9,9,0,3,,0,10,lb,10,lb,0,2025-10-03T00:26:41.497Z,Deltoid Lateral,"Deltoid Anterior,Serratus Anterior,Trapezius Lower Fibers,Trapezius Middle Fibers",
2025-10-03T00:02:57.526Z,RP Hypertrophy v4 Template: 4-Day Upper/Lower,Deload - Day 4 - Lower B,Hanging Leg Raise,0,6,6,0,3,,0,0,lb,0,lb,0,2025-10-03T00:27:26.371Z,Iliopsoas,"Adductor Brevis,Adductor Longus,Pectineous,Sartorius,Tensor Fasciae Latae",
2025-10-03T00:02:57.526Z,RP Hypertrophy v4 Template: 4-Day Upper/Lower,Deload - Day 4 - Lower B,Hanging Leg Raise,0,5,5,0,3,,0,0,lb,0,lb,0,2025-10-03T00:30:27.969Z,Iliopsoas,"Adductor Brevis,Adductor Longus,Pectineous,Sartorius,Tensor Fasciae Latae",
2025-10-01T00:21:53.272Z,RP Hypertrophy v4 Template: 4-Day Upper/Lower,Accumulation - Day 3 - Upper B,Pull Up,1,2,1,0,,,0,0,lb,0,lb,0,2025-10-01T00:26:17.651Z,Latissimus Dorsi,"Biceps Brachii,Brachialis,Brachioradialis,Deltoid Posterior,Infraspinatus,Levator Scapulae,Teres Major,Teres Minor,Trapezius Lower Fibers,Trapezius Middle Fibers",
2025-10-01T00:21:53.272Z,RP Hypertrophy v4 Template: 4-Day Upper/Lower,Accumulation - Day 3 - Upper B,Pull Up,0,10,4,1,7,,0,0,lb,0,lb,0,2025-10-01T00:28:32.126Z,Latissimus Dorsi,"Biceps Brachii,Brachialis,Brachioradialis,Deltoid Posterior,Infraspinatus,Levator Scapulae,Teres Major,Teres Minor,Trapezius Lower Fibers,Trapezius Middle Fibers",
2025-10-01T00:21:53.272Z,RP Hypertrophy v4 Template: 4-Day Upper/Lower,Accumulation - Day 3 - Upper B,Pull Up,0,5,5,1,7,,0,0,lb,0,lb,0,2025-10-01T00:33:23.925Z,Latissimus Dorsi,"Biceps Brachii,Brachialis,Brachioradialis,Deltoid Posterior,Infraspinatus,Levator Scapulae,Teres Major,Teres Minor,Trapezius Lower Fibers,Trapezius Middle Fibers",
2025-10-01T00:21:53.272Z,RP Hypertrophy v4 Template: 4-Day Upper/Lower,Accumulation - Day 3 - Upper B,"Seated Row, Leverage Machine",1,3,4,0,,,0,105,lb,105,lb,0,2025-10-01T00:34:06.652Z,"Latissimus Dorsi,Trapezius Lower Fibers,Trapezius Middle Fibers","Brachialis,Brachioradialis,Deltoid Posterior,Erector Spinae,Infraspinatus,Pectoralis Major Sternal Head,Teres Major,Teres Minor",
2025-10-01T00:21:53.272Z,RP Hypertrophy v4 Template: 4-Day Upper/Lower,Accumulation - Day 3 - Upper B,"Seated Row, Leverage Machine",0,10,7,0,,,0,140,lb,140,lb,0,2025-10-01T00:35:04.172Z,"Latissimus Dorsi,Trapezius Lower Fibers,Trapezius Middle Fibers","Brachialis,Brachioradialis,Deltoid Posterior,Erector Spinae,Infraspinatus,Pectoralis Major Sternal Head,Teres Major,Teres Minor",
2025-10-01T00:21:53.272Z,RP Hypertrophy v4 Template: 4-Day Upper/Lower,Accumulation - Day 3 - Upper B,"Seated Row, Leverage Machine",0,8,5,0,,,0,140,lb,140,lb,0,2025-10-01T00:37:25.324Z,"Latissimus Dorsi,Trapezius Lower Fibers,Trapezius Middle Fibers","Brachialis,Brachioradialis,Deltoid Posterior,Erector Spinae,Infraspinatus,Pectoralis Major Sternal Head,Teres Major,Teres Minor",
2025-10-01T00:21:53.272Z,RP Hypertrophy v4 Template: 4-Day Upper/Lower,Accumulation - Day 3 - Upper B,Concentration Curl,1,5,2,0,,,0,32.5,lb,25,lb,0,2025-10-01T00:38:26.116Z,Brachialis,"Biceps Brachii,Brachioradialis",
2025-10-01T00:21:53.272Z,RP Hypertrophy v4 Template: 4-Day Upper/Lower,Accumulation - Day 3 - Upper B,Concentration Curl,0,30,5,1,7,,0,50,lb,25,lb,0,2025-10-01T00:44:24.911Z,Brachialis,"Biceps Brachii,Brachioradialis",
2025-10-01T00:21:53.272Z,RP Hypertrophy v4 Template: 4-Day Upper/Lower,Accumulation - Day 3 - Upper B,"Incline Bench Press, Smith Machine",1,3,10,0,,,0,85,lb,45,lb,0,2025-10-01T00:49:48.570Z,Pectoralis Major Clavicular Head,"Deltoid Anterior,Pectoralis Major Sternal Head,Triceps Brachii",
2025-10-01T00:21:53.272Z,RP Hypertrophy v4 Template: 4-Day Upper/Lower,Accumulation - Day 3 - Upper B,"Incline Bench Press, Smith Machine",1,10,2,0,,,0,85,lb,95,lb,0,2025-10-01T00:51:07.634Z,Pectoralis Major Clavicular Head,"Deltoid Anterior,Pectoralis Major Sternal Head,Triceps Brachii",
2025-10-01T00:21:53.272Z,RP Hypertrophy v4 Template: 4-Day Upper/Lower,Accumulation - Day 3 - Upper B,"Incline Bench Press, Smith Machine",0,15,10,1,8,,0,100,lb,100,lb,0,2025-10-01T00:55:05.166Z,Pectoralis Major Clavicular Head,"Deltoid Anterior,Pectoralis Major Sternal Head,Triceps Brachii",
2025-10-01T00:21:53.272Z,RP Hypertrophy v4 Template: 4-Day Upper/Lower,Accumulation - Day 3 - Upper B,"Incline Bench Press, Smith Machine",0,15,5,1,8,,0,100,lb,100,lb,0,2025-10-01T00:59:08.604Z,Pectoralis Major Clavicular Head,"Deltoid Anterior,Pectoralis Major Sternal Head,Triceps Brachii",
2025-10-01T00:21:53.272Z,RP Hypertrophy v4 Template: 4-Day Upper/Lower,Accumulation - Day 3 - Upper B,"Incline Bench Press, Smith Machine",0,5,5,1,8,,0,80,lb,100,lb,0,2025-10-01T01:02:51.342Z,Pectoralis Major Clavicular Head,"Deltoid Anterior,Pectoralis Major Sternal Head,Triceps Brachii",
2025-10-01T00:21:53.272Z,RP Hypertrophy v4 Template: 4-Day Upper/Lower,Accumulation - Day 3 - Upper B,"Chest Fly, Cable",0,20,8,1,8,,0,20,lb,17.5,lb,0,2025-10-01T01:05:18.678Z,Pectoralis Major Sternal Head,"Biceps Brachii,Deltoid Anterior,Pectoralis Major Clavicular Head",
2025-10-01T00:21:53.272Z,RP Hypertrophy v4 Template: 4-Day Upper/Lower,Accumulation - Day 3 - Upper B,Triceps Pushdown,1,8,4,0,,,0,37.5,lb,37.5,lb,0,2025-10-01T01:05:55.801Z,Triceps Brachii,,
2025-10-01T00:21:53.272Z,RP Hypertrophy v4 Template: 4-Day Upper/Lower,Accumulation - Day 3 - Upper B,Triceps Pushdown,0,20,13,1,9,,0,50,lb,42.5,lb,0,2025-10-01T01:08:20.830Z,Triceps Brachii,,
2025-10-01T00:21:53.272Z,RP Hypertrophy v4 Template: 4-Day Upper/Lower,Accumulation - Day 3 - Upper B,Triceps Pushdown,0,20,8,1,9,,0,50,lb,42.5,lb,0,2025-10-01T01:11:42.164Z,Triceps Brachii,,
2025-09-30T00:53:42.990Z,RP Hypertrophy v4 Template: 4-Day Upper/Lower,Accumulation - Day 2 - Lower A,Squat,1,10,10,0,,,0,75,lb,45,lb,0,2025-09-30T00:55:21.236Z,Quadriceps,"Adductor Magnus,Gluteus Maximus,Soleus",
2025-09-30T00:53:42.990Z,RP Hypertrophy v4 Template: 4-Day Upper/Lower,Accumulation - Day 2 - Lower A,Squat,1,2,2,0,,,0,152.5,lb,135,lb,0,2025-09-30T00:56:49.439Z,Quadriceps,"Adductor Magnus,Gluteus Maximus,Soleus",
2025-09-30T00:53:42.990Z,RP Hypertrophy v4 Template: 4-Day Upper/Lower,Accumulation - Day 2 - Lower A,Squat,1,2,1,0,,,0,0,lb,150,lb,0,2025-09-30T00:58:02.698Z,Quadriceps,"Adductor Magnus,Gluteus Maximus,Soleus",
2025-09-30T00:53:42.990Z,RP Hypertrophy v4 Template: 4-Day Upper/Lower,Accumulation - Day 2 - Lower A,Squat,0,10,5,1,9,,0,150,lb,150,lb,0,2025-09-30T01:00:10.339Z,Quadriceps,"Adductor Magnus,Gluteus Maximus,Soleus",
2025-09-30T00:53:42.990Z,RP Hypertrophy v4 Template: 4-Day Upper/Lower,Accumulation - Day 2 - Lower A,Squat,0,5,7,1,9,,0,120,lb,135,lb,0,2025-09-30T01:03:49.076Z,Quadriceps,"Adductor Magnus,Gluteus Maximus,Soleus",
2025-09-30T00:53:42.990Z,RP Hypertrophy v4 Template: 4-Day Upper/Lower,Accumulation - Day 2 - Lower A,Seated Leg Curl,1,5,5,0,,,0,55,lb,55,lb,0,2025-09-30T01:05:52.076Z,Hamstrings,"Gastrocnemius,Sartorius",
2025-09-30T00:53:42.990Z,RP Hypertrophy v4 Template: 4-Day Upper/Lower,Accumulation - Day 2 - Lower A,Seated Leg Curl,1,3,3,0,,,0,71.25,lb,70,lb,0,2025-09-30T01:06:16.288Z,Hamstrings,"Gastrocnemius,Sartorius",
2025-09-30T00:53:42.990Z,RP Hypertrophy v4 Template: 4-Day Upper/Lower,Accumulation - Day 2 - Lower A,Seated Leg Curl,0,11,11,0,,,0,85,lb,85,lb,0,2025-09-30T01:08:17.137Z,Hamstrings,"Gastrocnemius,Sartorius",
2025-09-30T00:53:42.990Z,RP Hypertrophy v4 Template: 4-Day Upper/Lower,Accumulation - Day 2 - Lower A,Seated Leg Curl,0,10,7,0,,,0,85,lb,85,lb,0,2025-09-30T01:11:22.461Z,Hamstrings,"Gastrocnemius,Sartorius",
2025-09-30T00:53:42.990Z,RP Hypertrophy v4 Template: 4-Day Upper/Lower,Accumulation - Day 2 - Lower A,Calf Press on Leg Press,1,4,4,0,,,0,213.75,lb,210,lb,0,2025-09-30T01:12:12.131Z,Gastrocnemius,Soleus,
2025-09-30T00:53:42.990Z,RP Hypertrophy v4 Template: 4-Day Upper/Lower,Accumulation - Day 2 - Lower A,Calf Press on Leg Press,1,2,2,0,,,0,280,lb,280,lb,0,2025-09-30T01:12:27.711Z,Gastrocnemius,Soleus,
2025-09-30T00:53:42.990Z,RP Hypertrophy v4 Template: 4-Day Upper/Lower,Accumulation - Day 2 - Lower A,Calf Press on Leg Press,0,12,12,0,,,0,330,lb,330,lb,0,2025-09-30T01:14:31.668Z,Gastrocnemius,Soleus,
2025-09-30T00:53:42.990Z,RP Hypertrophy v4 Template: 4-Day Upper/Lower,Accumulation - Day 2 - Lower A,Calf Press on Leg Press,0,9,9,0,,,0,330,lb,335,lb,0,2025-09-30T01:23:24.296Z,Gastrocnemius,Soleus,
2025-09-30T00:53:42.990Z,RP Hypertrophy v4 Template: 4-Day Upper/Lower,Accumulation - Day 2 - Lower A,"Hip Abductor, Cable",1,5,2,0,,,0,7.5,lb,15,lb,0,2025-09-30T01:40:39.018Z,"Gluteus Maximus,Gluteus Medius",Tensor Fasciae Latae,
2025-09-30T00:53:42.990Z,RP Hypertrophy v4 Template: 4-Day Upper/Lower,Accumulation - Day 2 - Lower A,"Hip Abductor, Cable",0,11,6,0,,,0,12.5,lb,15,lb,0,2025-09-30T01:41:58.843Z,"Gluteus Maximus,Gluteus Medius",Tensor Fasciae Latae,
2025-09-30T00:53:42.990Z,RP Hypertrophy v4 Template: 4-Day Upper/Lower,Accumulation - Day 2 - Lower A,"Lateral Raise, Cable",0,15,14,1,8,,0,10,lb,15,lb,0,2025-09-30T01:36:00.195Z,Deltoid Lateral,"Deltoid Anterior,Serratus Anterior,Trapezius Lower Fibers,Trapezius Middle Fibers",
2025-09-30T00:53:42.990Z,RP Hypertrophy v4 Template: 4-Day Upper/Lower,Accumulation - Day 2 - Lower A,"Lateral Raise, Cable",0,14,9,1,8,,0,15,lb,15,lb,0,2025-09-30T01:37:58.705Z,Deltoid Lateral,"Deltoid Anterior,Serratus Anterior,Trapezius Lower Fibers,Trapezius Middle Fibers",
2025-09-30T00:53:42.990Z,RP Hypertrophy v4 Template: 4-Day Upper/Lower,Accumulation - Day 2 - Lower A,"Lateral Raise, Cable",0,9,7,1,8,,0,15,lb,15,lb,0,2025-09-30T01:40:29.250Z,Deltoid Lateral,"Deltoid Anterior,Serratus Anterior,Trapezius Lower Fibers,Trapezius Middle Fibers",
2025-09-30T00:53:42.990Z,RP Hypertrophy v4 Template: 4-Day Upper/Lower,Accumulation - Day 2 - Lower A,"Lateral Raise, Cable",0,7,11,1,8,,0,15,lb,15,lb,0,2025-09-30T01:42:41.003Z,Deltoid Lateral,"Deltoid Anterior,Serratus Anterior,Trapezius Lower Fibers,Trapezius Middle Fibers",
2025-09-30T00:53:42.990Z,RP Hypertrophy v4 Template: 4-Day Upper/Lower,Accumulation - Day 2 - Lower A,"Sit Up, Kettlebell",0,30,3,1,9,,0,40,lb,18,lb,0,2025-09-30T01:43:34.718Z,Rectus Abdominis,"Iliopsoas,Obliques,Quadriceps,Sartorius,Tensor Fasciae Latae",
2025-09-27T23:51:26.851Z,RP Hypertrophy v4 Template: 4-Day Upper/Lower,Accumulation - Day 1 - Upper A,Bench Press,1,10,10,0,,,0,70,lb,45,lb,0,2025-09-27T23:53:49.215Z,Pectoralis Major Sternal Head,"Deltoid Anterior,Pectoralis Major Clavicular Head,Triceps Brachii",
2025-09-27T23:51:26.851Z,RP Hypertrophy v4 Template: 4-Day Upper/Lower,Accumulation - Day 1 - Upper A,Bench Press,1,6,7,0,,,0,105,lb,95,lb,0,2025-09-27T23:55:41.296Z,Pectoralis Major Sternal Head,"Deltoid Anterior,Pectoralis Major Clavicular Head,Triceps Brachii",
2025-09-27T23:51:26.851Z,RP Hypertrophy v4 Template: 4-Day Upper/Lower,Accumulation - Day 1 - Upper A,Bench Press,1,2,2,0,,,0,145,lb,135,lb,0,2025-09-27T23:57:47.908Z,Pectoralis Major Sternal Head,"Deltoid Anterior,Pectoralis Major Clavicular Head,Triceps Brachii",
2025-09-27T23:51:26.851Z,RP Hypertrophy v4 Template: 4-Day Upper/Lower,Accumulation - Day 1 - Upper A,Bench Press,0,7,4,1,8,,0,140,lb,140,lb,0,2025-09-27T23:59:53.617Z,Pectoralis Major Sternal Head,"Deltoid Anterior,Pectoralis Major Clavicular Head,Triceps Brachii",
2025-09-27T23:51:26.851Z,RP Hypertrophy v4 Template: 4-Day Upper/Lower,Accumulation - Day 1 - Upper A,Bench Press,0,8,10,1,8,,0,110,lb,110,lb,0,2025-09-28T00:02:22.421Z,Pectoralis Major Sternal Head,"Deltoid Anterior,Pectoralis Major Clavicular Head,Triceps Brachii",
2025-09-27T23:51:26.851Z,RP Hypertrophy v4 Template: 4-Day Upper/Lower,Accumulation - Day 1 - Upper A,Bench Press,0,5,8,1,8,,0,110,lb,110,lb,0,2025-09-28T00:06:14.640Z,Pectoralis Major Sternal Head,"Deltoid Anterior,Pectoralis Major Clavicular Head,Triceps Brachii",
2025-09-27T23:51:26.851Z,RP Hypertrophy v4 Template: 4-Day Upper/Lower,Accumulation - Day 1 - Upper A,Incline Chest Fly,1,5,5,0,,,0,15,lb,15,lb,0,2025-09-28T00:08:05.746Z,Pectoralis Major Clavicular Head,"Biceps Brachii,Deltoid Anterior,Pectoralis Major Sternal Head",
2025-09-27T23:51:26.851Z,RP Hypertrophy v4 Template: 4-Day Upper/Lower,Accumulation - Day 1 - Upper A,Incline Chest Fly,0,12,10,0,,,0,20,lb,20,lb,0,2025-09-28T00:09:59.630Z,Pectoralis Major Clavicular Head,"Biceps Brachii,Deltoid Anterior,Pectoralis Major Sternal Head",
2025-09-27T23:51:26.851Z,RP Hypertrophy v4 Template: 4-Day Upper/Lower,Accumulation - Day 1 - Upper A,"Triceps Extension, Cable",1,5,5,0,,,0,30,lb,27.5,lb,0,2025-09-28T00:11:13.541Z,Triceps Brachii,,
2025-09-27T23:51:26.851Z,RP Hypertrophy v4 Template: 4-Day Upper/Lower,Accumulation - Day 1 - Upper A,"Triceps Extension, Cable",0,12,11,1,8,,0,42.5,lb,42.5,lb,0,2025-09-28T00:14:29.729Z,Triceps Brachii,,
2025-09-27T23:51:26.851Z,RP Hypertrophy v4 Template: 4-Day Upper/Lower,Accumulation - Day 1 - Upper A,"Triceps Extension, Cable",0,10,9,1,8,,0,42.5,lb,42.5,lb,0,2025-09-28T00:16:54.363Z,Triceps Brachii,,
2025-09-27T23:51:26.851Z,RP Hypertrophy v4 Template: 4-Day Upper/Lower,Accumulation - Day 1 - Upper A,"Triceps Extension, Cable",0,7,6,1,8,,0,42.5,lb,42.5,lb,0,2025-09-28T00:21:12.913Z,Triceps Brachii,,
2025-09-27T23:51:26.851Z,RP Hypertrophy v4 Template: 4-Day Upper/Lower,Accumulation - Day 1 - Upper A,"Triceps Extension, Cable",0,5,6,1,8,,0,32.5,lb,32.5,lb,0,2025-09-28T00:25:44.907Z,Triceps Brachii,,
2025-09-27T23:51:26.851Z,RP Hypertrophy v4 Template: 4-Day Upper/Lower,Accumulation - Day 1 - Upper A,"Seated Row, Leverage Machine",1,5,5,0,,,0,83.75,lb,82.5,lb,0,2025-09-28T00:39:27.091Z,"Latissimus Dorsi,Trapezius Lower Fibers,Trapezius Middle Fibers","Brachialis,Brachioradialis,Deltoid Posterior,Erector Spinae,Infraspinatus,Pectoralis Major Sternal Head,Teres Major,Teres Minor",
2025-09-27T23:51:26.851Z,RP Hypertrophy v4 Template: 4-Day Upper/Lower,Accumulation - Day 1 - Upper A,"Seated Row, Leverage Machine",1,3,3,0,,,0,110,lb,110,lb,0,2025-09-28T00:39:43.353Z,"Latissimus Dorsi,Trapezius Lower Fibers,Trapezius Middle Fibers","Brachialis,Brachioradialis,Deltoid Posterior,Erector Spinae,Infraspinatus,Pectoralis Major Sternal Head,Teres Major,Teres Minor",
2025-09-27T23:51:26.851Z,RP Hypertrophy v4 Template: 4-Day Upper/Lower,Accumulation - Day 1 - Upper A,"Seated Row, Leverage Machine",0,12,6,1,8,,0,125,lb,125,lb,0,2025-09-28T00:43:28.666Z,"Latissimus Dorsi,Trapezius Lower Fibers,Trapezius Middle Fibers","Brachialis,Brachioradialis,Deltoid Posterior,Erector Spinae,Infraspinatus,Pectoralis Major Sternal Head,Teres Major,Teres Minor",
2025-09-27T23:51:26.851Z,RP Hypertrophy v4 Template: 4-Day Upper/Lower,Accumulation - Day 1 - Upper A,"Seated Row, Leverage Machine",0,5,5,1,8,,0,125,lb,125,lb,0,2025-09-28T00:47:53.531Z,"Latissimus Dorsi,Trapezius Lower Fibers,Trapezius Middle Fibers","Brachialis,Brachioradialis,Deltoid Posterior,Erector Spinae,Infraspinatus,Pectoralis Major Sternal Head,Teres Major,Teres Minor",
2025-09-27T23:51:26.851Z,RP Hypertrophy v4 Template: 4-Day Upper/Lower,Accumulation - Day 1 - Upper A,Chin Up,1,5,1,0,,,0,75,lb,0,lb,0,2025-09-28T00:26:48.851Z,Latissimus Dorsi,"Brachialis,Brachioradialis,Deltoid Posterior,Levator Scapulae,Pectoralis Major Sternal Head,Teres Major,Trapezius Lower Fibers,Trapezius Middle Fibers",
2025-09-27T23:51:26.851Z,RP Hypertrophy v4 Template: 4-Day Upper/Lower,Accumulation - Day 1 - Upper A,Chin Up,0,30,6,1,9,,0,100,lb,0,lb,0,2025-09-28T00:32:14.822Z,Latissimus Dorsi,"Brachialis,Brachioradialis,Deltoid Posterior,Levator Scapulae,Pectoralis Major Sternal Head,Teres Major,Trapezius Lower Fibers,Trapezius Middle Fibers",
2025-09-27T23:51:26.851Z,RP Hypertrophy v4 Template: 4-Day Upper/Lower,Accumulation - Day 1 - Upper A,"Bicep Curl, Cable",0,20,7,1,8,,0,12.5,lb,12.5,lb,0,2025-09-28T00:33:07.433Z,Biceps Brachii,"Brachialis,Brachioradialis",
2025-09-27T23:51:26.851Z,RP Hypertrophy v4 Template: 4-Day Upper/Lower,Accumulation - Day 1 - Upper A,"Bicep Curl, Cable",0,20,5,1,8,,0,12.5,lb,12.5,lb,0,2025-09-28T00:48:40.283Z,Biceps Brachii,"Brachialis,Brachioradialis",
2025-09-27T23:51:26.851Z,RP Hypertrophy v4 Template: 4-Day Upper/Lower,Accumulation - Day 1 - Upper A,"Bicep Curl, Cable",0,5,5,1,8,,0,10,lb,7.5,lb,0,2025-09-28T00:51:27.677Z,Biceps Brachii,"Brachialis,Brachioradialis",
2025-09-26T00:47:01.869Z,RP Hypertrophy v4 Template: 4-Day Upper/Lower,Accumulation - Day 4 - Lower B,"Romanian Deadlift, Barbell",1,10,10,0,,,0,57.5,lb,45,lb,0,2025-09-26T00:49:28.991Z,Gluteus Maximus,"Adductor Magnus,Erector Spinae,Hamstrings",
2025-09-26T00:47:01.869Z,RP Hypertrophy v4 Template: 4-Day Upper/Lower,Accumulation - Day 4 - Lower B,"Romanian Deadlift, Barbell",1,2,5,0,,,0,117.5,lb,95,lb,0,2025-09-26T00:51:24.264Z,Gluteus Maximus,"Adductor Magnus,Erector Spinae,Hamstrings",
2025-09-26T00:47:01.869Z,RP Hypertrophy v4 Template: 4-Day Upper/Lower,Accumulation - Day 4 - Lower B,"Romanian Deadlift, Barbell",1,2,2,0,,,0,115,lb,115,lb,0,2025-09-26T00:54:33.488Z,Gluteus Maximus,"Adductor Magnus,Erector Spinae,Hamstrings",
2025-09-26T00:47:01.869Z,RP Hypertrophy v4 Template: 4-Day Upper/Lower,Accumulation - Day 4 - Lower B,"Romanian Deadlift, Barbell",0,9,9,0,,,0,115,lb,115,lb,0,2025-09-26T00:57:21.102Z,Gluteus Maximus,"Adductor Magnus,Erector Spinae,Hamstrings",
2025-09-26T00:47:01.869Z,RP Hypertrophy v4 Template: 4-Day Upper/Lower,Accumulation - Day 4 - Lower B,Bulgarian Split Squat,1,8,4,0,,,0,10,lb,10,lb,0,2025-09-26T01:00:33.091Z,Quadriceps,"Adductor Magnus,Gluteus Maximus,Soleus",
2025-09-26T00:47:01.869Z,RP Hypertrophy v4 Template: 4-Day Upper/Lower,Accumulation - Day 4 - Lower B,Bulgarian Split Squat,0,15,10,1,9,,0,20,lb,20,lb,0,2025-09-26T01:04:24.620Z,Quadriceps,"Adductor Magnus,Gluteus Maximus,Soleus",
2025-09-26T00:47:01.869Z,RP Hypertrophy v4 Template: 4-Day Upper/Lower,Accumulation - Day 4 - Lower B,Bulgarian Split Squat,0,15,6,1,9,,0,20,lb,20,lb,0,2025-09-26T01:11:28.125Z,Quadriceps,"Adductor Magnus,Gluteus Maximus,Soleus",
2025-09-26T00:47:01.869Z,RP Hypertrophy v4 Template: 4-Day Upper/Lower,Accumulation - Day 4 - Lower B,Leg Extension,0,15,13,0,,,0,45,lb,90,lb,0,2025-09-26T01:15:34.997Z,Quadriceps,,
2025-09-26T00:47:01.869Z,RP Hypertrophy v4 Template: 4-Day Upper/Lower,Accumulation - Day 4 - Lower B,Leg Extension,0,9,12,0,,,0,45,lb,90,lb,0,2025-09-26T01:19:40.921Z,Quadriceps,,
2025-09-26T00:47:01.869Z,RP Hypertrophy v4 Template: 4-Day Upper/Lower,Accumulation - Day 4 - Lower B,Calf Press on Leg Press,1,8,8,0,,,0,103.75,lb,105,lb,0,2025-09-26T01:20:19.543Z,Gastrocnemius,Soleus,
2025-09-26T00:47:01.869Z,RP Hypertrophy v4 Template: 4-Day Upper/Lower,Accumulation - Day 4 - Lower B,Calf Press on Leg Press,1,3,3,0,,,0,135,lb,135,lb,0,2025-09-26T01:20:27.263Z,Gastrocnemius,Soleus,
2025-09-26T00:47:01.869Z,RP Hypertrophy v4 Template: 4-Day Upper/Lower,Accumulation - Day 4 - Lower B,Calf Press on Leg Press,0,20,21,0,,,0,160,lb,160,lb,0,2025-09-26T01:22:18.985Z,Gastrocnemius,Soleus,
2025-09-26T00:47:01.869Z,RP Hypertrophy v4 Template: 4-Day Upper/Lower,Accumulation - Day 4 - Lower B,Calf Press on Leg Press,0,12,13,0,,,0,315,lb,315,lb,0,2025-09-26T01:25:08.794Z,Gastrocnemius,Soleus,
2025-09-26T00:47:01.869Z,RP Hypertrophy v4 Template: 4-Day Upper/Lower,Accumulation - Day 4 - Lower B,Lateral Raise,1,8,8,0,,,0,10,lb,10,lb,0,2025-09-26T01:26:21.330Z,Deltoid Lateral,"Deltoid Anterior,Serratus Anterior,Trapezius Lower Fibers,Trapezius Middle Fibers",
2025-09-26T00:47:01.869Z,RP Hypertrophy v4 Template: 4-Day Upper/Lower,Accumulation - Day 4 - Lower B,Lateral Raise,0,20,15,1,8,,0,15,lb,15,lb,0,2025-09-26T01:28:13.200Z,Deltoid Lateral,"Deltoid Anterior,Serratus Anterior,Trapezius Lower Fibers,Trapezius Middle Fibers",
2025-09-26T00:47:01.869Z,RP Hypertrophy v4 Template: 4-Day Upper/Lower,Accumulation - Day 4 - Lower B,Lateral Raise,0,20,14,1,8,,0,15,lb,15,lb,0,2025-09-26T01:30:33.304Z,Deltoid Lateral,"Deltoid Anterior,Serratus Anterior,Trapezius Lower Fibers,Trapezius Middle Fibers",
2025-09-26T00:47:01.869Z,RP Hypertrophy v4 Template: 4-Day Upper/Lower,Accumulation - Day 4 - Lower B,Lateral Raise,0,20,12,1,8,,0,15,lb,15,lb,0,2025-09-26T01:34:03.607Z,Deltoid Lateral,"Deltoid Anterior,Serratus Anterior,Trapezius Lower Fibers,Trapezius Middle Fibers",
2025-09-26T00:47:01.869Z,RP Hypertrophy v4 Template: 4-Day Upper/Lower,Accumulation - Day 4 - Lower B,Hanging Leg Raise,0,10,6,0,,,0,0,lb,0,lb,0,2025-09-26T01:34:49.172Z,Iliopsoas,"Adductor Brevis,Adductor Longus,Pectineous,Sartorius,Tensor Fasciae Latae",
2025-09-26T00:47:01.869Z,RP Hypertrophy v4 Template: 4-Day Upper/Lower,Accumulation - Day 4 - Lower B,Hanging Leg Raise,0,9,9,0,,,0,0,lb,0,lb,0,2025-09-26T01:37:26.193Z,Iliopsoas,"Adductor Brevis,Adductor Longus,Pectineous,Sartorius,Tensor Fasciae Latae",
2025-09-26T00:47:01.869Z,RP Hypertrophy v4 Template: 4-Day Upper/Lower,Accumulation - Day 4 - Lower B,Hanging Leg Raise,0,7,7,0,,,0,0,lb,0,lb,0,2025-09-26T01:40:05.225Z,Iliopsoas,"Adductor Brevis,Adductor Longus,Pectineous,Sartorius,Tensor Fasciae Latae",
2025-09-24T00:20:30.266Z,RP Hypertrophy v4 Template: 4-Day Upper/Lower,Accumulation - Day 3 - Upper B,Pull Up,1,2,1,0,,,0,0,lb,0,lb,0,2025-09-24T00:22:00.597Z,Latissimus Dorsi,"Biceps Brachii,Brachialis,Brachioradialis,Deltoid Posterior,Infraspinatus,Levator Scapulae,Teres Major,Teres Minor,Trapezius Lower Fibers,Trapezius Middle Fibers",
2025-09-24T00:20:30.266Z,RP Hypertrophy v4 Template: 4-Day Upper/Lower,Accumulation - Day 3 - Upper B,Pull Up,0,10,4,1,7,,0,0,lb,0,lb,0,2025-09-24T00:25:07.223Z,Latissimus Dorsi,"Biceps Brachii,Brachialis,Brachioradialis,Deltoid Posterior,Infraspinatus,Levator Scapulae,Teres Major,Teres Minor,Trapezius Lower Fibers,Trapezius Middle Fibers",
2025-09-24T00:20:30.266Z,RP Hypertrophy v4 Template: 4-Day Upper/Lower,Accumulation - Day 3 - Upper B,Pull Up,0,5,3,1,7,,0,0,lb,0,lb,0,2025-09-24T00:28:17.162Z,Latissimus Dorsi,"Biceps Brachii,Brachialis,Brachioradialis,Deltoid Posterior,Infraspinatus,Levator Scapulae,Teres Major,Teres Minor,Trapezius Lower Fibers,Trapezius Middle Fibers",
2025-09-24T00:20:30.266Z,RP Hypertrophy v4 Template: 4-Day Upper/Lower,Accumulation - Day 3 - Upper B,"Seated Row, Leverage Machine",1,3,3,0,,,0,101.25,lb,102.5,lb,0,2025-09-24T00:54:04.263Z,"Latissimus Dorsi,Trapezius Lower Fibers,Trapezius Middle Fibers","Brachialis,Brachioradialis,Deltoid Posterior,Erector Spinae,Infraspinatus,Pectoralis Major Sternal Head,Teres Major,Teres Minor",
2025-09-24T00:20:30.266Z,RP Hypertrophy v4 Template: 4-Day Upper/Lower,Accumulation - Day 3 - Upper B,"Seated Row, Leverage Machine",0,10,10,1,8,,0,135,lb,135,lb,0,2025-09-24T00:56:02.542Z,"Latissimus Dorsi,Trapezius Lower Fibers,Trapezius Middle Fibers","Brachialis,Brachioradialis,Deltoid Posterior,Erector Spinae,Infraspinatus,Pectoralis Major Sternal Head,Teres Major,Teres Minor",
2025-09-24T00:20:30.266Z,RP Hypertrophy v4 Template: 4-Day Upper/Lower,Accumulation - Day 3 - Upper B,"Seated Row, Leverage Machine",0,10,8,1,8,,0,135,lb,135,lb,0,2025-09-24T00:59:15.672Z,"Latissimus Dorsi,Trapezius Lower Fibers,Trapezius Middle Fibers","Brachialis,Brachioradialis,Deltoid Posterior,Erector Spinae,Infraspinatus,Pectoralis Major Sternal Head,Teres Major,Teres Minor",
2025-09-24T00:20:30.266Z,RP Hypertrophy v4 Template: 4-Day Upper/Lower,Accumulation - Day 3 - Upper B,Concentration Curl,1,3,2,0,,,0,42.5,lb,30,lb,0,2025-09-24T00:41:11.062Z,Brachialis,"Biceps Brachii,Brachioradialis",
2025-09-24T00:20:30.266Z,RP Hypertrophy v4 Template: 4-Day Upper/Lower,Accumulation - Day 3 - Upper B,Concentration Curl,0,30,3,1,7,,0,50,lb,30,lb,0,2025-09-24T00:43:36.665Z,Brachialis,"Biceps Brachii,Brachioradialis",
2025-09-24T00:20:30.266Z,RP Hypertrophy v4 Template: 4-Day Upper/Lower,Accumulation - Day 3 - Upper B,Concentration Curl,0,30,3,1,7,,0,50,lb,30,lb,0,2025-09-24T00:46:39.467Z,Brachialis,"Biceps Brachii,Brachioradialis",
2025-09-24T00:20:30.266Z,RP Hypertrophy v4 Template: 4-Day Upper/Lower,Accumulation - Day 3 - Upper B,Concentration Curl,0,5,4,1,7,,0,50,lb,30,lb,0,2025-09-24T00:49:30.788Z,Brachialis,"Biceps Brachii,Brachioradialis",
2025-09-24T00:20:30.266Z,RP Hypertrophy v4 Template: 4-Day Upper/Lower,Accumulation - Day 3 - Upper B,"Incline Bench Press, Smith Machine",1,5,10,0,,,0,65,lb,45,lb,0,2025-09-24T01:03:46.817Z,Pectoralis Major Clavicular Head,"Deltoid Anterior,Pectoralis Major Sternal Head,Triceps Brachii",
2025-09-24T00:20:30.266Z,RP Hypertrophy v4 Template: 4-Day Upper/Lower,Accumulation - Day 3 - Upper B,"Incline Bench Press, Smith Machine",1,3,2,0,,,0,85,lb,95,lb,0,2025-09-24T01:04:52.178Z,Pectoralis Major Clavicular Head,"Deltoid Anterior,Pectoralis Major Sternal Head,Triceps Brachii",
2025-09-24T00:20:30.266Z,RP Hypertrophy v4 Template: 4-Day Upper/Lower,Accumulation - Day 3 - Upper B,"Incline Bench Press, Smith Machine",0,15,13,1,8,,0,100,lb,100,lb,0,2025-09-24T01:07:14.776Z,Pectoralis Major Clavicular Head,"Deltoid Anterior,Pectoralis Major Sternal Head,Triceps Brachii",
2025-09-24T00:20:30.266Z,RP Hypertrophy v4 Template: 4-Day Upper/Lower,Accumulation - Day 3 - Upper B,"Incline Bench Press, Smith Machine",0,15,8,1,8,,0,100,lb,100,lb,0,2025-09-24T01:10:13.050Z,Pectoralis Major Clavicular Head,"Deltoid Anterior,Pectoralis Major Sternal Head,Triceps Brachii",
2025-09-24T00:20:30.266Z,RP Hypertrophy v4 Template: 4-Day Upper/Lower,Accumulation - Day 3 - Upper B,"Incline Bench Press, Smith Machine",0,5,4,1,8,,0,100,lb,100,lb,0,2025-09-24T01:13:37.786Z,Pectoralis Major Clavicular Head,"Deltoid Anterior,Pectoralis Major Sternal Head,Triceps Brachii",
2025-09-24T00:20:30.266Z,RP Hypertrophy v4 Template: 4-Day Upper/Lower,Accumulation - Day 3 - Upper B,Chest Fly,0,20,8,1,7,,0,20,lb,20,lb,0,2025-09-24T01:18:48.739Z,Pectoralis Major Sternal Head,"Biceps Brachii,Deltoid Anterior,Pectoralis Major Clavicular Head",
2025-09-24T00:20:30.266Z,RP Hypertrophy v4 Template: 4-Day Upper/Lower,Accumulation - Day 3 - Upper B,Chest Fly,0,5,9,1,7,,0,20,lb,20,lb,0,2025-09-24T01:22:18.138Z,Pectoralis Major Sternal Head,"Biceps Brachii,Deltoid Anterior,Pectoralis Major Clavicular Head",
2025-09-24T00:20:30.266Z,RP Hypertrophy v4 Template: 4-Day Upper/Lower,Accumulation - Day 3 - Upper B,Triceps Pushdown,1,8,10,0,,,0,27.5,lb,25,lb,0,2025-09-24T00:51:03.848Z,Triceps Brachii,,
2025-09-24T00:20:30.266Z,RP Hypertrophy v4 Template: 4-Day Upper/Lower,Accumulation - Day 3 - Upper B,Triceps Pushdown,0,20,20,1,8,,0,37.5,lb,45,lb,0,2025-09-24T00:53:11.253Z,Triceps Brachii,,
2025-09-24T00:20:30.266Z,RP Hypertrophy v4 Template: 4-Day Upper/Lower,Accumulation - Day 3 - Upper B,Triceps Pushdown,0,20,18,1,8,,0,45,lb,45,lb,0,2025-09-24T01:00:48.376Z,Triceps Brachii,,
2025-09-24T00:20:30.266Z,RP Hypertrophy v4 Template: 4-Day Upper/Lower,Accumulation - Day 3 - Upper B,Triceps Pushdown,0,18,10,1,8,,0,45,lb,45,lb,0,2025-09-24T01:16:02.214Z,Triceps Brachii,,
2025-09-23T00:12:46.529Z,RP Hypertrophy v4 Template: 4-Day Upper/Lower,Accumulation - Day 2 - Lower A,Squat,1,10,7,0,,,0,75,lb,65,lb,0,2025-09-23T00:59:20.398Z,Quadriceps,"Adductor Magnus,Gluteus Maximus,Soleus",
2025-09-23T00:12:46.529Z,RP Hypertrophy v4 Template: 4-Day Upper/Lower,Accumulation - Day 2 - Lower A,Squat,1,6,3,0,,,0,112.5,lb,95,lb,0,2025-09-23T01:00:41.473Z,Quadriceps,"Adductor Magnus,Gluteus Maximus,Soleus",
2025-09-23T00:12:46.529Z,RP Hypertrophy v4 Template: 4-Day Upper/Lower,Accumulation - Day 2 - Lower A,Squat,1,2,2,0,,,0,152.5,lb,135,lb,0,2025-09-23T01:07:10.931Z,Quadriceps,"Adductor Magnus,Gluteus Maximus,Soleus",
2025-09-23T00:12:46.529Z,RP Hypertrophy v4 Template: 4-Day Upper/Lower,Accumulation - Day 2 - Lower A,Squat,0,10,6,0,7,,0,150,lb,150,lb,0,2025-09-23T01:09:40.441Z,Quadriceps,"Adductor Magnus,Gluteus Maximus,Soleus",
2025-09-23T00:12:46.529Z,RP Hypertrophy v4 Template: 4-Day Upper/Lower,Accumulation - Day 2 - Lower A,Squat,0,5,5,0,7,,0,150,lb,150,lb,0,2025-09-23T01:12:43.740Z,Quadriceps,"Adductor Magnus,Gluteus Maximus,Soleus",
2025-09-23T00:12:46.529Z,RP Hypertrophy v4 Template: 4-Day Upper/Lower,Accumulation - Day 2 - Lower A,Seated Leg Curl,1,5,5,0,,,0,51.25,lb,52.5,lb,0,2025-09-23T00:20:41.210Z,Hamstrings,"Gastrocnemius,Sartorius",
2025-09-23T00:12:46.529Z,RP Hypertrophy v4 Template: 4-Day Upper/Lower,Accumulation - Day 2 - Lower A,Seated Leg Curl,1,3,3,0,,,0,67.5,lb,67.5,lb,0,2025-09-23T00:21:12.296Z,Hamstrings,"Gastrocnemius,Sartorius",
2025-09-23T00:12:46.529Z,RP Hypertrophy v4 Template: 4-Day Upper/Lower,Accumulation - Day 2 - Lower A,Seated Leg Curl,0,11,11,0,,,0,80,lb,80,lb,0,2025-09-23T00:27:00.009Z,Hamstrings,"Gastrocnemius,Sartorius",
2025-09-23T00:12:46.529Z,RP Hypertrophy v4 Template: 4-Day Upper/Lower,Accumulation - Day 2 - Lower A,Seated Leg Curl,0,10,10,0,7,,0,80,lb,80,lb,0,2025-09-23T00:48:54.265Z,Hamstrings,"Gastrocnemius,Sartorius",
2025-09-23T00:12:46.529Z,RP Hypertrophy v4 Template: 4-Day Upper/Lower,Accumulation - Day 2 - Lower A,Calf Press on Leg Press,1,4,4,0,,,0,211.25,lb,215,lb,0,2025-09-23T00:13:37.856Z,Gastrocnemius,Soleus,
2025-09-23T00:12:46.529Z,RP Hypertrophy v4 Template: 4-Day Upper/Lower,Accumulation - Day 2 - Lower A,Calf Press on Leg Press,1,2,2,0,,,0,276.25,lb,280,lb,0,2025-09-23T00:14:07.001Z,Gastrocnemius,Soleus,
2025-09-23T00:12:46.529Z,RP Hypertrophy v4 Template: 4-Day Upper/Lower,Accumulation - Day 2 - Lower A,Calf Press on Leg Press,0,12,12,0,,,0,325,lb,325,lb,0,2025-09-23T00:15:50.869Z,Gastrocnemius,Soleus,
2025-09-23T00:12:46.529Z,RP Hypertrophy v4 Template: 4-Day Upper/Lower,Accumulation - Day 2 - Lower A,Calf Press on Leg Press,0,8,9,0,,,0,325,lb,325,lb,0,2025-09-23T00:18:45.464Z,Gastrocnemius,Soleus,
2025-09-23T00:12:46.529Z,RP Hypertrophy v4 Template: 4-Day Upper/Lower,Accumulation - Day 2 - Lower A,"Hip Abductor, Cable",1,5,4,0,,,0,10,lb,12.5,lb,0,2025-09-23T00:33:53.249Z,"Gluteus Maximus,Gluteus Medius",Tensor Fasciae Latae,
2025-09-23T00:12:46.529Z,RP Hypertrophy v4 Template: 4-Day Upper/Lower,Accumulation - Day 2 - Lower A,"Hip Abductor, Cable",0,11,11,0,,,0,15,lb,12.5,lb,0,2025-09-23T00:38:10.779Z,"Gluteus Maximus,Gluteus Medius",Tensor Fasciae Latae,
2025-09-23T00:12:46.529Z,RP Hypertrophy v4 Template: 4-Day Upper/Lower,Accumulation - Day 2 - Lower A,"Lateral Raise, Cable",0,15,14,1,8,,0,7.5,lb,7.5,lb,0,2025-09-23T00:39:50.271Z,Deltoid Lateral,"Deltoid Anterior,Serratus Anterior,Trapezius Lower Fibers,Trapezius Middle Fibers",
2025-09-23T00:12:46.529Z,RP Hypertrophy v4 Template: 4-Day Upper/Lower,Accumulation - Day 2 - Lower A,"Lateral Raise, Cable",0,15,10,1,8,,0,10,lb,7.5,lb,0,2025-09-23T00:45:05.634Z,Deltoid Lateral,"Deltoid Anterior,Serratus Anterior,Trapezius Lower Fibers,Trapezius Middle Fibers",
2025-09-23T00:12:46.529Z,RP Hypertrophy v4 Template: 4-Day Upper/Lower,Accumulation - Day 2 - Lower A,"Lateral Raise, Cable",0,5,9,1,8,,0,10,lb,7.5,lb,0,2025-09-23T00:49:49.070Z,Deltoid Lateral,"Deltoid Anterior,Serratus Anterior,Trapezius Lower Fibers,Trapezius Middle Fibers",
2025-09-23T00:12:46.529Z,RP Hypertrophy v4 Template: 4-Day Upper/Lower,Accumulation - Day 2 - Lower A,"Sit Up, Kettlebell",0,30,4,0,7,,0,40,lb,18,lb,0,2025-09-23T00:51:32.890Z,Rectus Abdominis,"Iliopsoas,Obliques,Quadriceps,Sartorius,Tensor Fasciae Latae",
2025-09-23T00:12:46.529Z,RP Hypertrophy v4 Template: 4-Day Upper/Lower,Accumulation - Day 2 - Lower A,"Sit Up, Kettlebell",0,30,6,0,7,,0,40,lb,18,lb,0,2025-09-23T00:54:07.770Z,Rectus Abdominis,"Iliopsoas,Obliques,Quadriceps,Sartorius,Tensor Fasciae Latae",
2025-09-21T00:46:57.898Z,RP Hypertrophy v4 Template: 4-Day Upper/Lower,Accumulation - Day 1 - Upper A,Push Up,1,2,2,0,,,0,145,lb,0,lb,0,2025-09-21T01:19:16.601Z,Pectoralis Major Sternal Head,"Deltoid Anterior,Pectoralis Major Clavicular Head,Triceps Brachii",
2025-09-21T00:46:57.898Z,RP Hypertrophy v4 Template: 4-Day Upper/Lower,Accumulation - Day 1 - Upper A,Push Up,0,7,11,1,8,,0,140,lb,0,lb,0,2025-09-21T01:21:35.218Z,Pectoralis Major Sternal Head,"Deltoid Anterior,Pectoralis Major Clavicular Head,Triceps Brachii",
2025-09-21T00:46:57.898Z,RP Hypertrophy v4 Template: 4-Day Upper/Lower,Accumulation - Day 1 - Upper A,Push Up,0,8,8,1,8,,0,110,lb,0,lb,0,2025-09-21T01:23:50.130Z,Pectoralis Major Sternal Head,"Deltoid Anterior,Pectoralis Major Clavicular Head,Triceps Brachii",
2025-09-21T00:46:57.898Z,RP Hypertrophy v4 Template: 4-Day Upper/Lower,Accumulation - Day 1 - Upper A,Push Up,0,5,7,1,8,,0,110,lb,0,lb,0,2025-09-21T01:26:04.897Z,Pectoralis Major Sternal Head,"Deltoid Anterior,Pectoralis Major Clavicular Head,Triceps Brachii",
2025-09-21T00:46:57.898Z,RP Hypertrophy v4 Template: 4-Day Upper/Lower,Accumulation - Day 1 - Upper A,Incline Chest Fly,1,5,5,0,,,0,15,lb,15,lb,0,2025-09-21T00:48:01.439Z,Pectoralis Major Clavicular Head,"Biceps Brachii,Deltoid Anterior,Pectoralis Major Sternal Head",
2025-09-21T00:46:57.898Z,RP Hypertrophy v4 Template: 4-Day Upper/Lower,Accumulation - Day 1 - Upper A,Incline Chest Fly,0,11,11,0,,,0,20,lb,20,lb,0,2025-09-21T00:50:37.625Z,Pectoralis Major Clavicular Head,"Biceps Brachii,Deltoid Anterior,Pectoralis Major Sternal Head",
2025-09-21T00:46:57.898Z,RP Hypertrophy v4 Template: 4-Day Upper/Lower,Accumulation - Day 1 - Upper A,"Triceps Extension, Cable",1,5,5,0,,,0,30,lb,32.5,lb,0,2025-09-21T00:51:29.451Z,Triceps Brachii,,
2025-09-21T00:46:57.898Z,RP Hypertrophy v4 Template: 4-Day Upper/Lower,Accumulation - Day 1 - Upper A,"Triceps Extension, Cable",0,12,11,1,8,,0,42.5,lb,42.5,lb,0,2025-09-21T00:53:32.928Z,Triceps Brachii,,
2025-09-21T00:46:57.898Z,RP Hypertrophy v4 Template: 4-Day Upper/Lower,Accumulation - Day 1 - Upper A,"Triceps Extension, Cable",0,8,9,1,8,,0,42.5,lb,42.5,lb,0,2025-09-21T00:55:55.478Z,Triceps Brachii,,
2025-09-21T00:46:57.898Z,RP Hypertrophy v4 Template: 4-Day Upper/Lower,Accumulation - Day 1 - Upper A,"Triceps Extension, Cable",0,5,6,1,8,,0,42.5,lb,42.5,lb,0,2025-09-21T00:58:20.990Z,Triceps Brachii,,
2025-09-21T00:46:57.898Z,RP Hypertrophy v4 Template: 4-Day Upper/Lower,Accumulation - Day 1 - Upper A,"Seated Row, Leverage Machine",1,5,5,0,,,0,83.75,lb,85,lb,0,2025-09-21T00:59:18.951Z,"Latissimus Dorsi,Trapezius Lower Fibers,Trapezius Middle Fibers","Brachialis,Brachioradialis,Deltoid Posterior,Erector Spinae,Infraspinatus,Pectoralis Major Sternal Head,Teres Major,Teres Minor",
2025-09-21T00:46:57.898Z,RP Hypertrophy v4 Template: 4-Day Upper/Lower,Accumulation - Day 1 - Upper A,"Seated Row, Leverage Machine",1,3,3,0,,,0,110,lb,110,lb,0,2025-09-21T01:00:34.157Z,"Latissimus Dorsi,Trapezius Lower Fibers,Trapezius Middle Fibers","Brachialis,Brachioradialis,Deltoid Posterior,Erector Spinae,Infraspinatus,Pectoralis Major Sternal Head,Teres Major,Teres Minor",
2025-09-21T00:46:57.898Z,RP Hypertrophy v4 Template: 4-Day Upper/Lower,Accumulation - Day 1 - Upper A,"Seated Row, Leverage Machine",0,12,11,1,8,,0,125,lb,125,lb,0,2025-09-21T01:02:34.140Z,"Latissimus Dorsi,Trapezius Lower Fibers,Trapezius Middle Fibers","Brachialis,Brachioradialis,Deltoid Posterior,Erector Spinae,Infraspinatus,Pectoralis Major Sternal Head,Teres Major,Teres Minor",
2025-09-21T00:46:57.898Z,RP Hypertrophy v4 Template: 4-Day Upper/Lower,Accumulation - Day 1 - Upper A,"Seated Row, Leverage Machine",0,5,8,1,8,,0,125,lb,125,lb,0,2025-09-21T01:05:04.120Z,"Latissimus Dorsi,Trapezius Lower Fibers,Trapezius Middle Fibers","Brachialis,Brachioradialis,Deltoid Posterior,Erector Spinae,Infraspinatus,Pectoralis Major Sternal Head,Teres Major,Teres Minor",
2025-09-21T00:46:57.898Z,RP Hypertrophy v4 Template: 4-Day Upper/Lower,Accumulation - Day 1 - Upper A,Chin Up,1,5,1,0,,,0,75,lb,0,lb,0,2025-09-21T01:05:46.852Z,Latissimus Dorsi,"Brachialis,Brachioradialis,Deltoid Posterior,Levator Scapulae,Pectoralis Major Sternal Head,Teres Major,Trapezius Lower Fibers,Trapezius Middle Fibers",
2025-09-21T00:46:57.898Z,RP Hypertrophy v4 Template: 4-Day Upper/Lower,Accumulation - Day 1 - Upper A,Chin Up,0,30,3,1,8,,0,100,lb,0,lb,0,2025-09-21T01:08:28.887Z,Latissimus Dorsi,"Brachialis,Brachioradialis,Deltoid Posterior,Levator Scapulae,Pectoralis Major Sternal Head,Teres Major,Trapezius Lower Fibers,Trapezius Middle Fibers",
2025-09-21T00:46:57.898Z,RP Hypertrophy v4 Template: 4-Day Upper/Lower,Accumulation - Day 1 - Upper A,Chin Up,0,0,3,0,,,0,0,lb,0,lb,0,2025-09-21T01:10:47.670Z,Latissimus Dorsi,"Brachialis,Brachioradialis,Deltoid Posterior,Levator Scapulae,Pectoralis Major Sternal Head,Teres Major,Trapezius Lower Fibers,Trapezius Middle Fibers",
2025-09-21T00:46:57.898Z,RP Hypertrophy v4 Template: 4-Day Upper/Lower,Accumulation - Day 1 - Upper A,"Bicep Curl, Cable",0,20,9,1,8,,0,12.5,lb,12.5,lb,0,2025-09-21T01:12:00.133Z,Biceps Brachii,"Brachialis,Brachioradialis",
2025-09-21T00:46:57.898Z,RP Hypertrophy v4 Template: 4-Day Upper/Lower,Accumulation - Day 1 - Upper A,"Bicep Curl, Cable",0,20,9,1,8,,0,12.5,lb,12.5,lb,0,2025-09-21T01:14:37.823Z,Biceps Brachii,"Brachialis,Brachioradialis",
2025-09-21T00:46:57.898Z,RP Hypertrophy v4 Template: 4-Day Upper/Lower,Accumulation - Day 1 - Upper A,"Bicep Curl, Cable",0,5,10,1,8,,0,12.5,lb,12.5,lb,0,2025-09-21T01:18:13.687Z,Biceps Brachii,"Brachialis,Brachioradialis",
2025-09-19T01:09:23.336Z,RP Hypertrophy v4 Template: 4-Day Upper/Lower,Accumulation - Day 4 - Lower B,"Romanian Deadlift, Barbell",1,10,10,0,,,0,55,lb,45,lb,0,2025-09-19T01:10:14.638Z,Gluteus Maximus,"Adductor Magnus,Erector Spinae,Hamstrings",
2025-09-19T01:09:23.336Z,RP Hypertrophy v4 Template: 4-Day Upper/Lower,Accumulation - Day 4 - Lower B,"Romanian Deadlift, Barbell",1,6,3,0,,,0,82.5,lb,95,lb,0,2025-09-19T01:12:25.568Z,Gluteus Maximus,"Adductor Magnus,Erector Spinae,Hamstrings",
2025-09-19T01:09:23.336Z,RP Hypertrophy v4 Template: 4-Day Upper/Lower,Accumulation - Day 4 - Lower B,"Romanian Deadlift, Barbell",1,2,2,0,,,0,112.5,lb,110,lb,0,2025-09-19T01:13:55.567Z,Gluteus Maximus,"Adductor Magnus,Erector Spinae,Hamstrings",
2025-09-19T01:09:23.336Z,RP Hypertrophy v4 Template: 4-Day Upper/Lower,Accumulation - Day 4 - Lower B,"Romanian Deadlift, Barbell",0,9,9,0,,,0,110,lb,110,lb,0,2025-09-19T01:19:00.912Z,Gluteus Maximus,"Adductor Magnus,Erector Spinae,Hamstrings",
2025-09-19T01:09:23.336Z,RP Hypertrophy v4 Template: 4-Day Upper/Lower,Accumulation - Day 4 - Lower B,Bulgarian Split Squat,1,8,4,0,,,0,10,lb,10,lb,0,2025-09-19T01:22:51.047Z,Quadriceps,"Adductor Magnus,Gluteus Maximus,Soleus",
2025-09-19T01:09:23.336Z,RP Hypertrophy v4 Template: 4-Day Upper/Lower,Accumulation - Day 4 - Lower B,Bulgarian Split Squat,0,15,7,1,8,,0,20,lb,20,lb,0,2025-09-19T01:25:22.200Z,Quadriceps,"Adductor Magnus,Gluteus Maximus,Soleus",
2025-09-19T01:09:23.336Z,RP Hypertrophy v4 Template: 4-Day Upper/Lower,Accumulation - Day 4 - Lower B,Bulgarian Split Squat,0,15,9,1,8,,0,20,lb,20,lb,0,2025-09-19T01:28:47.791Z,Quadriceps,"Adductor Magnus,Gluteus Maximus,Soleus",
2025-09-19T01:09:23.336Z,RP Hypertrophy v4 Template: 4-Day Upper/Lower,Accumulation - Day 4 - Lower B,Leg Extension,0,20,15,1,8,,0,40,lb,40,lb,0,2025-09-19T01:32:34.766Z,Quadriceps,,
2025-09-19T01:09:23.336Z,RP Hypertrophy v4 Template: 4-Day Upper/Lower,Accumulation - Day 4 - Lower B,Leg Extension,0,20,9,1,8,,0,40,lb,40,lb,0,2025-09-19T01:35:14.057Z,Quadriceps,,
2025-09-19T01:09:23.336Z,RP Hypertrophy v4 Template: 4-Day Upper/Lower,Accumulation - Day 4 - Lower B,Calf Press on Leg Press,1,8,8,0,,,0,100,lb,100,lb,0,2025-09-19T01:41:22.194Z,Gastrocnemius,Soleus,
2025-09-19T01:09:23.336Z,RP Hypertrophy v4 Template: 4-Day Upper/Lower,Accumulation - Day 4 - Lower B,Calf Press on Leg Press,1,3,3,0,,,0,131.25,lb,135,lb,0,2025-09-19T01:42:44.212Z,Gastrocnemius,Soleus,
2025-09-19T01:09:23.336Z,RP Hypertrophy v4 Template: 4-Day Upper/Lower,Accumulation - Day 4 - Lower B,Calf Press on Leg Press,0,20,20,0,,,0,155,lb,155,lb,0,2025-09-19T01:45:49.547Z,Gastrocnemius,Soleus,
2025-09-19T01:09:23.336Z,RP Hypertrophy v4 Template: 4-Day Upper/Lower,Accumulation - Day 4 - Lower B,Calf Press on Leg Press,0,12,12,0,,,0,310,lb,310,lb,0,2025-09-19T01:48:11.333Z,Gastrocnemius,Soleus,
2025-09-19T01:09:23.336Z,RP Hypertrophy v4 Template: 4-Day Upper/Lower,Accumulation - Day 4 - Lower B,Lateral Raise,1,8,8,0,,,0,10,lb,10,lb,0,2025-09-19T01:49:27.405Z,Deltoid Lateral,"Deltoid Anterior,Serratus Anterior,Trapezius Lower Fibers,Trapezius Middle Fibers",
2025-09-19T01:09:23.336Z,RP Hypertrophy v4 Template: 4-Day Upper/Lower,Accumulation - Day 4 - Lower B,Lateral Raise,0,20,21,1,7,,0,10,lb,10,lb,0,2025-09-19T01:51:28.201Z,Deltoid Lateral,"Deltoid Anterior,Serratus Anterior,Trapezius Lower Fibers,Trapezius Middle Fibers",
2025-09-19T01:09:23.336Z,RP Hypertrophy v4 Template: 4-Day Upper/Lower,Accumulation - Day 4 - Lower B,Lateral Raise,0,20,14,1,7,,0,10,lb,10,lb,0,2025-09-19T01:53:49.031Z,Deltoid Lateral,"Deltoid Anterior,Serratus Anterior,Trapezius Lower Fibers,Trapezius Middle Fibers",
2025-09-19T01:09:23.336Z,RP Hypertrophy v4 Template: 4-Day Upper/Lower,Accumulation - Day 4 - Lower B,Lateral Raise,0,5,12,1,7,,0,10,lb,10,lb,0,2025-09-19T01:56:20.420Z,Deltoid Lateral,"Deltoid Anterior,Serratus Anterior,Trapezius Lower Fibers,Trapezius Middle Fibers",
2025-09-19T01:09:23.336Z,RP Hypertrophy v4 Template: 4-Day Upper/Lower,Accumulation - Day 4 - Lower B,Hanging Leg Raise,0,12,9,1,7,,0,0,lb,0,lb,0,2025-09-19T01:57:20.699Z,Iliopsoas,"Adductor Brevis,Adductor Longus,Pectineous,Sartorius,Tensor Fasciae Latae",
2025-09-19T01:09:23.336Z,RP Hypertrophy v4 Template: 4-Day Upper/Lower,Accumulation - Day 4 - Lower B,Hanging Leg Raise,0,12,8,1,7,,0,0,lb,0,lb,0,2025-09-19T02:00:10.268Z,Iliopsoas,"Adductor Brevis,Adductor Longus,Pectineous,Sartorius,Tensor Fasciae Latae",
2025-09-19T01:09:23.336Z,RP Hypertrophy v4 Template: 4-Day Upper/Lower,Accumulation - Day 4 - Lower B,Hanging Leg Raise,0,5,6,1,7,,0,0,lb,0,lb,0,2025-09-19T02:02:56.358Z,Iliopsoas,"Adductor Brevis,Adductor Longus,Pectineous,Sartorius,Tensor Fasciae Latae",
2025-09-17T00:43:21.832Z,RP Hypertrophy v4 Template: 4-Day Upper/Lower,Accumulation - Day 3 - Upper B,Pull Up,1,10,1,0,,,0,0,lb,0,lb,0,2025-09-17T00:46:26.006Z,Latissimus Dorsi,"Biceps Brachii,Brachialis,Brachioradialis,Deltoid Posterior,Infraspinatus,Levator Scapulae,Teres Major,Teres Minor,Trapezius Lower Fibers,Trapezius Middle Fibers",
2025-09-17T00:43:21.832Z,RP Hypertrophy v4 Template: 4-Day Upper/Lower,Accumulation - Day 3 - Upper B,Pull Up,1,6,1,0,,,0,0,lb,0,lb,0,2025-09-17T00:47:56.706Z,Latissimus Dorsi,"Biceps Brachii,Brachialis,Brachioradialis,Deltoid Posterior,Infraspinatus,Levator Scapulae,Teres Major,Teres Minor,Trapezius Lower Fibers,Trapezius Middle Fibers",
2025-09-17T00:43:21.832Z,RP Hypertrophy v4 Template: 4-Day Upper/Lower,Accumulation - Day 3 - Upper B,Pull Up,1,2,2,0,,,0,0,lb,0,lb,0,2025-09-17T00:49:30.754Z,Latissimus Dorsi,"Biceps Brachii,Brachialis,Brachioradialis,Deltoid Posterior,Infraspinatus,Levator Scapulae,Teres Major,Teres Minor,Trapezius Lower Fibers,Trapezius Middle Fibers",
2025-09-17T00:43:21.832Z,RP Hypertrophy v4 Template: 4-Day Upper/Lower,Accumulation - Day 3 - Upper B,Pull Up,0,10,3,1,7,,0,0,lb,0,lb,0,2025-09-17T00:51:21.066Z,Latissimus Dorsi,"Biceps Brachii,Brachialis,Brachioradialis,Deltoid Posterior,Infraspinatus,Levator Scapulae,Teres Major,Teres Minor,Trapezius Lower Fibers,Trapezius Middle Fibers",
2025-09-17T00:43:21.832Z,RP Hypertrophy v4 Template: 4-Day Upper/Lower,Accumulation - Day 3 - Upper B,Pull Up,0,5,3,1,7,,0,0,lb,0,lb,0,2025-09-17T00:53:51.955Z,Latissimus Dorsi,"Biceps Brachii,Brachialis,Brachioradialis,Deltoid Posterior,Infraspinatus,Levator Scapulae,Teres Major,Teres Minor,Trapezius Lower Fibers,Trapezius Middle Fibers",
2025-09-17T00:43:21.832Z,RP Hypertrophy v4 Template: 4-Day Upper/Lower,Accumulation - Day 3 - Upper B,"Seated Row, Leverage Machine",1,3,3,0,,,0,75,lb,75,lb,0,2025-09-17T00:56:11.752Z,"Latissimus Dorsi,Trapezius Lower Fibers,Trapezius Middle Fibers","Brachialis,Brachioradialis,Deltoid Posterior,Erector Spinae,Infraspinatus,Pectoralis Major Sternal Head,Teres Major,Teres Minor",
2025-09-17T00:43:21.832Z,RP Hypertrophy v4 Template: 4-Day Upper/Lower,Accumulation - Day 3 - Upper B,"Seated Row, Leverage Machine",0,30,16,1,7,,0,100,lb,100,lb,0,2025-09-17T00:58:30.573Z,"Latissimus Dorsi,Trapezius Lower Fibers,Trapezius Middle Fibers","Brachialis,Brachioradialis,Deltoid Posterior,Erector Spinae,Infraspinatus,Pectoralis Major Sternal Head,Teres Major,Teres Minor",
2025-09-17T00:43:21.832Z,RP Hypertrophy v4 Template: 4-Day Upper/Lower,Accumulation - Day 3 - Upper B,"Seated Row, Leverage Machine",0,16,14,1,7,,0,100,lb,100,lb,0,2025-09-17T01:01:31.529Z,"Latissimus Dorsi,Trapezius Lower Fibers,Trapezius Middle Fibers","Brachialis,Brachioradialis,Deltoid Posterior,Erector Spinae,Infraspinatus,Pectoralis Major Sternal Head,Teres Major,Teres Minor",
2025-09-17T00:43:21.832Z,RP Hypertrophy v4 Template: 4-Day Upper/Lower,Accumulation - Day 3 - Upper B,Concentration Curl,1,5,5,0,,,0,32.5,lb,15,lb,0,2025-09-17T01:02:35.241Z,Brachialis,"Biceps Brachii,Brachioradialis",
2025-09-17T00:43:21.832Z,RP Hypertrophy v4 Template: 4-Day Upper/Lower,Accumulation - Day 3 - Upper B,Concentration Curl,1,3,3,0,,,0,42.5,lb,20,lb,0,2025-09-17T01:03:08.858Z,Brachialis,"Biceps Brachii,Brachioradialis",
2025-09-17T00:43:21.832Z,RP Hypertrophy v4 Template: 4-Day Upper/Lower,Accumulation - Day 3 - Upper B,Concentration Curl,0,30,8,1,7,,0,50,lb,25,lb,0,2025-09-17T01:09:51.103Z,Brachialis,"Biceps Brachii,Brachioradialis",
2025-09-17T00:43:21.832Z,RP Hypertrophy v4 Template: 4-Day Upper/Lower,Accumulation - Day 3 - Upper B,Concentration Curl,0,30,6,1,7,,0,50,lb,25,lb,0,2025-09-17T01:12:37.033Z,Brachialis,"Biceps Brachii,Brachioradialis",
2025-09-17T00:43:21.832Z,RP Hypertrophy v4 Template: 4-Day Upper/Lower,Accumulation - Day 3 - Upper B,Concentration Curl,0,5,5,1,7,,0,50,lb,25,lb,0,2025-09-17T01:15:44.917Z,Brachialis,"Biceps Brachii,Brachioradialis",
2025-09-17T00:43:21.832Z,RP Hypertrophy v4 Template: 4-Day Upper/Lower,Accumulation - Day 3 - Upper B,"Incline Bench Press, Smith Machine",1,5,10,0,,,0,65,lb,45,lb,0,2025-09-17T01:19:33.792Z,Pectoralis Major Clavicular Head,"Deltoid Anterior,Pectoralis Major Sternal Head,Triceps Brachii",
2025-09-17T00:43:21.832Z,RP Hypertrophy v4 Template: 4-Day Upper/Lower,Accumulation - Day 3 - Upper B,"Incline Bench Press, Smith Machine",1,3,2,0,,,0,85,lb,95,lb,0,2025-09-17T01:20:34.813Z,Pectoralis Major Clavicular Head,"Deltoid Anterior,Pectoralis Major Sternal Head,Triceps Brachii",
2025-09-17T00:43:21.832Z,RP Hypertrophy v4 Template: 4-Day Upper/Lower,Accumulation - Day 3 - Upper B,"Incline Bench Press, Smith Machine",0,15,9,1,8,,0,100,lb,100,lb,0,2025-09-17T01:22:28.054Z,Pectoralis Major Clavicular Head,"Deltoid Anterior,Pectoralis Major Sternal Head,Triceps Brachii",
2025-09-17T00:43:21.832Z,RP Hypertrophy v4 Template: 4-Day Upper/Lower,Accumulation - Day 3 - Upper B,"Incline Bench Press, Smith Machine",0,15,12,1,8,,0,100,lb,100,lb,0,2025-09-17T01:26:35.922Z,Pectoralis Major Clavicular Head,"Deltoid Anterior,Pectoralis Major Sternal Head,Triceps Brachii",
2025-09-17T00:43:21.832Z,RP Hypertrophy v4 Template: 4-Day Upper/Lower,Accumulation - Day 3 - Upper B,"Chest Fly, Cable",0,20,12,1,7,,0,20,lb,25,lb,0,2025-09-17T01:30:36.316Z,Pectoralis Major Sternal Head,"Biceps Brachii,Deltoid Anterior,Pectoralis Major Clavicular Head",
2025-09-17T00:43:21.832Z,RP Hypertrophy v4 Template: 4-Day Upper/Lower,Accumulation - Day 3 - Upper B,"Chest Fly, Cable",0,5,12,1,7,,0,20,lb,25,lb,0,2025-09-17T01:37:24.919Z,Pectoralis Major Sternal Head,"Biceps Brachii,Deltoid Anterior,Pectoralis Major Clavicular Head",
2025-09-17T00:43:21.832Z,RP Hypertrophy v4 Template: 4-Day Upper/Lower,Accumulation - Day 3 - Upper B,Triceps Pushdown,1,8,8,0,,,0,27.5,lb,45,lb,0,2025-09-17T01:35:32.462Z,Triceps Brachii,,
2025-09-17T00:43:21.832Z,RP Hypertrophy v4 Template: 4-Day Upper/Lower,Accumulation - Day 3 - Upper B,Triceps Pushdown,0,20,9,1,7,,0,37.5,lb,45,lb,0,2025-09-17T01:39:02.171Z,Triceps Brachii,,
2025-09-17T00:43:21.832Z,RP Hypertrophy v4 Template: 4-Day Upper/Lower,Accumulation - Day 3 - Upper B,Triceps Pushdown,0,20,7,1,7,,0,42.5,lb,45,lb,0,2025-09-17T01:41:19.169Z,Triceps Brachii,,
2025-09-17T00:43:21.832Z,RP Hypertrophy v4 Template: 4-Day Upper/Lower,Accumulation - Day 3 - Upper B,Triceps Pushdown,0,7,6,1,7,,0,45,lb,45,lb,0,2025-09-17T01:43:22.189Z,Triceps Brachii,,
2025-09-16T01:31:01.990Z,RP Hypertrophy v4 Template: 4-Day Upper/Lower,Accumulation - Day 2 - Lower A,Squat,1,10,6,0,,,0,75,lb,45,lb,0,2025-09-16T01:43:50.985Z,Quadriceps,"Adductor Magnus,Gluteus Maximus,Soleus",
2025-09-16T01:31:01.990Z,RP Hypertrophy v4 Template: 4-Day Upper/Lower,Accumulation - Day 2 - Lower A,Squat,1,6,2,0,,,0,112.5,lb,135,lb,0,2025-09-16T01:45:42.432Z,Quadriceps,"Adductor Magnus,Gluteus Maximus,Soleus",
2025-09-16T01:31:01.990Z,RP Hypertrophy v4 Template: 4-Day Upper/Lower,Accumulation - Day 2 - Lower A,Squat,1,2,1,0,,,0,152.5,lb,150,lb,0,2025-09-16T01:47:40.547Z,Quadriceps,"Adductor Magnus,Gluteus Maximus,Soleus",
2025-09-16T01:31:01.990Z,RP Hypertrophy v4 Template: 4-Day Upper/Lower,Accumulation - Day 2 - Lower A,Squat,0,10,7,1,8,,0,150,lb,150,lb,0,2025-09-16T01:50:55.003Z,Quadriceps,"Adductor Magnus,Gluteus Maximus,Soleus",
2025-09-16T01:31:01.990Z,RP Hypertrophy v4 Template: 4-Day Upper/Lower,Accumulation - Day 2 - Lower A,Squat,0,5,4,1,8,,0,150,lb,150,lb,0,2025-09-16T02:01:33.965Z,Quadriceps,"Adductor Magnus,Gluteus Maximus,Soleus",
2025-09-16T01:31:01.990Z,RP Hypertrophy v4 Template: 4-Day Upper/Lower,Accumulation - Day 2 - Lower A,Seated Leg Curl,1,5,5,0,,,0,48.75,lb,47.5,lb,0,2025-09-16T01:33:43.610Z,Hamstrings,"Gastrocnemius,Sartorius",
2025-09-16T01:31:01.990Z,RP Hypertrophy v4 Template: 4-Day Upper/Lower,Accumulation - Day 2 - Lower A,Seated Leg Curl,1,3,3,0,,,0,63.75,lb,63.75,lb,0,2025-09-16T01:34:26.309Z,Hamstrings,"Gastrocnemius,Sartorius",
2025-09-16T01:31:01.990Z,RP Hypertrophy v4 Template: 4-Day Upper/Lower,Accumulation - Day 2 - Lower A,Seated Leg Curl,0,30,11,1,7,,0,75,lb,75,lb,0,2025-09-16T01:37:08.790Z,Hamstrings,"Gastrocnemius,Sartorius",
2025-09-16T01:31:01.990Z,RP Hypertrophy v4 Template: 4-Day Upper/Lower,Accumulation - Day 2 - Lower A,Seated Leg Curl,0,30,10,1,7,,0,75,lb,75,lb,0,2025-09-16T01:41:05.087Z,Hamstrings,"Gastrocnemius,Sartorius",
2025-09-16T01:31:01.990Z,RP Hypertrophy v4 Template: 4-Day Upper/Lower,Accumulation - Day 2 - Lower A,Calf Press on Leg Press,1,4,4,0,,,0,207.5,lb,205,lb,0,2025-09-16T02:03:08.213Z,Gastrocnemius,Soleus,
2025-09-16T01:31:01.990Z,RP Hypertrophy v4 Template: 4-Day Upper/Lower,Accumulation - Day 2 - Lower A,Calf Press on Leg Press,1,2,2,0,,,0,271.25,lb,270,lb,0,2025-09-16T02:03:29.100Z,Gastrocnemius,Soleus,
2025-09-16T01:31:01.990Z,RP Hypertrophy v4 Template: 4-Day Upper/Lower,Accumulation - Day 2 - Lower A,Calf Press on Leg Press,0,12,12,1,8,,0,320,lb,320,lb,0,2025-09-16T02:05:49.149Z,Gastrocnemius,Soleus,
2025-09-16T01:31:01.990Z,RP Hypertrophy v4 Template: 4-Day Upper/Lower,Accumulation - Day 2 - Lower A,Calf Press on Leg Press,0,12,8,1,8,,0,320,lb,320,lb,0,2025-09-16T02:09:22.113Z,Gastrocnemius,Soleus,
2025-09-16T01:31:01.990Z,RP Hypertrophy v4 Template: 4-Day Upper/Lower,Accumulation - Day 2 - Lower A,"Hip Abductor, Cable",1,5,5,0,,,0,7.5,lb,7.5,lb,0,2025-09-16T02:10:53.988Z,"Gluteus Maximus,Gluteus Medius",Tensor Fasciae Latae,
2025-09-16T01:31:01.990Z,RP Hypertrophy v4 Template: 4-Day Upper/Lower,Accumulation - Day 2 - Lower A,"Hip Abductor, Cable",0,11,6,0,,,0,12.5,lb,12.5,lb,0,2025-09-16T02:13:22.346Z,"Gluteus Maximus,Gluteus Medius",Tensor Fasciae Latae,
2025-09-16T01:31:01.990Z,RP Hypertrophy v4 Template: 4-Day Upper/Lower,Accumulation - Day 2 - Lower A,"Lateral Raise, Cable",0,15,16,1,8,,0,2.5,lb,2.5,lb,0,2025-09-16T02:20:41.552Z,Deltoid Lateral,"Deltoid Anterior,Serratus Anterior,Trapezius Lower Fibers,Trapezius Middle Fibers",
2025-09-16T01:31:01.990Z,RP Hypertrophy v4 Template: 4-Day Upper/Lower,Accumulation - Day 2 - Lower A,"Lateral Raise, Cable",0,15,16,1,8,,0,2.5,lb,2.5,lb,0,2025-09-16T02:23:35.887Z,Deltoid Lateral,"Deltoid Anterior,Serratus Anterior,Trapezius Lower Fibers,Trapezius Middle Fibers",
2025-09-16T01:31:01.990Z,RP Hypertrophy v4 Template: 4-Day Upper/Lower,Accumulation - Day 2 - Lower A,"Sit Up, Kettlebell",0,30,7,1,7,,0,40,lb,18,lb,0,2025-09-16T02:16:17.160Z,Rectus Abdominis,"Iliopsoas,Obliques,Quadriceps,Sartorius,Tensor Fasciae Latae",
2025-09-16T01:31:01.990Z,RP Hypertrophy v4 Template: 4-Day Upper/Lower,Accumulation - Day 2 - Lower A,"Sit Up, Kettlebell",0,30,4,1,7,,0,40,lb,18,lb,0,2025-09-16T02:25:23.968Z,Rectus Abdominis,"Iliopsoas,Obliques,Quadriceps,Sartorius,Tensor Fasciae Latae",
2025-09-14T00:00:37.074Z,RP Hypertrophy v4 Template: 4-Day Upper/Lower,Accumulation - Day 1 - Upper A,Bench Press,1,10,10,0,,,0,70,lb,45,lb,0,2025-09-14T00:03:09.318Z,Pectoralis Major Sternal Head,"Deltoid Anterior,Pectoralis Major Clavicular Head,Triceps Brachii",
2025-09-14T00:00:37.074Z,RP Hypertrophy v4 Template: 4-Day Upper/Lower,Accumulation - Day 1 - Upper A,Bench Press,1,2,2,0,,,0,145,lb,140,lb,0,2025-09-14T00:05:14.810Z,Pectoralis Major Sternal Head,"Deltoid Anterior,Pectoralis Major Clavicular Head,Triceps Brachii",
2025-09-14T00:00:37.074Z,RP Hypertrophy v4 Template: 4-Day Upper/Lower,Accumulation - Day 1 - Upper A,Bench Press,0,6,6,0,,,0,140,lb,140,lb,0,2025-09-14T00:07:26.068Z,Pectoralis Major Sternal Head,"Deltoid Anterior,Pectoralis Major Clavicular Head,Triceps Brachii",
2025-09-14T00:00:37.074Z,RP Hypertrophy v4 Template: 4-Day Upper/Lower,Accumulation - Day 1 - Upper A,Bench Press,0,7,7,0,,,0,110,lb,110,lb,0,2025-09-14T00:10:07.314Z,Pectoralis Major Sternal Head,"Deltoid Anterior,Pectoralis Major Clavicular Head,Triceps Brachii",
2025-09-14T00:00:37.074Z,RP Hypertrophy v4 Template: 4-Day Upper/Lower,Accumulation - Day 1 - Upper A,Incline Chest Fly,1,5,5,0,,,0,15,lb,15,lb,0,2025-09-14T00:11:36.295Z,Pectoralis Major Clavicular Head,"Biceps Brachii,Deltoid Anterior,Pectoralis Major Sternal Head",
2025-09-14T00:00:37.074Z,RP Hypertrophy v4 Template: 4-Day Upper/Lower,Accumulation - Day 1 - Upper A,Incline Chest Fly,0,15,10,1,8,,0,20,lb,20,lb,0,2025-09-14T00:15:34.420Z,Pectoralis Major Clavicular Head,"Biceps Brachii,Deltoid Anterior,Pectoralis Major Sternal Head",
2025-09-14T00:00:37.074Z,RP Hypertrophy v4 Template: 4-Day Upper/Lower,Accumulation - Day 1 - Upper A,"Triceps Extension, Cable",1,5,5,0,,,0,30,lb,32.5,lb,0,2025-09-14T00:16:23.920Z,Triceps Brachii,,
2025-09-14T00:00:37.074Z,RP Hypertrophy v4 Template: 4-Day Upper/Lower,Accumulation - Day 1 - Upper A,"Triceps Extension, Cable",0,15,11,1,8,,0,40,lb,42.5,lb,0,2025-09-14T00:18:48.807Z,Triceps Brachii,,
2025-09-14T00:00:37.074Z,RP Hypertrophy v4 Template: 4-Day Upper/Lower,Accumulation - Day 1 - Upper A,"Triceps Extension, Cable",0,11,7,1,8,,0,40,lb,42.5,lb,0,2025-09-14T00:21:23.395Z,Triceps Brachii,,
2025-09-14T00:00:37.074Z,RP Hypertrophy v4 Template: 4-Day Upper/Lower,Accumulation - Day 1 - Upper A,"Seated Row, Leverage Machine",1,5,5,0,,,0,81.25,lb,82.5,lb,0,2025-09-14T00:23:03.283Z,"Latissimus Dorsi,Trapezius Lower Fibers,Trapezius Middle Fibers","Brachialis,Brachioradialis,Deltoid Posterior,Erector Spinae,Infraspinatus,Pectoralis Major Sternal Head,Teres Major,Teres Minor",
2025-09-14T00:00:37.074Z,RP Hypertrophy v4 Template: 4-Day Upper/Lower,Accumulation - Day 1 - Upper A,"Seated Row, Leverage Machine",1,3,3,0,,,0,106.25,lb,107.5,lb,0,2025-09-14T00:23:22.480Z,"Latissimus Dorsi,Trapezius Lower Fibers,Trapezius Middle Fibers","Brachialis,Brachioradialis,Deltoid Posterior,Erector Spinae,Infraspinatus,Pectoralis Major Sternal Head,Teres Major,Teres Minor",
2025-09-14T00:00:37.074Z,RP Hypertrophy v4 Template: 4-Day Upper/Lower,Accumulation - Day 1 - Upper A,"Seated Row, Leverage Machine",0,12,12,0,,,0,125,lb,125,lb,0,2025-09-14T00:25:25.559Z,"Latissimus Dorsi,Trapezius Lower Fibers,Trapezius Middle Fibers","Brachialis,Brachioradialis,Deltoid Posterior,Erector Spinae,Infraspinatus,Pectoralis Major Sternal Head,Teres Major,Teres Minor",
2025-09-14T00:00:37.074Z,RP Hypertrophy v4 Template: 4-Day Upper/Lower,Accumulation - Day 1 - Upper A,Chin Up,1,5,1,0,,,0,75,lb,0,lb,0,2025-09-14T00:26:16.582Z,Latissimus Dorsi,"Brachialis,Brachioradialis,Deltoid Posterior,Levator Scapulae,Pectoralis Major Sternal Head,Teres Major,Trapezius Lower Fibers,Trapezius Middle Fibers",
2025-09-14T00:00:37.074Z,RP Hypertrophy v4 Template: 4-Day Upper/Lower,Accumulation - Day 1 - Upper A,Chin Up,0,30,3,1,7,,0,100,lb,0,lb,0,2025-09-14T00:28:12.319Z,Latissimus Dorsi,"Brachialis,Brachioradialis,Deltoid Posterior,Levator Scapulae,Pectoralis Major Sternal Head,Teres Major,Trapezius Lower Fibers,Trapezius Middle Fibers",
2025-09-14T00:00:37.074Z,RP Hypertrophy v4 Template: 4-Day Upper/Lower,Accumulation - Day 1 - Upper A,Chin Up,0,30,,0,7,,0,100,lb,,,0,,Latissimus Dorsi,"Brachialis,Brachioradialis,Deltoid Posterior,Levator Scapulae,Pectoralis Major Sternal Head,Teres Major,Trapezius Lower Fibers,Trapezius Middle Fibers",
2025-09-14T00:00:37.074Z,RP Hypertrophy v4 Template: 4-Day Upper/Lower,Accumulation - Day 1 - Upper A,"Bicep Curl, Cable",0,20,20,1,8,,0,5,lb,7.5,lb,0,2025-09-14T00:30:19.741Z,Biceps Brachii,"Brachialis,Brachioradialis",
2025-09-14T00:00:37.074Z,RP Hypertrophy v4 Template: 4-Day Upper/Lower,Accumulation - Day 1 - Upper A,"Bicep Curl, Cable",0,20,20,1,8,,0,7.5,lb,7.5,lb,0,2025-09-14T00:34:03.900Z,Biceps Brachii,"Brachialis,Brachioradialis",
2025-09-12T00:30:45.341Z,RP Hypertrophy v4 Template: 4-Day Upper/Lower,Start - Day 4 - Lower B,"Romanian Deadlift, Barbell",1,10,7,0,,,0,75,lb,95,lb,0,2025-09-12T00:59:11.374Z,Gluteus Maximus,"Adductor Magnus,Erector Spinae,Hamstrings",
2025-09-12T00:30:45.341Z,RP Hypertrophy v4 Template: 4-Day Upper/Lower,Start - Day 4 - Lower B,"Romanian Deadlift, Barbell",1,6,2,0,,,0,112.5,lb,100,lb,0,2025-09-12T01:00:12.069Z,Gluteus Maximus,"Adductor Magnus,Erector Spinae,Hamstrings",
2025-09-12T00:30:45.341Z,RP Hypertrophy v4 Template: 4-Day Upper/Lower,Start - Day 4 - Lower B,"Romanian Deadlift, Barbell",1,2,1,0,,,0,152.5,lb,105,lb,0,2025-09-12T01:02:23.518Z,Gluteus Maximus,"Adductor Magnus,Erector Spinae,Hamstrings",
2025-09-12T00:30:45.341Z,RP Hypertrophy v4 Template: 4-Day Upper/Lower,Start - Day 4 - Lower B,"Romanian Deadlift, Barbell",0,10,9,1,7,,0,150,lb,105,lb,0,2025-09-12T01:05:50.201Z,Gluteus Maximus,"Adductor Magnus,Erector Spinae,Hamstrings",
2025-09-12T00:30:45.341Z,RP Hypertrophy v4 Template: 4-Day Upper/Lower,Start - Day 4 - Lower B,Bulgarian Split Squat,1,8,4,0,,,0,10,lb,10,lb,0,2025-09-12T00:32:15.419Z,Quadriceps,"Adductor Magnus,Gluteus Maximus,Soleus",
2025-09-12T00:30:45.341Z,RP Hypertrophy v4 Template: 4-Day Upper/Lower,Start - Day 4 - Lower B,Bulgarian Split Squat,0,15,6,1,7,,0,25,lb,25,lb,0,2025-09-12T00:35:05.185Z,Quadriceps,"Adductor Magnus,Gluteus Maximus,Soleus",
2025-09-12T00:30:45.341Z,RP Hypertrophy v4 Template: 4-Day Upper/Lower,Start - Day 4 - Lower B,Bulgarian Split Squat,0,5,3,1,7,,0,25,lb,25,lb,0,2025-09-12T00:40:19.619Z,Quadriceps,"Adductor Magnus,Gluteus Maximus,Soleus",
2025-09-12T00:30:45.341Z,RP Hypertrophy v4 Template: 4-Day Upper/Lower,Start - Day 4 - Lower B,Leg Extension,0,20,9,1,7,,0,70,lb,70,lb,0,2025-09-12T00:43:07.877Z,Quadriceps,,
2025-09-12T00:30:45.341Z,RP Hypertrophy v4 Template: 4-Day Upper/Lower,Start - Day 4 - Lower B,Leg Extension,0,5,7,1,7,,0,70,lb,70,lb,0,2025-09-12T00:47:21.771Z,Quadriceps,,
2025-09-12T00:30:45.341Z,RP Hypertrophy v4 Template: 4-Day Upper/Lower,Start - Day 4 - Lower B,Calf Press on Leg Press,1,8,8,0,,,0,97.5,lb,100,lb,0,2025-09-12T00:48:46.304Z,Gastrocnemius,Soleus,
2025-09-12T00:30:45.341Z,RP Hypertrophy v4 Template: 4-Day Upper/Lower,Start - Day 4 - Lower B,Calf Press on Leg Press,1,3,3,0,,,0,127.5,lb,130,lb,0,2025-09-12T00:49:05.045Z,Gastrocnemius,Soleus,
2025-09-12T00:30:45.341Z,RP Hypertrophy v4 Template: 4-Day Upper/Lower,Start - Day 4 - Lower B,Calf Press on Leg Press,0,20,20,1,7,,0,150,lb,150,lb,0,2025-09-12T00:51:05.052Z,Gastrocnemius,Soleus,
2025-09-12T00:30:45.341Z,RP Hypertrophy v4 Template: 4-Day Upper/Lower,Start - Day 4 - Lower B,Calf Press on Leg Press,0,5,12,1,7,,0,150,lb,305,lb,0,2025-09-12T00:54:36.850Z,Gastrocnemius,Soleus,
2025-09-12T00:30:45.341Z,RP Hypertrophy v4 Template: 4-Day Upper/Lower,Start - Day 4 - Lower B,Lateral Raise,1,8,8,0,,,0,10,lb,10,lb,0,2025-09-12T00:56:05.599Z,Deltoid Lateral,"Deltoid Anterior,Serratus Anterior,Trapezius Lower Fibers,Trapezius Middle Fibers",
2025-09-12T00:30:45.341Z,RP Hypertrophy v4 Template: 4-Day Upper/Lower,Start - Day 4 - Lower B,Lateral Raise,0,20,14,1,7,,0,15,lb,15,lb,0,2025-09-12T01:07:36.424Z,Deltoid Lateral,"Deltoid Anterior,Serratus Anterior,Trapezius Lower Fibers,Trapezius Middle Fibers",
2025-09-12T00:30:45.341Z,RP Hypertrophy v4 Template: 4-Day Upper/Lower,Start - Day 4 - Lower B,Lateral Raise,0,5,13,1,7,,0,15,lb,15,lb,0,2025-09-12T01:09:58.780Z,Deltoid Lateral,"Deltoid Anterior,Serratus Anterior,Trapezius Lower Fibers,Trapezius Middle Fibers",
2025-09-12T00:30:45.341Z,RP Hypertrophy v4 Template: 4-Day Upper/Lower,Start - Day 4 - Lower B,Hanging Leg Raise,0,12,6,1,7,,0,0,lb,0,lb,0,2025-09-12T01:11:05.950Z,Iliopsoas,"Adductor Brevis,Adductor Longus,Pectineous,Sartorius,Tensor Fasciae Latae",
2025-09-12T00:30:45.341Z,RP Hypertrophy v4 Template: 4-Day Upper/Lower,Start - Day 4 - Lower B,Hanging Leg Raise,0,5,4,1,7,,0,0,lb,0,lb,0,2025-09-12T01:14:33.796Z,Iliopsoas,"Adductor Brevis,Adductor Longus,Pectineous,Sartorius,Tensor Fasciae Latae",
2025-09-10T01:07:55.769Z,RP Hypertrophy v4 Template: 4-Day Upper/Lower,Start - Day 3 - Upper B,Pull Up,1,10,1,0,,,0,90,lb,0,lb,0,2025-09-10T01:09:22.945Z,Latissimus Dorsi,"Biceps Brachii,Brachialis,Brachioradialis,Deltoid Posterior,Infraspinatus,Levator Scapulae,Teres Major,Teres Minor,Trapezius Lower Fibers,Trapezius Middle Fibers",
2025-09-10T01:07:55.769Z,RP Hypertrophy v4 Template: 4-Day Upper/Lower,Start - Day 3 - Upper B,Pull Up,1,6,1,0,,,0,135,lb,0,lb,0,2025-09-10T01:11:12.985Z,Latissimus Dorsi,"Biceps Brachii,Brachialis,Brachioradialis,Deltoid Posterior,Infraspinatus,Levator Scapulae,Teres Major,Teres Minor,Trapezius Lower Fibers,Trapezius Middle Fibers",
2025-09-10T01:07:55.769Z,RP Hypertrophy v4 Template: 4-Day Upper/Lower,Start - Day 3 - Upper B,Pull Up,1,2,1,0,,,0,180,lb,0,lb,0,2025-09-10T01:12:55.414Z,Latissimus Dorsi,"Biceps Brachii,Brachialis,Brachioradialis,Deltoid Posterior,Infraspinatus,Levator Scapulae,Teres Major,Teres Minor,Trapezius Lower Fibers,Trapezius Middle Fibers",
2025-09-10T01:07:55.769Z,RP Hypertrophy v4 Template: 4-Day Upper/Lower,Start - Day 3 - Upper B,Pull Up,0,10,3,1,7,,0,180,lb,0,lb,0,2025-09-10T01:16:23.754Z,Latissimus Dorsi,"Biceps Brachii,Brachialis,Brachioradialis,Deltoid Posterior,Infraspinatus,Levator Scapulae,Teres Major,Teres Minor,Trapezius Lower Fibers,Trapezius Middle Fibers",
2025-09-10T01:07:55.769Z,RP Hypertrophy v4 Template: 4-Day Upper/Lower,Start - Day 3 - Upper B,"Seated Row, Leverage Machine",1,3,3,0,,,0,75,lb,75,lb,0,2025-09-10T01:20:42.617Z,"Latissimus Dorsi,Trapezius Lower Fibers,Trapezius Middle Fibers","Brachialis,Brachioradialis,Deltoid Posterior,Erector Spinae,Infraspinatus,Pectoralis Major Sternal Head,Teres Major,Teres Minor",
2025-09-10T01:07:55.769Z,RP Hypertrophy v4 Template: 4-Day Upper/Lower,Start - Day 3 - Upper B,"Seated Row, Leverage Machine",0,10,15,1,7,,0,100,lb,100,lb,0,2025-09-10T01:23:57.981Z,"Latissimus Dorsi,Trapezius Lower Fibers,Trapezius Middle Fibers","Brachialis,Brachioradialis,Deltoid Posterior,Erector Spinae,Infraspinatus,Pectoralis Major Sternal Head,Teres Major,Teres Minor",
2025-09-10T01:07:55.769Z,RP Hypertrophy v4 Template: 4-Day Upper/Lower,Start - Day 3 - Upper B,"Seated Row, Leverage Machine",0,5,12,1,7,,0,100,lb,100,lb,0,2025-09-10T01:26:50.004Z,"Latissimus Dorsi,Trapezius Lower Fibers,Trapezius Middle Fibers","Brachialis,Brachioradialis,Deltoid Posterior,Erector Spinae,Infraspinatus,Pectoralis Major Sternal Head,Teres Major,Teres Minor",
2025-09-10T01:07:55.769Z,RP Hypertrophy v4 Template: 4-Day Upper/Lower,Start - Day 3 - Upper B,Concentration Curl,1,5,5,0,,,0,32.5,lb,15,lb,0,2025-09-10T01:30:55.798Z,Brachialis,"Biceps Brachii,Brachioradialis",
2025-09-10T01:07:55.769Z,RP Hypertrophy v4 Template: 4-Day Upper/Lower,Start - Day 3 - Upper B,Concentration Curl,1,3,3,0,,,0,42.5,lb,20,lb,0,2025-09-10T01:30:56.279Z,Brachialis,"Biceps Brachii,Brachioradialis",
2025-09-10T01:07:55.769Z,RP Hypertrophy v4 Template: 4-Day Upper/Lower,Start - Day 3 - Upper B,Concentration Curl,0,15,7,1,7,,0,50,lb,25,lb,0,2025-09-10T01:33:56.444Z,Brachialis,"Biceps Brachii,Brachioradialis",
2025-09-10T01:07:55.769Z,RP Hypertrophy v4 Template: 4-Day Upper/Lower,Start - Day 3 - Upper B,Concentration Curl,0,5,9,1,7,,0,50,lb,25,lb,0,2025-09-10T01:40:33.449Z,Brachialis,"Biceps Brachii,Brachioradialis",
2025-09-10T01:07:55.769Z,RP Hypertrophy v4 Template: 4-Day Upper/Lower,Start - Day 3 - Upper B,"Incline Bench Press, Smith Machine",1,5,5,0,,,0,87.5,lb,87.5,lb,0,2025-09-10T01:44:53.198Z,Pectoralis Major Clavicular Head,"Deltoid Anterior,Pectoralis Major Sternal Head,Triceps Brachii",
2025-09-10T01:07:55.769Z,RP Hypertrophy v4 Template: 4-Day Upper/Lower,Start - Day 3 - Upper B,"Incline Bench Press, Smith Machine",1,3,3,0,,,0,112.5,lb,115,lb,0,2025-09-10T01:46:27.996Z,Pectoralis Major Clavicular Head,"Deltoid Anterior,Pectoralis Major Sternal Head,Triceps Brachii",
2025-09-10T01:07:55.769Z,RP Hypertrophy v4 Template: 4-Day Upper/Lower,Start - Day 3 - Upper B,"Incline Bench Press, Smith Machine",0,15,3,1,7,,0,135,lb,135,lb,0,2025-09-10T01:48:08.894Z,Pectoralis Major Clavicular Head,"Deltoid Anterior,Pectoralis Major Sternal Head,Triceps Brachii",
2025-09-10T01:07:55.769Z,RP Hypertrophy v4 Template: 4-Day Upper/Lower,Start - Day 3 - Upper B,"Incline Bench Press, Smith Machine",0,5,3,1,7,,0,135,lb,135,lb,0,2025-09-10T01:51:52.066Z,Pectoralis Major Clavicular Head,"Deltoid Anterior,Pectoralis Major Sternal Head,Triceps Brachii",
2025-09-10T01:07:55.769Z,RP Hypertrophy v4 Template: 4-Day Upper/Lower,Start - Day 3 - Upper B,"Chest Fly, Cable",0,20,12,1,7,,0,25,lb,25,lb,0,2025-09-10T01:54:34.623Z,Pectoralis Major Sternal Head,"Biceps Brachii,Deltoid Anterior,Pectoralis Major Clavicular Head",
2025-09-10T01:07:55.769Z,RP Hypertrophy v4 Template: 4-Day Upper/Lower,Start - Day 3 - Upper B,Triceps Pushdown,1,8,8,0,,,0,20,lb,20,lb,0,2025-09-10T01:55:24.366Z,Triceps Brachii,,
2025-09-10T01:07:55.769Z,RP Hypertrophy v4 Template: 4-Day Upper/Lower,Start - Day 3 - Upper B,Triceps Pushdown,0,20,22,1,7,,0,30,lb,32.5,lb,0,2025-09-10T01:59:24.519Z,Triceps Brachii,,
2025-09-10T01:07:55.769Z,RP Hypertrophy v4 Template: 4-Day Upper/Lower,Start - Day 3 - Upper B,Triceps Pushdown,0,5,11,1,7,,0,30,lb,37.5,lb,0,2025-09-10T02:01:40.601Z,Triceps Brachii,,
2025-09-06T23:50:34.658Z,RP Hypertrophy v4 Template: 4-Day Upper/Lower,Start - Day 2 - Lower A,Squat,1,10,10,0,,,0,100,lb,45,lb,0,2025-09-07T00:37:30.198Z,Quadriceps,"Adductor Magnus,Gluteus Maximus,Soleus",
2025-09-06T23:50:34.658Z,RP Hypertrophy v4 Template: 4-Day Upper/Lower,Start - Day 2 - Lower A,Squat,1,6,6,0,,,0,150,lb,95,lb,0,2025-09-07T00:42:43.932Z,Quadriceps,"Adductor Magnus,Gluteus Maximus,Soleus",
2025-09-06T23:50:34.658Z,RP Hypertrophy v4 Template: 4-Day Upper/Lower,Start - Day 2 - Lower A,Squat,1,2,2,0,,,0,205,lb,135,lb,0,2025-09-07T00:42:46.328Z,Quadriceps,"Adductor Magnus,Gluteus Maximus,Soleus",
2025-09-06T23:50:34.658Z,RP Hypertrophy v4 Template: 4-Day Upper/Lower,Start - Day 2 - Lower A,Squat,0,10,6,1,7,,0,200,lb,150,lb,0,2025-09-07T00:49:00.341Z,Quadriceps,"Adductor Magnus,Gluteus Maximus,Soleus",
2025-09-06T23:50:34.658Z,RP Hypertrophy v4 Template: 4-Day Upper/Lower,Start - Day 2 - Lower A,Squat,0,5,3,1,7,,0,200,lb,150,lb,0,2025-09-07T00:54:34.676Z,Quadriceps,"Adductor Magnus,Gluteus Maximus,Soleus",
2025-09-06T23:50:34.658Z,RP Hypertrophy v4 Template: 4-Day Upper/Lower,Start - Day 2 - Lower A,Seated Leg Curl,1,5,5,0,,,0,48.75,lb,50,lb,0,2025-09-07T00:57:52.875Z,Hamstrings,"Gastrocnemius,Sartorius",
2025-09-06T23:50:34.658Z,RP Hypertrophy v4 Template: 4-Day Upper/Lower,Start - Day 2 - Lower A,Seated Leg Curl,1,3,5,0,,,0,63.75,lb,65,lb,0,2025-09-07T00:58:42.103Z,Hamstrings,"Gastrocnemius,Sartorius",
2025-09-06T23:50:34.658Z,RP Hypertrophy v4 Template: 4-Day Upper/Lower,Start - Day 2 - Lower A,Seated Leg Curl,0,15,11,1,7,,0,75,lb,82.5,lb,0,2025-09-07T01:01:18.211Z,Hamstrings,"Gastrocnemius,Sartorius",
2025-09-06T23:50:34.658Z,RP Hypertrophy v4 Template: 4-Day Upper/Lower,Start - Day 2 - Lower A,Seated Leg Curl,0,5,7,1,7,,0,75,lb,82.5,lb,0,2025-09-07T01:04:46.309Z,Hamstrings,"Gastrocnemius,Sartorius",
2025-09-06T23:50:34.658Z,RP Hypertrophy v4 Template: 4-Day Upper/Lower,Start - Day 2 - Lower A,Calf Press on Leg Press,1,4,4,0,,,0,130,lb,130,lb,0,2025-09-07T01:06:22.164Z,Gastrocnemius,Soleus,
2025-09-06T23:50:34.658Z,RP Hypertrophy v4 Template: 4-Day Upper/Lower,Start - Day 2 - Lower A,Calf Press on Leg Press,1,2,2,0,,,0,170,lb,305,lb,0,2025-09-07T01:06:37.786Z,Gastrocnemius,Soleus,
2025-09-06T23:50:34.658Z,RP Hypertrophy v4 Template: 4-Day Upper/Lower,Start - Day 2 - Lower A,Calf Press on Leg Press,0,12,14,1,7,,0,200,lb,305,lb,0,2025-09-07T01:08:53.887Z,Gastrocnemius,Soleus,
2025-09-06T23:50:34.658Z,RP Hypertrophy v4 Template: 4-Day Upper/Lower,Start - Day 2 - Lower A,Calf Press on Leg Press,0,14,12,1,7,,0,305,lb,305,lb,0,2025-09-07T01:13:53.510Z,Gastrocnemius,Soleus,
2025-09-06T23:50:34.658Z,RP Hypertrophy v4 Template: 4-Day Upper/Lower,Start - Day 2 - Lower A,"Hip Abductor, Cable",1,5,5,0,,,0,5,lb,7.5,lb,0,2025-09-07T01:18:13.052Z,"Gluteus Maximus,Gluteus Medius",Tensor Fasciae Latae,
2025-09-06T23:50:34.658Z,RP Hypertrophy v4 Template: 4-Day Upper/Lower,Start - Day 2 - Lower A,"Hip Abductor, Cable",0,15,10,1,7,,0,10,lb,12.5,lb,0,2025-09-07T01:20:43.360Z,"Gluteus Maximus,Gluteus Medius",Tensor Fasciae Latae,
2025-09-06T23:50:34.658Z,RP Hypertrophy v4 Template: 4-Day Upper/Lower,Start - Day 2 - Lower A,"Lateral Raise, Cable",0,15,9,1,7,,0,15,lb,7.5,lb,0,2025-09-07T01:23:15.480Z,Deltoid Lateral,"Deltoid Anterior,Serratus Anterior,Trapezius Lower Fibers,Trapezius Middle Fibers",
2025-09-06T23:50:34.658Z,RP Hypertrophy v4 Template: 4-Day Upper/Lower,Start - Day 2 - Lower A,"Lateral Raise, Cable",0,5,9,1,7,,0,15,lb,7.5,lb,0,2025-09-07T01:25:30.058Z,Deltoid Lateral,"Deltoid Anterior,Serratus Anterior,Trapezius Lower Fibers,Trapezius Middle Fibers",
2025-09-06T23:50:34.658Z,RP Hypertrophy v4 Template: 4-Day Upper/Lower,Start - Day 2 - Lower A,"Sit Up, Kettlebell",0,15,12,1,7,,0,40,lb,15,lb,0,2025-09-07T01:27:26.603Z,Rectus Abdominis,"Iliopsoas,Obliques,Quadriceps,Sartorius,Tensor Fasciae Latae",
2025-09-06T23:50:34.658Z,RP Hypertrophy v4 Template: 4-Day Upper/Lower,Start - Day 2 - Lower A,"Sit Up, Kettlebell",0,12,2,1,7,,0,40,lb,15,lb,0,2025-09-07T01:31:10.909Z,Rectus Abdominis,"Iliopsoas,Obliques,Quadriceps,Sartorius,Tensor Fasciae Latae",
2025-09-05T01:09:37.622Z,RP Hypertrophy v4 Template: 4-Day Upper/Lower,Start - Day 1 - Upper A,Bench Press,1,10,10,0,,,0,70,lb,45,lb,0,2025-09-06T00:17:41.304Z,Pectoralis Major Sternal Head,"Deltoid Anterior,Pectoralis Major Clavicular Head,Triceps Brachii",4/10 on the left rack
2025-09-05T01:09:37.622Z,RP Hypertrophy v4 Template: 4-Day Upper/Lower,Start - Day 1 - Upper A,Bench Press,1,6,6,0,,,0,100,lb,100,lb,0,2025-09-06T00:17:45.056Z,Pectoralis Major Sternal Head,"Deltoid Anterior,Pectoralis Major Clavicular Head,Triceps Brachii",4/10 on the left rack
2025-09-05T01:09:37.622Z,RP Hypertrophy v4 Template: 4-Day Upper/Lower,Start - Day 1 - Upper A,Bench Press,1,2,2,0,,,0,140,lb,135,lb,0,2025-09-06T00:19:11.928Z,Pectoralis Major Sternal Head,"Deltoid Anterior,Pectoralis Major Clavicular Head,Triceps Brachii",4/10 on the left rack
2025-09-05T01:09:37.622Z,RP Hypertrophy v4 Template: 4-Day Upper/Lower,Start - Day 1 - Upper A,Bench Press,0,10,5,1,7,,0,135,lb,140,lb,0,2025-09-06T00:21:50.833Z,Pectoralis Major Sternal Head,"Deltoid Anterior,Pectoralis Major Clavicular Head,Triceps Brachii",4/10 on the left rack
2025-09-05T01:09:37.622Z,RP Hypertrophy v4 Template: 4-Day Upper/Lower,Start - Day 1 - Upper A,Bench Press,0,5,6,1,7,,0,135,lb,140,lb,0,2025-09-06T00:28:26.748Z,Pectoralis Major Sternal Head,"Deltoid Anterior,Pectoralis Major Clavicular Head,Triceps Brachii",4/10 on the left rack
2025-09-05T01:09:37.622Z,RP Hypertrophy v4 Template: 4-Day Upper/Lower,Start - Day 1 - Upper A,Incline Chest Fly,1,5,5,0,,,0,17.5,lb,15,lb,0,2025-09-06T00:31:42.598Z,Pectoralis Major Clavicular Head,"Biceps Brachii,Deltoid Anterior,Pectoralis Major Sternal Head",
2025-09-05T01:09:37.622Z,RP Hypertrophy v4 Template: 4-Day Upper/Lower,Start - Day 1 - Upper A,Incline Chest Fly,0,15,6,1,7,,0,25,lb,25,lb,0,2025-09-06T00:36:48.177Z,Pectoralis Major Clavicular Head,"Biceps Brachii,Deltoid Anterior,Pectoralis Major Sternal Head",
2025-09-05T01:09:37.622Z,RP Hypertrophy v4 Template: 4-Day Upper/Lower,Start - Day 1 - Upper A,"Triceps Extension, Cable",1,5,5,0,,,0,20,lb,17.5,lb,0,2025-09-06T00:38:02.454Z,Triceps Brachii,,
2025-09-05T01:09:37.622Z,RP Hypertrophy v4 Template: 4-Day Upper/Lower,Start - Day 1 - Upper A,"Triceps Extension, Cable",0,15,15,1,7,,0,30,lb,35,lb,0,2025-09-06T01:15:19.947Z,Triceps Brachii,,
2025-09-05T01:09:37.622Z,RP Hypertrophy v4 Template: 4-Day Upper/Lower,Start - Day 1 - Upper A,"Triceps Extension, Cable",0,15,13,1,7,,0,35,lb,35,lb,0,2025-09-06T01:17:49.563Z,Triceps Brachii,,
2025-09-05T01:09:37.622Z,RP Hypertrophy v4 Template: 4-Day Upper/Lower,Start - Day 1 - Upper A,"Seated Row, Leverage Machine",1,5,5,0,,,0,65,lb,65,lb,0,2025-09-06T01:18:32.639Z,"Latissimus Dorsi,Trapezius Lower Fibers,Trapezius Middle Fibers","Brachialis,Brachioradialis,Deltoid Posterior,Erector Spinae,Infraspinatus,Pectoralis Major Sternal Head,Teres Major,Teres Minor",
2025-09-05T01:09:37.622Z,RP Hypertrophy v4 Template: 4-Day Upper/Lower,Start - Day 1 - Upper A,"Seated Row, Leverage Machine",1,3,3,0,,,0,85,lb,85,lb,0,2025-09-06T01:18:50.647Z,"Latissimus Dorsi,Trapezius Lower Fibers,Trapezius Middle Fibers","Brachialis,Brachioradialis,Deltoid Posterior,Erector Spinae,Infraspinatus,Pectoralis Major Sternal Head,Teres Major,Teres Minor",
2025-09-05T01:09:37.622Z,RP Hypertrophy v4 Template: 4-Day Upper/Lower,Start - Day 1 - Upper A,"Seated Row, Leverage Machine",0,15,12,1,7,,0,100,lb,120,lb,0,2025-09-06T01:20:59.143Z,"Latissimus Dorsi,Trapezius Lower Fibers,Trapezius Middle Fibers","Brachialis,Brachioradialis,Deltoid Posterior,Erector Spinae,Infraspinatus,Pectoralis Major Sternal Head,Teres Major,Teres Minor",
2025-09-05T01:09:37.622Z,RP Hypertrophy v4 Template: 4-Day Upper/Lower,Start - Day 1 - Upper A,Chin Up,1,5,1,0,,,0,75,lb,0,lb,0,2025-09-06T01:22:20.542Z,Latissimus Dorsi,"Brachialis,Brachioradialis,Deltoid Posterior,Levator Scapulae,Pectoralis Major Sternal Head,Teres Major,Trapezius Lower Fibers,Trapezius Middle Fibers",
2025-09-05T01:09:37.622Z,RP Hypertrophy v4 Template: 4-Day Upper/Lower,Start - Day 1 - Upper A,Chin Up,0,30,3,0,7,,0,100,lb,0,lb,0,2025-09-06T01:24:04.337Z,Latissimus Dorsi,"Brachialis,Brachioradialis,Deltoid Posterior,Levator Scapulae,Pectoralis Major Sternal Head,Teres Major,Trapezius Lower Fibers,Trapezius Middle Fibers",
2025-09-05T01:09:37.622Z,RP Hypertrophy v4 Template: 4-Day Upper/Lower,Start - Day 1 - Upper A,Chin Up,0,30,3,0,7,,0,100,lb,0,lb,0,2025-09-06T01:26:07.533Z,Latissimus Dorsi,"Brachialis,Brachioradialis,Deltoid Posterior,Levator Scapulae,Pectoralis Major Sternal Head,Teres Major,Trapezius Lower Fibers,Trapezius Middle Fibers",
2025-09-05T01:09:37.622Z,RP Hypertrophy v4 Template: 4-Day Upper/Lower,Start - Day 1 - Upper A,"Bicep Curl, Cable",0,20,6,1,7,,0,25,lb,17.5,lb,0,2025-09-06T01:28:50.932Z,Biceps Brachii,"Brachialis,Brachioradialis",
2025-09-05T01:09:37.622Z,RP Hypertrophy v4 Template: 4-Day Upper/Lower,Start - Day 1 - Upper A,"Bicep Curl, Cable",0,5,6,1,7,,0,25,lb,17.5,lb,0,2025-09-06T01:31:32.636Z,Biceps Brachii,"Brachialis,Brachioradialis",